"cardId","shortLink","cardName","list","closed","source","url","domain"
"677a6772a3633e0b9dc62a73","YTbUpXyP","Карта проекта для YouDate","Информация","False","text","https://docs.google.com/spreadsheets/d/1y8Gt8u1a_UAHdkr2XMJXSFGhlbJLMgsN9BBlySkhZMQ/edit?usp=sharing","docs.google.com"
"677a6785665bb7dfb6db6800","2YF1MPkU","Карта проекта для Содержанок","Информация","False","text","https://docs.google.com/spreadsheets/d/1A5iurwmGnRXM03oc25xw-XJBdy-UjPiLQVb7OueFIEI/edit?usp=sharing","docs.google.com"
"679a5f1fe7af40cca84e5d0c","lFuqVm1g","Регистрация на сайте rabota.ua","Информация","False","text","https://robota.ua","robota.ua"
"677a67db7f77cd9b87d3bcc8","ndCJvPF7","Дизайнеры","Информация","False","text","https://freelancehunt.com/freelancer/gormar2110.html","freelancehunt.com"
"677a67db7f77cd9b87d3bcc8","ndCJvPF7","Дизайнеры","Информация","False","text","https://freelancehunt.com/freelancer/Saiko_.html","freelancehunt.com"
"677a67db7f77cd9b87d3bcc8","ndCJvPF7","Дизайнеры","Информация","False","text","https://freelancehunt.com/freelancer/k_mmria768.html","freelancehunt.com"
"677a67db7f77cd9b87d3bcc8","ndCJvPF7","Дизайнеры","Информация","False","text","https://freelancehunt.com/freelancer/vladimirkucher.html","freelancehunt.com"
"677a67db7f77cd9b87d3bcc8","ndCJvPF7","Дизайнеры","Информация","False","text","https://freelancehunt.com/freelancer/Vladimir_Kravchernko.html","freelancehunt.com"
"677a67db7f77cd9b87d3bcc8","ndCJvPF7","Дизайнеры","Информация","False","text","https://freelancehunt.com/freelancer/alevtyna_rudenko.html","freelancehunt.com"
"677a67db7f77cd9b87d3bcc8","ndCJvPF7","Дизайнеры","Информация","False","text","https://freelancehunt.com/freelancer/ImranM.html","freelancehunt.com"
"677a67db7f77cd9b87d3bcc8","ndCJvPF7","Дизайнеры","Информация","False","text","https://prnt.sc/7TMeAL90pkfd","prnt.sc"
"677a67db7f77cd9b87d3bcc8","ndCJvPF7","Дизайнеры","Информация","False","text","https://trello.com/1/cards/677a67db7f77cd9b87d3bcc8/attachments/67c4ac1f43350cb83d469b4f/download/Desktop_-_2_(4","trello.com"
"69ba81e9a140b70292f4c51a","6tuZ8sB5","Карта чатов NEbula / Casual","Информация","False","text","https://docs.google.com/spreadsheets/d/1c6pd-EF_KP3UVB5xkP9P4uSVkRDEqILr/edit?usp=sharing&ouid=112752333312614828791&rtpof=true&sd=true","docs.google.com"
"681875a6b499cba4a8d980d8","MSZQtXaS","Политика / terms","Информация","True","text","http://reg.nr/","reg.nr"
"681875a6b499cba4a8d980d8","MSZQtXaS","Политика / terms","Информация","True","text","http://nataliedate.com/","nataliedate.com"
"681875a6b499cba4a8d980d8","MSZQtXaS","Политика / terms","Информация","True","text","https://nataliedate.com/","nataliedate.com"
"6799ebc0d66e4258389f87e8","GhCqaXXl","Сохранить лендинг по анализам","Архив (Выполнено)","False","text","http://project11542495.tilda.ws/","project11542495.tilda.ws"
"6799ebc0d66e4258389f87e8","GhCqaXXl","Сохранить лендинг по анализам","Архив (Выполнено)","False","attachment","https://trello.com/1/cards/6799ebc0d66e4258389f87e8/attachments/6799ebc6f0e59070b1bbf2fe/download/Blank_page.pdf","trello.com"
"6799ebc0d66e4258389f87e8","GhCqaXXl","Сохранить лендинг по анализам","Архив (Выполнено)","False","attachment","https://trello.com/1/cards/6799ebc0d66e4258389f87e8/attachments/6799ebc78fae1c8a48aa11e1/download/Blank_page.htm","trello.com"
"6799ebc0d66e4258389f87e8","GhCqaXXl","Сохранить лендинг по анализам","Архив (Выполнено)","False","attachment","https://trello.com/1/cards/6799ebc0d66e4258389f87e8/attachments/6799ebc999d5ae076a3ffbfd/download/Blank_page.mhtml","trello.com"
"6799ebc0d66e4258389f87e8","GhCqaXXl","Сохранить лендинг по анализам","Архив (Выполнено)","False","attachment","https://trello.com/1/cards/6799ebc0d66e4258389f87e8/attachments/67adac3f71130a4027e8650d/download/Downloaded_Web_Sites.zip","trello.com"
"6756f9b7b69ef26b73739c66","T1FgBdRQ","Таблица сравнения сайтов","Архив (Выполнено)","False","text","https://docs.google.com/spreadsheets/d/1ZFIPIBptCEvh1TQdk4iqHWT_x1scM501TF89ZFRu0AE/edit?gid=0#gid=0","docs.google.com"
"66f2b3eed3313f5201c31280","ANoE9iaC","Оценка функционала сайта RH / Содержанки","Архив (Выполнено)","False","attachment","https://trello.com/1/cards/66f2b3eed3313f5201c31280/attachments/66f2b67f557843692e4b8f9d/download/%D0%9E%D1%86%D0%B5%D0%BD%D0%BA%D0%B0_%D1%84%D1%83%D0%BD%D0%BA%D1%86%D0%B8%D0%BE%D0%BD%D0%B0%D0%BB%D0%B0_%D1%81%D0%B0%D0%B9%D1%82%D0%B0.docx","trello.com"
"67067752078e9fcc1ce32792","8niXIR9M","Найти верстальшика на RH, Сод, (3 шт)","Архив (Выполнено)","False","text","https://freelancehunt.com/freelancer/Mishael_Bykov.html","freelancehunt.com"
"67067752078e9fcc1ce32792","8niXIR9M","Найти верстальшика на RH, Сод, (3 шт)","Архив (Выполнено)","False","text","https://freelancehunt.com/freelancer/Elena2810S.html","freelancehunt.com"
"67067752078e9fcc1ce32792","8niXIR9M","Найти верстальшика на RH, Сод, (3 шт)","Архив (Выполнено)","False","text","https://freelancehunt.com/freelancer/YURIIKYRYCHENKO.html","freelancehunt.com"
"67067752078e9fcc1ce32792","8niXIR9M","Найти верстальшика на RH, Сод, (3 шт)","Архив (Выполнено)","False","text","https://freelancehunt.com/freelancer/sanyok185.html","freelancehunt.com"
"67685e9e88f2f2686ccc945b","ePulr9EY","Подготовить примеры анализов","Архив (Выполнено)","False","attachment","https://trello.com/1/cards/67685e9e88f2f2686ccc945b/attachments/67685eb00e3d409e731c8233/download/%D0%90%D0%BD%D0%B0%D0%BB%D0%B8%D0%B7_%D0%B8_%D1%80%D0%B5%D0%BA%D0%BE%D0%BC%D0%B5%D0%BD%D0%B4%D0%B0%D1%86%D0%B8%D0%B8_%D1%81_%D0%BB%D0%B5%D1%87%D0%B5%D0%BD%D0%B8%D0%B5%D0%BC_analysis-med.ru.docx","trello.com"
"67685e9e88f2f2686ccc945b","ePulr9EY","Подготовить примеры анализов","Архив (Выполнено)","False","attachment","https://trello.com/1/cards/67685e9e88f2f2686ccc945b/attachments/67685eb14b38981bcc4bc9b4/download/%D0%90%D0%BD%D0%B0%D0%BB%D0%B8%D0%B7_%D0%B8_%D1%80%D0%B5%D0%BA%D0%BE%D0%BC%D0%B5%D0%BD%D0%B4%D0%B0%D1%86%D0%B8%D0%B8_%D1%81_%D0%BB%D0%B5%D1%87%D0%B5%D0%BD%D0%B8%D0%B5%D0%BC_analysis-med.ru-2.docx","trello.com"
"67685e9e88f2f2686ccc945b","ePulr9EY","Подготовить примеры анализов","Архив (Выполнено)","False","attachment","https://trello.com/1/cards/67685e9e88f2f2686ccc945b/attachments/67685eb2b2f0988d85094ea1/download/%D0%90%D0%BD%D0%B0%D0%BB%D0%B8%D0%B7_%D0%B8_%D1%80%D0%B5%D0%BA%D0%BE%D0%BC%D0%B5%D0%BD%D0%B4%D0%B0%D1%86%D0%B8%D0%B8_%D1%81_%D0%BB%D0%B5%D1%87%D0%B5%D0%BD%D0%B8%D0%B5%D0%BC_analysis-med.ru-4.docx","trello.com"
"67685e9e88f2f2686ccc945b","ePulr9EY","Подготовить примеры анализов","Архив (Выполнено)","False","attachment","https://trello.com/1/cards/67685e9e88f2f2686ccc945b/attachments/67685eb23c5729316c1de0db/download/%D0%90%D0%BD%D0%B0%D0%BB%D0%B8%D0%B7_%D0%B8_%D1%80%D0%B5%D0%BA%D0%BE%D0%BC%D0%B5%D0%BD%D0%B4%D0%B0%D1%86%D0%B8%D0%B8_%D1%81_%D0%BB%D0%B5%D1%87%D0%B5%D0%BD%D0%B8%D0%B5%D0%BC_analysis-med.ru-3.docx","trello.com"
"6744798adc66b3e08d297744","xGDQhKrO","Примеры чат-ботов - Дайвинчик","Архив (Выполнено)","False","attachment","https://trello.com/1/cards/6744798adc66b3e08d297744/attachments/67448f6e1e01dd68c06c81d9/download/Screenshot_1.png","trello.com"
"6744798adc66b3e08d297744","xGDQhKrO","Примеры чат-ботов - Дайвинчик","Архив (Выполнено)","False","attachment","https://trello.com/1/cards/6744798adc66b3e08d297744/attachments/67448f70a69d8b38cfc10bd7/download/Screenshot_2.png","trello.com"
"6744798adc66b3e08d297744","xGDQhKrO","Примеры чат-ботов - Дайвинчик","Архив (Выполнено)","False","attachment","https://trello.com/1/cards/6744798adc66b3e08d297744/attachments/67448f723c08b21569f5662e/download/Screenshot_3.png","trello.com"
"6744798adc66b3e08d297744","xGDQhKrO","Примеры чат-ботов - Дайвинчик","Архив (Выполнено)","False","attachment","https://trello.com/1/cards/6744798adc66b3e08d297744/attachments/67448f746f317b308d725fe1/download/Screenshot_4.png","trello.com"
"6744798adc66b3e08d297744","xGDQhKrO","Примеры чат-ботов - Дайвинчик","Архив (Выполнено)","False","attachment","https://trello.com/1/cards/6744798adc66b3e08d297744/attachments/67448f76c5c99a3c3fc6f6d7/download/Screenshot_5.png","trello.com"
"6744798adc66b3e08d297744","xGDQhKrO","Примеры чат-ботов - Дайвинчик","Архив (Выполнено)","False","attachment","https://trello.com/1/cards/6744798adc66b3e08d297744/attachments/67448f78f977add177f6645d/download/Screenshot_6.png","trello.com"
"6744798adc66b3e08d297744","xGDQhKrO","Примеры чат-ботов - Дайвинчик","Архив (Выполнено)","False","attachment","https://trello.com/1/cards/6744798adc66b3e08d297744/attachments/67448f794fa4a647a06f8953/download/Screenshot_8.png","trello.com"
"6744798adc66b3e08d297744","xGDQhKrO","Примеры чат-ботов - Дайвинчик","Архив (Выполнено)","False","attachment","https://trello.com/1/cards/6744798adc66b3e08d297744/attachments/67448f7b079614e7aee80aeb/download/Screenshot_9.png","trello.com"
"6744798adc66b3e08d297744","xGDQhKrO","Примеры чат-ботов - Дайвинчик","Архив (Выполнено)","False","attachment","https://trello.com/1/cards/6744798adc66b3e08d297744/attachments/67448f7d177ab315b4a9374e/download/Screenshot_10.png","trello.com"
"6744798adc66b3e08d297744","xGDQhKrO","Примеры чат-ботов - Дайвинчик","Архив (Выполнено)","False","attachment","https://trello.com/1/cards/6744798adc66b3e08d297744/attachments/67448f7f72388feb2a70d87e/download/Screenshot_11.png","trello.com"
"6744798adc66b3e08d297744","xGDQhKrO","Примеры чат-ботов - Дайвинчик","Архив (Выполнено)","False","attachment","https://trello.com/1/cards/6744798adc66b3e08d297744/attachments/67448f82c9c9707fd7cd9c57/download/Screenshot_12.png","trello.com"
"6744798adc66b3e08d297744","xGDQhKrO","Примеры чат-ботов - Дайвинчик","Архив (Выполнено)","False","attachment","https://trello.com/1/cards/6744798adc66b3e08d297744/attachments/67448f8375fbb84d1a8db74e/download/Screenshot_13.png","trello.com"
"6744798adc66b3e08d297744","xGDQhKrO","Примеры чат-ботов - Дайвинчик","Архив (Выполнено)","False","attachment","https://trello.com/1/cards/6744798adc66b3e08d297744/attachments/67448f85fbb00d565c23dee5/download/Screenshot_15.png","trello.com"
"6744798adc66b3e08d297744","xGDQhKrO","Примеры чат-ботов - Дайвинчик","Архив (Выполнено)","False","attachment","https://trello.com/1/cards/6744798adc66b3e08d297744/attachments/67448f87afef5851f6648590/download/Screenshot_16.png","trello.com"
"6744798adc66b3e08d297744","xGDQhKrO","Примеры чат-ботов - Дайвинчик","Архив (Выполнено)","False","attachment","https://trello.com/1/cards/6744798adc66b3e08d297744/attachments/67448f89f9b230ea9edb7539/download/Screenshot_17.png","trello.com"
"6744798adc66b3e08d297744","xGDQhKrO","Примеры чат-ботов - Дайвинчик","Архив (Выполнено)","False","attachment","https://trello.com/1/cards/6744798adc66b3e08d297744/attachments/67448f8bdd38338fca0d2eb0/download/Screenshot_18.png","trello.com"
"6744798adc66b3e08d297744","xGDQhKrO","Примеры чат-ботов - Дайвинчик","Архив (Выполнено)","False","attachment","https://trello.com/1/cards/6744798adc66b3e08d297744/attachments/67448f8ec72b61825f3e44a4/download/Screenshot_19.png","trello.com"
"6744798adc66b3e08d297744","xGDQhKrO","Примеры чат-ботов - Дайвинчик","Архив (Выполнено)","False","attachment","https://trello.com/1/cards/6744798adc66b3e08d297744/attachments/67448f901efcacbccceb2a9b/download/Screenshot_20.png","trello.com"
"670677a3b211430c1151b2d1","PXhFYUGF","ТЗ по сайду содержанок (для обсуждения и корректировок)","Архив (Выполнено)","False","text","https://demo.templatemonster.com/ru/demo/466865.html","demo.templatemonster.com"
"670677a3b211430c1151b2d1","PXhFYUGF","ТЗ по сайду содержанок (для обсуждения и корректировок)","Архив (Выполнено)","False","text","https://seeko.seventhqueen.com/dating/","seeko.seventhqueen.com"
"670677a3b211430c1151b2d1","PXhFYUGF","ТЗ по сайду содержанок (для обсуждения и корректировок)","Архив (Выполнено)","False","text","https://demos.codexcoder.com/themeforest/html/ollya/index-2.html","demos.codexcoder.com"
"670677a3b211430c1151b2d1","PXhFYUGF","ТЗ по сайду содержанок (для обсуждения и корректировок)","Архив (Выполнено)","False","text","https://dating.gwangi-theme.com/","dating.gwangi-theme.com"
"670677a3b211430c1151b2d1","PXhFYUGF","ТЗ по сайду содержанок (для обсуждения и корректировок)","Архив (Выполнено)","False","text","https://pixner.net/peyamba/peyamba/index2.html","pixner.net"
"670677a3b211430c1151b2d1","PXhFYUGF","ТЗ по сайду содержанок (для обсуждения и корректировок)","Архив (Выполнено)","False","attachment","https://trello.com/1/cards/670677a3b211430c1151b2d1/attachments/67336c1e53d4d37d007ea397/download/%D0%9E%D1%86%D0%B5%D0%BD%D0%BA%D0%B0_%D1%84%D1%83%D0%BD%D0%BA%D1%86%D0%B8%D0%BE%D0%BD%D0%B0%D0%BB%D0%B0_%D1%81%D0%B0%D0%B9%D1%82%D0%B0.docx","trello.com"
"670677a3b211430c1151b2d1","PXhFYUGF","ТЗ по сайду содержанок (для обсуждения и корректировок)","Архив (Выполнено)","False","attachment","https://trello.com/1/cards/670677a3b211430c1151b2d1/attachments/673b1c6bad900568cf6bfe1e/download/%D0%94%D1%80%D0%B0%D1%84%D1%82_%D1%81%D0%BE%D0%B4%D0%B5%D1%80%D0%B6%D0%B0%D0%BD%D0%BA%D0%B8.docx","trello.com"
"67448fcba9ca1218edfe13cd","6jtQYeGI","Примеры чат-ботов - XO","Архив (Выполнено)","False","attachment","https://trello.com/1/cards/67448fcba9ca1218edfe13cd/attachments/67448fd65662115320a47836/download/Screenshot_1.png","trello.com"
"67448fcba9ca1218edfe13cd","6jtQYeGI","Примеры чат-ботов - XO","Архив (Выполнено)","False","attachment","https://trello.com/1/cards/67448fcba9ca1218edfe13cd/attachments/67448fd807206ed4b621f256/download/Screenshot_2.png","trello.com"
"67448fcba9ca1218edfe13cd","6jtQYeGI","Примеры чат-ботов - XO","Архив (Выполнено)","False","attachment","https://trello.com/1/cards/67448fcba9ca1218edfe13cd/attachments/67448fd950339aa08910b25b/download/Screenshot_3.png","trello.com"
"67448fcba9ca1218edfe13cd","6jtQYeGI","Примеры чат-ботов - XO","Архив (Выполнено)","False","attachment","https://trello.com/1/cards/67448fcba9ca1218edfe13cd/attachments/67448fdb7421f3772734271d/download/Screenshot_4.png","trello.com"
"67448fcba9ca1218edfe13cd","6jtQYeGI","Примеры чат-ботов - XO","Архив (Выполнено)","False","attachment","https://trello.com/1/cards/67448fcba9ca1218edfe13cd/attachments/67448fdc64619c0d9e1a618a/download/Screenshot_5.png","trello.com"
"67448fcba9ca1218edfe13cd","6jtQYeGI","Примеры чат-ботов - XO","Архив (Выполнено)","False","attachment","https://trello.com/1/cards/67448fcba9ca1218edfe13cd/attachments/67448fde06815f8e4c047b55/download/Screenshot_6.png","trello.com"
"67448fcba9ca1218edfe13cd","6jtQYeGI","Примеры чат-ботов - XO","Архив (Выполнено)","False","attachment","https://trello.com/1/cards/67448fcba9ca1218edfe13cd/attachments/67448fe01dded32aae9373a9/download/Screenshot_7.png","trello.com"
"67448fcba9ca1218edfe13cd","6jtQYeGI","Примеры чат-ботов - XO","Архив (Выполнено)","False","attachment","https://trello.com/1/cards/67448fcba9ca1218edfe13cd/attachments/67448fe2d79b390bf17bf69d/download/Screenshot_8.png","trello.com"
"67448fcba9ca1218edfe13cd","6jtQYeGI","Примеры чат-ботов - XO","Архив (Выполнено)","False","attachment","https://trello.com/1/cards/67448fcba9ca1218edfe13cd/attachments/67448fe4ff52413b2790c292/download/Screenshot_9.png","trello.com"
"67448fcba9ca1218edfe13cd","6jtQYeGI","Примеры чат-ботов - XO","Архив (Выполнено)","False","attachment","https://trello.com/1/cards/67448fcba9ca1218edfe13cd/attachments/67448fe69a84c919731427d4/download/Screenshot_10.png","trello.com"
"67448fcba9ca1218edfe13cd","6jtQYeGI","Примеры чат-ботов - XO","Архив (Выполнено)","False","attachment","https://trello.com/1/cards/67448fcba9ca1218edfe13cd/attachments/67448fe73f0ec2d39bac4679/download/Screenshot_11.png","trello.com"
"67448fcba9ca1218edfe13cd","6jtQYeGI","Примеры чат-ботов - XO","Архив (Выполнено)","False","attachment","https://trello.com/1/cards/67448fcba9ca1218edfe13cd/attachments/67448fea129c1999661c2585/download/Screenshot_12.png","trello.com"
"67448fcba9ca1218edfe13cd","6jtQYeGI","Примеры чат-ботов - XO","Архив (Выполнено)","False","attachment","https://trello.com/1/cards/67448fcba9ca1218edfe13cd/attachments/67448febfed96e4902208f7d/download/Screenshot_13.png","trello.com"
"67448fcba9ca1218edfe13cd","6jtQYeGI","Примеры чат-ботов - XO","Архив (Выполнено)","False","attachment","https://trello.com/1/cards/67448fcba9ca1218edfe13cd/attachments/67448fed25e3e0e39836cbef/download/Screenshot_14.png","trello.com"
"67448fcba9ca1218edfe13cd","6jtQYeGI","Примеры чат-ботов - XO","Архив (Выполнено)","False","attachment","https://trello.com/1/cards/67448fcba9ca1218edfe13cd/attachments/67448fefd79b390bf17c1920/download/Screenshot_15.png","trello.com"
"67448fcba9ca1218edfe13cd","6jtQYeGI","Примеры чат-ботов - XO","Архив (Выполнено)","False","attachment","https://trello.com/1/cards/67448fcba9ca1218edfe13cd/attachments/67448ff1f89d61f01fd68515/download/Screenshot_16.png","trello.com"
"67448fcba9ca1218edfe13cd","6jtQYeGI","Примеры чат-ботов - XO","Архив (Выполнено)","False","attachment","https://trello.com/1/cards/67448fcba9ca1218edfe13cd/attachments/67448ff24c54a231c72f4419/download/Screenshot_17.png","trello.com"
"67448fcba9ca1218edfe13cd","6jtQYeGI","Примеры чат-ботов - XO","Архив (Выполнено)","False","attachment","https://trello.com/1/cards/67448fcba9ca1218edfe13cd/attachments/67448ff41c182bf929be3d1a/download/Screenshot_18.png","trello.com"
"67448fcba9ca1218edfe13cd","6jtQYeGI","Примеры чат-ботов - XO","Архив (Выполнено)","False","attachment","https://trello.com/1/cards/67448fcba9ca1218edfe13cd/attachments/67448ff6cd595307c7f04776/download/Screenshot_21.png","trello.com"
"673f3a25d33b650ae98f442c","eZoNmx3h","Тестовая среда для программиста","Архив (Выполнено)","False","text","https://drive.google.com/file/d/1ABoL4rnVexKrM21LS8OSbywIIfNYatJA/view?usp=drive_link","drive.google.com"
"673f3a25d33b650ae98f442c","eZoNmx3h","Тестовая среда для программиста","Архив (Выполнено)","False","text","https://drive.google.com/file/d/19z-k8CClRabrseJ1z3_3JPZAQZG7lqTl/view?usp=sharing","drive.google.com"
"673f3a25d33b650ae98f442c","eZoNmx3h","Тестовая среда для программиста","Архив (Выполнено)","False","text","https://docs.google.com/document/d/1S2kVqdq_gV8xsmnoWiVNByQiNAHGqPxgIdIvUWO_ex0/edit?tab=t.0","docs.google.com"
"67a081c296aa5bd37430cf08","73h0MgwU","Тестовая среда для прогера на Yii2","Архив (Выполнено)","False","text","https://drive.google.com/file/d/1ABoL4rnVexKrM21LS8OSbywIIfNYatJA/view?usp=drive_link","drive.google.com"
"67a081c296aa5bd37430cf08","73h0MgwU","Тестовая среда для прогера на Yii2","Архив (Выполнено)","False","text","https://docs.google.com/document/d/1SWn6BPcX22qbowfSny295YPza4U0_d3ke_xnhtL2F3A/edit?usp=sharing","docs.google.com"
"67685ff020439673d3658f41","FmvNeaOx","Тестовая среда для прогера по yii2","Архив (Выполнено)","False","text","https://drive.google.com/file/d/1AS65cywsSVxwhy4Lt8-9Ks7YFqnWrEvu/view?usp=drive_link","drive.google.com"
"673b20956f2d607f68f73858","3vV2c2wr","Расшифровка анализов AI","Архив (Выполнено)","False","text","https://docs.google.com/spreadsheets/d/11ETvyj60q4bfQ3DedEB-tSWRKMK19t-uA3f4O0OrqAg/edit?usp=sharing","docs.google.com"
"673b20956f2d607f68f73858","3vV2c2wr","Расшифровка анализов AI","Архив (Выполнено)","False","text","https://docs.google.com/document/d/1QYigXSk4NHY0h0FRFqSvHDpER2RiDBQIJAQV8XicCiA/edit?usp=sharing","docs.google.com"
"673b20956f2d607f68f73858","3vV2c2wr","Расшифровка анализов AI","Архив (Выполнено)","False","text","https://presentsimple.ai/","presentsimple.ai"
"67bec1b672d382e048af03b2","VrcCVwIe","Купить шаблоны сайтов","Архив (Выполнено)","False","text","https://demos.codexcoder.com/themeforest/html/ollya/index.html?me=on&me2=on&country=Bangladesh#","demos.codexcoder.com"
"67bec1b672d382e048af03b2","VrcCVwIe","Купить шаблоны сайтов","Архив (Выполнено)","False","text","https://drive.google.com/file/d/1SbS6OhFBPVO-_1vQxgKw6-YT7nCtcc3X/view?usp=sharing","drive.google.com"
"6799e6072ec3ce5f7f3026dd","MhIzJjxS","Отрисовать недостающие страницы для H","Архив (Выполнено)","False","text","https://www.figma.com/design/0bHuDBrirrsNg6ryxSPOgy/OLLYA?node-id=0-1&p=f&t=LTwNaxt2sqMvNe0R-0","www.figma.com"
"6799e6072ec3ce5f7f3026dd","MhIzJjxS","Отрисовать недостающие страницы для H","Архив (Выполнено)","False","attachment","https://trello.com/c/J9hGbu0m/58-%D1%82%D0%B7-%D0%B4%D0%BB%D1%8F-%D0%B4%D0%BE%D1%80%D0%B0%D0%B1%D0%BE%D1%82%D0%BE%D0%BA-%D1%88%D0%B0%D0%B1%D0%BB%D0%BE%D0%BD%D0%B0-h","trello.com"
"670e62224052802a487bc11c","uLKDQRWY","Найти программиста для Бота","Архив (Выполнено)","False","text","https://freelancehunt.com/freelancer/olmax04.html","freelancehunt.com"
"670e62224052802a487bc11c","uLKDQRWY","Найти программиста для Бота","Архив (Выполнено)","False","text","https://freelancehunt.com/freelancer/AlexStinky.html","freelancehunt.com"
"670e62224052802a487bc11c","uLKDQRWY","Найти программиста для Бота","Архив (Выполнено)","False","text","https://t.me/DoggySanRewardBot","t.me"
"670e62224052802a487bc11c","uLKDQRWY","Найти программиста для Бота","Архив (Выполнено)","False","text","https://freelancehunt.com/freelancer/yuriiskylex.html","freelancehunt.com"
"670e62224052802a487bc11c","uLKDQRWY","Найти программиста для Бота","Архив (Выполнено)","False","attachment","https://trello.com/1/cards/670e62224052802a487bc11c/attachments/673e0d8b6ff8edadf36917d5/download/%D0%93%D0%B0%D0%B9%D0%B4_%D0%BF%D0%BE_Zodier.pdf","trello.com"
"670e62224052802a487bc11c","uLKDQRWY","Найти программиста для Бота","Архив (Выполнено)","False","attachment","https://trello.com/1/cards/670e62224052802a487bc11c/attachments/673b1cae29d8987f510543f0/download/%D0%94%D1%80%D0%B0%D1%84%D1%82_%D0%A2%D0%97_%D1%87%D0%B0%D1%82-%D0%B1%D0%BE%D1%82%D1%83_RH.docx","trello.com"
"670e62224052802a487bc11c","uLKDQRWY","Найти программиста для Бота","Архив (Выполнено)","False","attachment","https://trello.com/1/cards/670e62224052802a487bc11c/attachments/673b63a2aa1100c9395669dd/download/%D0%94%D1%80%D0%B0%D1%84%D1%82_%D1%82%D0%B3-%D0%B1%D0%BE%D1%82_RH_%D0%B4%D0%BB%D1%8F_%D0%BF%D0%B0%D1%80%D1%82%D0%BD%D0%B5%D1%80%D0%BE%D0%B2.docx","trello.com"
"673cb7174c261070345a28f1","sQE044pT","Прототип чат-бота","Архив (Выполнено)","False","attachment","https://trello.com/1/cards/673cb7174c261070345a28f1/attachments/67ed1a1f0117c828e9788a66/download/%D0%9F%D1%80%D0%BE%D1%82%D0%BE%D1%82%D0%B8%D0%BF_%D1%87%D0%B0%D1%82-%D0%B1%D0%BE%D1%82%D0%B0_H_%E2%80%94_%D0%BF%D0%BE%D0%BB%D0%BD%D1%8B%D0%B9_%D1%84%D1%83%D0%BD%D0%BA%D1%86%D0%B8%D0%BE%D0%BD%D0%B0%D0%BB.xlsx","trello.com"
"673cb7174c261070345a28f1","sQE044pT","Прототип чат-бота","Архив (Выполнено)","False","text","https://docs.google.com/document/d/1CxyoOIOnXU1dAHMsl8Eqf9GjARRyZBmTzSWXoDLzQQg/edit?usp=sharing","docs.google.com"
"673cb7174c261070345a28f1","sQE044pT","Прототип чат-бота","Архив (Выполнено)","False","text","https://login.sendpulse.com/messengers/bots/telegram/673de0b02805ad38e90f1100/triggers/0/chains/673e1910c85cf778160ba9f9/","login.sendpulse.com"
"673cb7174c261070345a28f1","sQE044pT","Прототип чат-бота","Архив (Выполнено)","False","text","https://t.me/RussianHugs11_bot","t.me"
"67bebd560834e8f39d7eb7e5","T5o0gWEu","Небула. Подготовительный этап","Архив (Выполнено)","False","text","https://docs.google.com/spreadsheets/d/1bT41K4o6ttgIIiYYLw5PeFDxUdgDIKHyDy5BD-raiDs/edit?usp=sharing","docs.google.com"
"67bebd560834e8f39d7eb7e5","T5o0gWEu","Небула. Подготовительный этап","Архив (Выполнено)","False","text","http://Astrology.com","astrology.com"
"67bebd560834e8f39d7eb7e5","T5o0gWEu","Небула. Подготовительный этап","Архив (Выполнено)","False","text","https://docs.google.com/spreadsheets/d/12AU3WWm3TA7nGj2xW9i0ZqbiWB41-G8P2R9dO9L0mI0/edit?usp=sharing","docs.google.com"
"67bebd560834e8f39d7eb7e5","T5o0gWEu","Небула. Подготовительный этап","Архив (Выполнено)","False","text","https://docs.google.com/document/d/1EnF0eejr3qyLarNPTTXxpTCA62a_IpSshjyu8WYfcZo/edit?usp=sharing","docs.google.com"
"67bebd560834e8f39d7eb7e5","T5o0gWEu","Небула. Подготовительный этап","Архив (Выполнено)","False","text","https://docs.google.com/spreadsheets/d/1PPITm-60_8eC8ro2YwjIheGuQwInGwIAb1ZxQ-r7GvQ/edit?usp=sharing","docs.google.com"
"67ed1addbbbde499fadc61b7","SbEOcTaR","Работа с дизайнером по страницам H","Архив (Выполнено)","False","text","https://docs.google.com/document/d/1kf-o471zgd4WTYmoOq8oJCg7onrksP8C8jLTo27iFJM/edit?usp=sharing","docs.google.com"
"67ed1addbbbde499fadc61b7","SbEOcTaR","Работа с дизайнером по страницам H","Архив (Выполнено)","False","attachment","https://trello.com/1/cards/67ed1addbbbde499fadc61b7/attachments/68132a5eb84113c9e7d6b4dc/download/image.png","trello.com"
"67ed1addbbbde499fadc61b7","SbEOcTaR","Работа с дизайнером по страницам H","Архив (Выполнено)","False","text","https://www.figma.com/design/0bHuDBrirrsNg6ryxSPOgy/OLLYA?node-id=0-1&p=f&t=ANyjcnvgXV4vW1XY-0","www.figma.com"
"67ed1addbbbde499fadc61b7","SbEOcTaR","Работа с дизайнером по страницам H","Архив (Выполнено)","False","text","https://drive.usercontent.google.com/download?id=1XC4QUmVWHwnoRlabBJ1SYwpMYverRGxo&export=download&authuser=0","drive.usercontent.google.com"
"67ed1addbbbde499fadc61b7","SbEOcTaR","Работа с дизайнером по страницам H","Архив (Выполнено)","False","attachment","https://trello.com/1/cards/67ed1addbbbde499fadc61b7/attachments/681329b542991cc22ade50a8/download/image.png","trello.com"
"67c5c216ac19053ec08e972e","tjpYVtrk","Описать главную страницу для S","Архив (Выполнено)","False","text","https://docs.google.com/document/d/1qFcgipDdoiR9OvTaI05FmH3cLvyEXr4EnRs6HGMG0tw/edit?tab=t.0#heading=h.jhnjxknqeno","docs.google.com"
"67c5c216ac19053ec08e972e","tjpYVtrk","Описать главную страницу для S","Архив (Выполнено)","False","attachment","https://trello.com/1/cards/67c5c216ac19053ec08e972e/attachments/67eb684a2efc8ab157aa9080/download/image.png","trello.com"
"67ed1b80f308073a46d36db6","ScHSOeqV","Описание необходимого функционала для аналога Nebula","Архив (Выполнено)","False","text","https://docs.google.com/spreadsheets/d/1my4Go6lw926mPI0x1CrCAxlgYViawsBPTxqQ3T20bqQ/edit?usp=sharing","docs.google.com"
"67ed1b80f308073a46d36db6","ScHSOeqV","Описание необходимого функционала для аналога Nebula","Архив (Выполнено)","False","text","https://docs.google.com/document/d/1kxpfx89ZVkn5LVQsgxYzWD9Ovkz1HlcU8Tc72WJp6Kg/edit?usp=sharing","docs.google.com"
"67ed1b80f308073a46d36db6","ScHSOeqV","Описание необходимого функционала для аналога Nebula","Архив (Выполнено)","False","text","https://docs.google.com/document/d/1VU380jl8SVhySYBRwzDJZhhVCjU5SV2NxpXqzcyuT6w/edit?usp=sharing","docs.google.com"
"67ed1b657809b84eaa61a353","rqQ7rxIP","Выбрать одну из 3-х страниц шаблона","Архив (Выполнено)","False","text","https://demo.templatemonster.com/ru/demo/389106.html","demo.templatemonster.com"
"67ed1b657809b84eaa61a353","rqQ7rxIP","Выбрать одну из 3-х страниц шаблона","Архив (Выполнено)","False","text","https://prnt.sc/cC21XVUbPq8l","prnt.sc"
"67ed1b657809b84eaa61a353","rqQ7rxIP","Выбрать одну из 3-х страниц шаблона","Архив (Выполнено)","False","text","https://prnt.sc/MN7UoK3buEkM","prnt.sc"
"67ed1b657809b84eaa61a353","rqQ7rxIP","Выбрать одну из 3-х страниц шаблона","Архив (Выполнено)","False","text","https://prnt.sc/_JfVS7aSyYtm","prnt.sc"
"67ed1bdd5a516ef8a40787cf","1jG8Hv4M","Платная консультация по эзотерике (как клиент)","Архив (Выполнено)","False","text","https://www.kasamba.com/","www.kasamba.com"
"67ed1bdd5a516ef8a40787cf","1jG8Hv4M","Платная консультация по эзотерике (как клиент)","Архив (Выполнено)","False","text","https://www.purplegarden.co/","www.purplegarden.co"
"67ed1bdd5a516ef8a40787cf","1jG8Hv4M","Платная консультация по эзотерике (как клиент)","Архив (Выполнено)","False","text","https://asknebula.com/","asknebula.com"
"67ed1bdd5a516ef8a40787cf","1jG8Hv4M","Платная консультация по эзотерике (как клиент)","Архив (Выполнено)","False","text","https://drive.google.com/drive/folders/1n10IbWQ_FL3WO5txJ4fwwE0MVW5Abirk?usp=sharing","drive.google.com"
"67ed1bdd5a516ef8a40787cf","1jG8Hv4M","Платная консультация по эзотерике (как клиент)","Архив (Выполнено)","False","text","https://drive.google.com/drive/folders/1tJlZNHBfLILszKGbxkACl1xwFHmEZtSd?usp=sharing","drive.google.com"
"67ed1bdd5a516ef8a40787cf","1jG8Hv4M","Платная консультация по эзотерике (как клиент)","Архив (Выполнено)","False","text","https://trello.com/1/cards/67ed1bdd5a516ef8a40787cf/attachments/6818ba0a07cd7052a1b38dfa/download/image_2025-04-11_19-34-09_(1","trello.com"
"67ed1bdd5a516ef8a40787cf","1jG8Hv4M","Платная консультация по эзотерике (как клиент)","Архив (Выполнено)","False","attachment","https://trello.com/1/cards/67ed1bdd5a516ef8a40787cf/attachments/6818ba0ee9e310298095c464/download/image_2025-04-11_19-34-25.png","trello.com"
"682f26062b01d48c6c087398","SlTHhSJp","ТЗ для премиум функций (из реестра задач)","Архив (Выполнено)","False","text","https://docs.google.com/document/d/1appXvKwHWoogd2ZavEgrTe9tJDoso4o4C6O8QXxzkJg/edit?tab=t.0#heading=h.4j2t6kfocr99","docs.google.com"
"67ed1ba362273e91b81d6777","Z3gdn6rU","Адаптация обучающего материала от Nebula","Архив (Выполнено)","False","attachment","https://trello.com/1/cards/67ed1ba362273e91b81d6777/attachments/68380bbfa1d79ebe872c0c23/download/%D0%9D%D0%B0%D1%82%D0%B0%D0%BB%D1%8C%D0%BD%D0%B0%D1%8F_%D0%BA%D0%B0%D1%80%D1%82%D0%B0_%D0%90%D1%81%D1%82%D1%80%D0%BE%D0%BB%D0%BE%D0%B3%D0%B8%D1%8F_%D0%A3%D1%80%D0%BE%D0%BA_6_.zip","trello.com"
"67ed1ba362273e91b81d6777","Z3gdn6rU","Адаптация обучающего материала от Nebula","Архив (Выполнено)","False","text","https://docs.google.com/presentation/d/1rshaY5Tq0GJtaYBPC4lDyIBvSPYEUGed/edit?usp=drive_link&ouid=117865673662155780117&rtpof=true&sd=true","docs.google.com"
"67ed1ba362273e91b81d6777","Z3gdn6rU","Адаптация обучающего материала от Nebula","Архив (Выполнено)","False","text","https://drive.google.com/file/d/1hA6lgkl5jrAm4CZHMEg3QDjZYtroxIoS/view?usp=drive_link","drive.google.com"
"67ed1ba362273e91b81d6777","Z3gdn6rU","Адаптация обучающего материала от Nebula","Архив (Выполнено)","False","text","https://drive.google.com/file/d/1T56x1IRC2rOkduvLJtFroUdg17nKWVfN/view?usp=drive_link","drive.google.com"
"67ed1ba362273e91b81d6777","Z3gdn6rU","Адаптация обучающего материала от Nebula","Архив (Выполнено)","False","text","https://drive.google.com/file/d/194wW-mBYI9rrF3dSW_MAdvGpyrENZnYu/view?usp=drive_link","drive.google.com"
"67ed1ba362273e91b81d6777","Z3gdn6rU","Адаптация обучающего материала от Nebula","Архив (Выполнено)","False","attachment","https://trello.com/1/cards/67ed1ba362273e91b81d6777/attachments/680f6506917ddaad1ffeb557/download/%D0%A3%D1%80%D0%BE%D0%BA_2._%D0%A1%D1%82%D1%80%D1%83%D0%BA%D1%82%D1%83%D1%80%D0%B0_%D0%B8_%D1%81%D0%BE%D1%81%D1%82%D0%B0%D0%B2%D0%BB%D1%8F%D1%8E%D1%89%D0%B8%D0%B5_%D1%87%D0%B0%D1%82%D0%B0.pptx","trello.com"
"67ed1ba362273e91b81d6777","Z3gdn6rU","Адаптация обучающего материала от Nebula","Архив (Выполнено)","False","text","https://trello.com/1/cards/67ed1ba362273e91b81d6777/attachments/680f650f21f0677c366114ee/download/%D0%A3%D1%80%D0%BE%D0%BA_1._%D0%A1%D1%82%D1%80%D1%83%D0%BA%D1%82%D1%83%D1%80%D0%B0_%D0%B8_%D1%81%D0%BE%D1%81%D1%82%D0%B0%D0%B2%D0%BB%D1%8F%D1%8E%D1%89%D0%B8%D0%B5_%D1%87%D0%B0%D1%82%D0%B0_(1","trello.com"
"683d5a5e95c1a25060aae6cc","MlB0pH2x","ТЗ по управлению платными функциями (из реестра)","Архив (Выполнено)","False","text","https://docs.google.com/document/d/1cxfteHUjdkjlbVSsEvBtYENXC7rKPZF6yF8zUjnNfG8/edit?tab=t.0","docs.google.com"
"68418ae09309e65c8f8a8a34","G11mfR6V","Ревизия всех страниц Юдейт для проекта S","Архив (Выполнено)","False","text","https://docs.google.com/document/d/1oWB5htMSMbrHLCUPaleygckM9xbOwSsRXmrJlEG4JAY/edit?tab=t.0#heading=h.327m7ywp3hmy","docs.google.com"
"68418ae09309e65c8f8a8a34","G11mfR6V","Ревизия всех страниц Юдейт для проекта S","Архив (Выполнено)","False","text","https://docs.google.com/document/d/1oWB5htMSMbrHLCUPaleygckM9xbOwSsRXmrJlEG4JAY/edit?usp=sharing","docs.google.com"
"68341d04a86842bdd29bb687","NoOHV9NV","Политики на сайт Юдейт","Архив (Выполнено)","False","text","https://usemybridge.com/","usemybridge.com"
"68341d04a86842bdd29bb687","NoOHV9NV","Политики на сайт Юдейт","Архив (Выполнено)","False","text","http://NataliDate.com","natalidate.com"
"68341d04a86842bdd29bb687","NoOHV9NV","Политики на сайт Юдейт","Архив (Выполнено)","False","text","https://confideline.com/page/terms-and-conditions","confideline.com"
"68341d04a86842bdd29bb687","NoOHV9NV","Политики на сайт Юдейт","Архив (Выполнено)","False","text","https://confideline.com/page/privacy-policy","confideline.com"
"68341d04a86842bdd29bb687","NoOHV9NV","Политики на сайт Юдейт","Архив (Выполнено)","False","text","https://confideline.com/page/cookie-policy","confideline.com"
"68341d04a86842bdd29bb687","NoOHV9NV","Политики на сайт Юдейт","Архив (Выполнено)","False","text","https://confideline.com/page/Cancellation-and-Refund","confideline.com"
"68341d04a86842bdd29bb687","NoOHV9NV","Политики на сайт Юдейт","Архив (Выполнено)","False","text","https://confideline.com/admin/page/index?currentPage=1.php","confideline.com"
"68341d04a86842bdd29bb687","NoOHV9NV","Политики на сайт Юдейт","Архив (Выполнено)","False","text","https://prnt.sc/V4ii-1O88Vhl","prnt.sc"
"68341d04a86842bdd29bb687","NoOHV9NV","Политики на сайт Юдейт","Архив (Выполнено)","False","text","http://ConfideLine.com","confideline.com"
"68341d04a86842bdd29bb687","NoOHV9NV","Политики на сайт Юдейт","Архив (Выполнено)","False","text","http://Reg.Nr","reg.nr"
"68341d04a86842bdd29bb687","NoOHV9NV","Политики на сайт Юдейт","Архив (Выполнено)","False","text","https://confideline.com","confideline.com"
"68341d04a86842bdd29bb687","NoOHV9NV","Политики на сайт Юдейт","Архив (Выполнено)","False","attachment","https://trello.com/1/cards/68341d04a86842bdd29bb687/attachments/68a9f68028f3ee21c3b1e07a/download/cookie_policy_confideline_html.txt","trello.com"
"68341d04a86842bdd29bb687","NoOHV9NV","Политики на сайт Юдейт","Архив (Выполнено)","False","attachment","https://trello.com/1/cards/68341d04a86842bdd29bb687/attachments/68a9f681d4aa673a5ec28db3/download/cookie_policy_ru.txt","trello.com"
"68341d04a86842bdd29bb687","NoOHV9NV","Политики на сайт Юдейт","Архив (Выполнено)","False","attachment","https://trello.com/1/cards/68341d04a86842bdd29bb687/attachments/68a9f682c2c9a2f045fd7beb/download/privacy_policy_confideline.txt","trello.com"
"68341d04a86842bdd29bb687","NoOHV9NV","Политики на сайт Юдейт","Архив (Выполнено)","False","attachment","https://trello.com/1/cards/68341d04a86842bdd29bb687/attachments/68a9f68380f53cd8cff316a1/download/safety_tips_confideline_html.txt","trello.com"
"68341d04a86842bdd29bb687","NoOHV9NV","Политики на сайт Юдейт","Архив (Выполнено)","False","attachment","https://trello.com/1/cards/68341d04a86842bdd29bb687/attachments/68a9f68385511291ac6750bf/download/safety_tips_ru.txt","trello.com"
"68341d04a86842bdd29bb687","NoOHV9NV","Политики на сайт Юдейт","Архив (Выполнено)","False","attachment","https://trello.com/1/cards/68341d04a86842bdd29bb687/attachments/68a9f684cb29d953747f1487/download/terms_confideline_html.txt","trello.com"
"68341d04a86842bdd29bb687","NoOHV9NV","Политики на сайт Юдейт","Архив (Выполнено)","False","attachment","https://trello.com/1/cards/68341d04a86842bdd29bb687/attachments/68a9f6851eb7c788226749c3/download/terms_full_ru_final.txt","trello.com"
"68341d04a86842bdd29bb687","NoOHV9NV","Политики на сайт Юдейт","Архив (Выполнено)","False","attachment","https://trello.com/1/cards/68341d04a86842bdd29bb687/attachments/68a9f6864a9c677096a86649/download/antiscam_ru.txt","trello.com"
"68341d04a86842bdd29bb687","NoOHV9NV","Политики на сайт Юдейт","Архив (Выполнено)","False","attachment","https://trello.com/1/cards/68341d04a86842bdd29bb687/attachments/68a9f686387850a13f15d74b/download/about_confideline_html.txt","trello.com"
"68341d04a86842bdd29bb687","NoOHV9NV","Политики на сайт Юдейт","Архив (Выполнено)","False","attachment","https://trello.com/1/cards/68341d04a86842bdd29bb687/attachments/68a9f687a7ac899e1ee74e68/download/about_confideline_ru.txt","trello.com"
"68341d04a86842bdd29bb687","NoOHV9NV","Политики на сайт Юдейт","Архив (Выполнено)","False","attachment","https://trello.com/1/cards/68341d04a86842bdd29bb687/attachments/68a9f688b27b5ce5b35fa02d/download/antiscam_confideline_html.txt","trello.com"
"6815efe313c07ddcfcdba5d2","Y9GGGw4Q","Прототип главной страницы S","Архив (Выполнено)","False","attachment","https://trello.com/1/cards/6815efe313c07ddcfcdba5d2/attachments/6863dadbfa4f59cb62175374/download/%D0%9C%D0%B0%D0%BA%D0%B5%D1%82_S.jpg","trello.com"
"6815efe313c07ddcfcdba5d2","Y9GGGw4Q","Прототип главной страницы S","Архив (Выполнено)","False","text","https://prnt.sc/U87GjURxVrSE","prnt.sc"
"6815efe313c07ddcfcdba5d2","Y9GGGw4Q","Прототип главной страницы S","Архив (Выполнено)","False","text","https://prnt.sc/HXG9T-Zu-QAf","prnt.sc"
"6815efe313c07ddcfcdba5d2","Y9GGGw4Q","Прототип главной страницы S","Архив (Выполнено)","False","text","https://docs.google.com/document/d/1FjRScFs1LZJi0OsF1E0cKOw_hwKmmwyeGyq8JpmzM3c/edit?tab=t.0","docs.google.com"
"66d9ecafd8b829cfe5d39936","PnrET9qO","ТЗ для дизайнера по RH","Не актуально","False","text","https://docs.google.com/spreadsheets/d/1AsU4TkGEHMJXWr_HyQIzVLEQU9jIRw2ETJeUcQTCMrg/edit?gid=1802756230#gid=1802756230","docs.google.com"
"66d9ecafd8b829cfe5d39936","PnrET9qO","ТЗ для дизайнера по RH","Не актуально","False","text","https://prezo.ai/a/e67e1dc1-480f-4973-b845-0e6caedcfb31#b6421ddf-2ba7-4a3b-bd9c-2984d27957f0","prezo.ai"
"66d9ecafd8b829cfe5d39936","PnrET9qO","ТЗ для дизайнера по RH","Не актуально","False","text","https://www.magicslides.app/pricing","www.magicslides.app"
"66d9ecafd8b829cfe5d39936","PnrET9qO","ТЗ для дизайнера по RH","Не актуально","False","attachment","https://trello.com/1/cards/66d9ecafd8b829cfe5d39936/attachments/67459f649b9934dc41a0397e/download/MagicSlides.app_Pricing.mhtml","trello.com"
"66d9ecafd8b829cfe5d39936","PnrET9qO","ТЗ для дизайнера по RH","Не актуально","False","attachment","https://trello.com/1/cards/66d9ecafd8b829cfe5d39936/attachments/67459f6597ca5784e9b132ab/download/MagicSlides.app_Pricing.html","trello.com"
"66c48131fc327cbe148d5210","xKSQx2yH","Case 8 - обновить дизайн","Не актуально","False","text","https://russianhugs.com","russianhugs.com"
"66c48131fc327cbe148d5210","xKSQx2yH","Case 8 - обновить дизайн","Не актуально","False","text","https://russianhugs.com/pro","russianhugs.com"
"66c48131fc327cbe148d5210","xKSQx2yH","Case 8 - обновить дизайн","Не актуально","False","text","https://drive.google.com/drive/folders/1c9Sj-tFT4F_EM4g2BukXQ5GpnxzSqInA","drive.google.com"
"66c48131fc327cbe148d5210","xKSQx2yH","Case 8 - обновить дизайн","Не актуально","False","text","https://trello.com/1/cards/615ef91fff109e056e4098fd/attachments/66c3370a86b630aa049fdf9b/download/image.png","trello.com"
"66c48131fc327cbe148d5210","xKSQx2yH","Case 8 - обновить дизайн","Не актуально","False","text","https://lh7-rt.googleusercontent.com/docsz/AD_4nXd0bS2cad6jy45bCa2CKwvBjiK0GBa9jYkNQNB2Th_GSCwaMNTH0sbv9dCy6wL9kuuMe5FAtWPMzW938u5tGz6hinnNv9JS1qWIvD5vT2tra0-mmh9rBehsEyKxwRSCZt2u6QIp8Mxe9zNHXE3moUd9NDkY?key=vOG5UxZZ-a8Kd1p_AlKNlQ","lh7-rt.googleusercontent.com"
"66c48131fc327cbe148d5210","xKSQx2yH","Case 8 - обновить дизайн","Не актуально","False","text","https://lh7-rt.googleusercontent.com/docsz/AD_4nXfcfRqUrGWBdeIrZBlmiIYbSZm5hSM1Qsgzm42r5dOeENyu1GYKn30POijP0eKI4BXlyFGs_ay8A3SgCY7TaoR0R583giWq2IEzBsFEnZn-uicNQQRrYr-wU83my2w1dc1ik1kHMuXSAc6nvoJl40QQp5Vp?key=vOG5UxZZ-a8Kd1p_AlKNlQ","lh7-rt.googleusercontent.com"
"66c48131fc327cbe148d5210","xKSQx2yH","Case 8 - обновить дизайн","Не актуально","False","attachment","https://trello.com/1/cards/66c48131fc327cbe148d5210/attachments/66c48131fc327cbe148d55ae/download/image.png","trello.com"
"66c48131fc327cbe148d520d","3yJTYSBx","Синхронизация кодовой базы с git","Не актуально","False","text","https://ploshadka.net/kak-podtjagivat-izmenenija-iz-github/","ploshadka.net"
"66c48131fc327cbe148d520d","3yJTYSBx","Синхронизация кодовой базы с git","Не актуально","False","text","https://russianhugs.test:8890","russianhugs.test"
"66c4aa620b7bdf21270ab247","TJQkuYho","Case 66 - страница контроля","Не актуально","False","text","https://russianhugs.com/admin-cp/manage-own-users","russianhugs.com"
"66c4aa620b7bdf21270ab247","TJQkuYho","Case 66 - страница контроля","Не актуально","False","text","https://russianhugs.com/admin-cp/users-interactions","russianhugs.com"
"673c5d092ae1dc16ce4694f7","24spinhb","Отрисовать недостающие страницы для RH","Не актуально","False","text","https://trello.com/c/PnrET9qO/7-%D1%82%D0%B7-%D0%B4%D0%BB%D1%8F-%D0%B4%D0%B8%D0%B7%D0%B0%D0%B9%D0%BD%D0%B5%D1%80%D0%B0-%D0%BF%D0%BE-rh","trello.com"
"66c48131fc327cbe148d5203","BPRH5CTK","8.	Не корректно отображается перевод русского текста на странице “Найти совпадения”","Не актуально","False","text","https://russianhugs.com/settings-profile/","russianhugs.com"
"66c48131fc327cbe148d5203","BPRH5CTK","8.	Не корректно отображается перевод русского текста на странице “Найти совпадения”","Не актуально","False","attachment","https://trello.com/1/cards/66c48131fc327cbe148d5203/attachments/66c48131fc327cbe148d5581/download/image.png","trello.com"
"66c48131fc327cbe148d5209","RqZgUOP9","Дает создавать дубли стран","Не актуально","False","text","https://russianhugs.com/admin-cp/manage-countries","russianhugs.com"
"66c48131fc327cbe148d5209","RqZgUOP9","Дает создавать дубли стран","Не актуально","False","attachment","https://trello.com/1/cards/66c48131fc327cbe148d5209/attachments/66c48131fc327cbe148d5593/download/image.png","trello.com"
"66c48131fc327cbe148d5207","ytzHZP17","Устранить баг по сохранению изменений в языке в панеле администратора","Не актуально","False","text","https://russianhugs.com/admin-cp/edit-lang?id=russian","russianhugs.com"
"66c48131fc327cbe148d5207","ytzHZP17","Устранить баг по сохранению изменений в языке в панеле администратора","Не актуально","False","attachment","https://trello.com/1/cards/66c48131fc327cbe148d5207/attachments/66c48131fc327cbe148d558a/download/image.png","trello.com"
"66c48131fc327cbe148d51f9","8c5qCQAo","ТЗ по доработкам","Не актуально","False","attachment","https://trello.com/1/cards/66c48131fc327cbe148d51f9/attachments/66c48131fc327cbe148d557f/download/%D0%A2%D0%97_%D0%B4%D0%BB%D1%8F_DEV.docx","trello.com"
"66c48131fc327cbe148d51e2","0oCdlola","Общий план","Не актуально","False","text","https://russianhugs.com/admin-cp/manage-users","russianhugs.com"
"66c48131fc327cbe148d51e2","0oCdlola","Общий план","Не актуально","False","text","https://russianhugs.com/admin-cp/manage-photos","russianhugs.com"
"66c48131fc327cbe148d51e2","0oCdlola","Общий план","Не актуально","False","text","https://secure.iherb.com/rewards/overview","secure.iherb.com"
"67c5bff4fc44e387c9df801f","xBvATSXP","Найти верстальщиков","Не актуально","False","text","https://freelancehunt.com/freelancer/YURIIKYRYCHENKO.html","freelancehunt.com"
"67c5bff4fc44e387c9df801f","xBvATSXP","Найти верстальщиков","Не актуально","False","text","https://freelancehunt.com/freelancer/maximus_mixik.html","freelancehunt.com"
"67c5bff4fc44e387c9df801f","xBvATSXP","Найти верстальщиков","Не актуально","False","text","https://freelancehunt.com/freelancer/okotovenko.html","freelancehunt.com"
"67c5bff4fc44e387c9df801f","xBvATSXP","Найти верстальщиков","Не актуально","False","text","https://freelancehunt.com/freelancer/judgi26.html","freelancehunt.com"
"67c5bff4fc44e387c9df801f","xBvATSXP","Найти верстальщиков","Не актуально","False","text","https://freelancehunt.com/freelancer/Bondaryoff.html","freelancehunt.com"
"67c5bff4fc44e387c9df801f","xBvATSXP","Найти верстальщиков","Не актуально","False","text","https://freelancehunt.com/mailbox/read/thread/7743359#last-message","freelancehunt.com"
"67c5bff4fc44e387c9df801f","xBvATSXP","Найти верстальщиков","Не актуально","False","text","https://freelancehunt.com/freelancer/ob163256.html","freelancehunt.com"
"677bdd3a50efbd052b86b76d","aM3yiOA6","Найти и сработаться с прогером","Полка (Когда-нибудь)","False","text","https://robota.ua/ru/my/vacancies/10407783/applies?id=94306098-attach","robota.ua"
"677bdd3a50efbd052b86b76d","aM3yiOA6","Найти и сработаться с прогером","Полка (Когда-нибудь)","False","text","https://docs.google.com/document/d/1biMWPgF12dD_WHNOUmjRgwR4dCvg9zkBYYdw0eN5wvY/edit?tab=t.0","docs.google.com"
"677bdd3a50efbd052b86b76d","aM3yiOA6","Найти и сработаться с прогером","Полка (Когда-нибудь)","False","text","https://freelancehunt.com/freelancer/romas6ka.html","freelancehunt.com"
"677bdd3a50efbd052b86b76d","aM3yiOA6","Найти и сработаться с прогером","Полка (Когда-нибудь)","False","text","https://freelancehunt.com/freelancer/GoroAstx.html","freelancehunt.com"
"677bdd3a50efbd052b86b76d","aM3yiOA6","Найти и сработаться с прогером","Полка (Когда-нибудь)","False","text","https://freelancehunt.com/freelancer/Fullstack-developer.html","freelancehunt.com"
"677bdd3a50efbd052b86b76d","aM3yiOA6","Найти и сработаться с прогером","Полка (Когда-нибудь)","False","attachment","https://trello.com/1/cards/677bdd3a50efbd052b86b76d/attachments/67a1c3de9219d6d39827c43c/download/resume_eng.docx","trello.com"
"67c4b01175244bf778b852fa","b48ZD9sP","Сделать лендинг для гипотез","Полка (Когда-нибудь)","False","text","https://freelancehunt.com/freelancer/alarcon_10.html","freelancehunt.com"
"677a6aa5d3e8bf4fa1f7e57e","SG8qhM0Q","Программист чат-ботов","Полка (Когда-нибудь)","False","text","https://freelancehunt.com/freelancer/yuriiskylex.html","freelancehunt.com"
"66c48131fc327cbe148d5212","o5xgYdus","Подключ [redacted] платежные системы","Полка (Когда-нибудь)","False","text","http://Stripe.com","stripe.com"
"66c48131fc327cbe148d51fb","NijwhmEL","HTML5/CSS3. HTML - должен содержать минимум ошибок","Полка (Когда-нибудь)","False","text","http://validator.w3.org","validator.w3.org"
"66c48131fc327cbe148d51fb","NijwhmEL","HTML5/CSS3. HTML - должен содержать минимум ошибок","Полка (Когда-нибудь)","False","text","https://developers.google.com/speed/pagespeed/","developers.google.com"
"66c48131fc327cbe148d5224","wWQyoquC","Case 41 - реакции","Полка (Когда-нибудь)","False","text","https://russianhugs.com/profile/sveta23467","russianhugs.com"
"66c48131fc327cbe148d5224","wWQyoquC","Case 41 - реакции","Полка (Когда-нибудь)","False","text","https://russianhugs.com/liked","russianhugs.com"
"66c48131fc327cbe148d5224","wWQyoquC","Case 41 - реакции","Полка (Когда-нибудь)","False","text","https://trello.com/1/cards/66c34d7f8dcbf055b184f418/attachments/66c34ddcac4ac9c8af70ba42/download/image.png","trello.com"
"66c48131fc327cbe148d5224","wWQyoquC","Case 41 - реакции","Полка (Когда-нибудь)","False","attachment","https://trello.com/1/cards/66c48131fc327cbe148d5224/attachments/66c48131fc327cbe148d55e4/download/image.png","trello.com"
"673c74093cd1a2cf4f52603f","OF6o5Az4","Перевод стран/городов","Полка (Когда-нибудь)","False","text","https://russianhugs.com/admin-cp/edit-country?id=250","russianhugs.com"
"66c4a898221c21bdc2c969f4","6spIuhRw","Case 71 - телеграмбот как аналог сайта знакомств","Полка (Когда-нибудь)","False","attachment","https://trello.com/1/cards/66c4a898221c21bdc2c969f4/attachments/66c4a8c1bdb813f4c67d32b1/download/%D0%A1%D1%85%D0%B5%D0%BC%D0%B0_%D0%B1%D0%B0%D0%B7%D0%BE%D0%B2%D0%BE%D0%B3%D0%BE_%D1%87%D0%B0%D1%82-%D0%B1%D0%BE%D1%82_%D0%B4%D0%BB%D1%8F_%D0%B4%D0%B5%D1%82%D0%B8%D0%BD%D0%B3_%D1%81%D0%B0%D0%B9%D1%82%D0%B0.png","trello.com"
"66c4a898221c21bdc2c969f4","6spIuhRw","Case 71 - телеграмбот как аналог сайта знакомств","Полка (Когда-нибудь)","False","attachment","https://trello.com/1/cards/66c4a898221c21bdc2c969f4/attachments/66c4a8d1a6e7697731cb8bd1/download/%D0%A1%D1%85%D0%B5%D0%BC%D0%B0_%D1%80%D0%B0%D0%B1%D0%BE%D1%82%D1%8B_%D1%82%D0%B5%D0%BB%D0%B5%D0%B3%D1%80%D0%B0%D0%BC_%D0%B1%D0%BE%D1%82%D0%B0.png","trello.com"
"66c4a898221c21bdc2c969f4","6spIuhRw","Case 71 - телеграмбот как аналог сайта знакомств","Полка (Когда-нибудь)","False","attachment","https://trello.com/1/cards/66c4a898221c21bdc2c969f4/attachments/66c4a8eae5f509efb2cbfdd2/download/detailed_tech_telegram_dating_bot_flowchart.png","trello.com"
"66c48131fc327cbe148d5220","RxpFcHXl","Case 61 - оплата за лайки","Полка (Когда-нибудь)","False","attachment","https://docs.google.com/spreadsheets/d/1IzTZm4FI9PxIDfr0_FIk0UJxzohkEJcQFTilXM8TLMg/edit?pli=1&gid=80824715#gid=80824715","docs.google.com"
"66c48131fc327cbe148d520b","lF4KDNIx","Добавить кнопку авторизации через телеграм","Полка (Когда-нибудь)","False","attachment","https://trello.com/1/cards/66c48131fc327cbe148d520b/attachments/66c48131fc327cbe148d559c/download/image.png","trello.com"
"66c48131fc327cbe148d520b","lF4KDNIx","Добавить кнопку авторизации через телеграм","Полка (Когда-нибудь)","False","attachment","https://trello.com/1/cards/66c48131fc327cbe148d520b/attachments/66c48131fc327cbe148d55a5/download/image.png","trello.com"
"66d71eb7dbcd1e1cf96cf224","8nSBLmmv","Используется ли у нас какойнибудь МемКеш. Если нет то надо делать.","Полка (Когда-нибудь)","False","text","https://docs.google.com/document/d/1HHeEervj3s8Cpm7rS5yyUc914GmhNXbnalJplpfsuNk/edit?usp=sharing","docs.google.com"
"670677156a224a22aa001cae","jr6bj9tH","ТЗ для дизайнера","План на октябрь","True","text","https://docs.google.com/spreadsheets/d/1AsU4TkGEHMJXWr_HyQIzVLEQU9jIRw2ETJeUcQTCMrg/edit?gid=1802756230#gid=1802756230","docs.google.com"
"670677274f0f550c03711f0e","4Hz1pI9j","Найти программиста на Рашен","План на октябрь","True","text","https://robota.ua/ru/my/vacancies/10219705/applies?id=93215634-attach","robota.ua"
"670677274f0f550c03711f0e","4Hz1pI9j","Найти программиста на Рашен","План на октябрь","True","text","https://docs.google.com/spreadsheets/d/1KyzIFz2mTLsCs9GDgy6vo9_ylRjWnfO0X6s52sJA5PU/edit?usp=sharing","docs.google.com"
"670677cfe98c8722c8b1316d","NQRdYkmh","Найти Дизайнера для ХАГС и запустить процесс редизайна.","План на октябрь","True","text","https://t.me/BratDobrey","t.me"
"670677cfe98c8722c8b1316d","NQRdYkmh","Найти Дизайнера для ХАГС и запустить процесс редизайна.","План на октябрь","True","text","https://www.figma.com/design/FBjvFqGlYIVTe6jE6o0JSC/new-rh?node-id=0-1&m=dev&t=xBGTTVlfwrBoQEHl-1","www.figma.com"
"670677cfe98c8722c8b1316d","NQRdYkmh","Найти Дизайнера для ХАГС и запустить процесс редизайна.","План на октябрь","True","text","https://t.me/Nikitosiquez","t.me"
"670677cfe98c8722c8b1316d","NQRdYkmh","Найти Дизайнера для ХАГС и запустить процесс редизайна.","План на октябрь","True","text","https://www.figma.com/design/qFtgrOGCFiP6NX7ngr8qKq/%D0%9F%D0%BE%D0%B8%D1%81%D0%BA-%D1%80%D0%B5%D0%BF%D0%B5%D1%82%D0%B8%D1%82%D0%BE%D1%80%D0%B0?node-id=301-6563&node-type=frame&t=Wgja7pCIuBXg4Dlm-0","www.figma.com"
"670677cfe98c8722c8b1316d","NQRdYkmh","Найти Дизайнера для ХАГС и запустить процесс редизайна.","План на октябрь","True","text","https://www.figma.com/design/Kl3BJHNEWvUV6eqmbn1RIz/Untitled?node-id=0-1&node-type=canvas&t=8BkwJjjRwEFCefSn-0","www.figma.com"
"670677cfe98c8722c8b1316d","NQRdYkmh","Найти Дизайнера для ХАГС и запустить процесс редизайна.","План на октябрь","True","text","https://t.me/ask_design13","t.me"
"670677cfe98c8722c8b1316d","NQRdYkmh","Найти Дизайнера для ХАГС и запустить процесс редизайна.","План на октябрь","True","text","https://www.figma.com/proto/NKQz7WdwHOWpRD9l2sYCkv/Russian-Hugs?page-id=0%3A1&node-id=2-2&node-type=frame&viewport=440%2C340%2C0.25&t=pAx3ggXxAgsrRt3u-1&scaling=scale-down&content-scaling=fixed","www.figma.com"
"673f3ea489f96479a9694222","9SXjNiTD","Тестовая среда для дизайнера","План на ноябрь","True","text","https://docs.google.com/document/d/1LoVsGKI6e9Xa480sZxWojGFzgNXfoEprNUn__hOzou4/edit?tab=t.0","docs.google.com"
"673f3ea489f96479a9694222","9SXjNiTD","Тестовая среда для дизайнера","План на ноябрь","True","attachment","https://trello.com/1/cards/673f3ea489f96479a9694222/attachments/673f3ecc329b71044e93c117/download/Rh_Homepage.rar","trello.com"
"67499b0da9f5f4960962ff3a","r4uD4KoR","Потенциальный программист","План на ноябрь","True","text","https://freelancehunt.com/freelancer/romas6ka.html","freelancehunt.com"
"67499b0da9f5f4960962ff3a","r4uD4KoR","Потенциальный программист","План на ноябрь","True","text","https://freelancehunt.com/freelancer/romas6ka.html#portfolio","freelancehunt.com"
"67499b0da9f5f4960962ff3a","r4uD4KoR","Потенциальный программист","План на ноябрь","True","text","https://docs.google.com/document/d/1S2kVqdq_gV8xsmnoWiVNByQiNAHGqPxgIdIvUWO_ex0/edit?tab=t.0","docs.google.com"
"674f0c815f99e53c0479dd74","GqADRWrI","Проверить программиста на yii2","План декабрь","True","text","https://freelancehunt.com/freelancer/romas6ka.html","freelancehunt.com"
"674f0c815f99e53c0479dd74","GqADRWrI","Проверить программиста на yii2","План декабрь","True","text","https://freelancehunt.com/freelancer/romas6ka.html#portfolio","freelancehunt.com"
"674f0c815f99e53c0479dd74","GqADRWrI","Проверить программиста на yii2","План декабрь","True","text","https://docs.google.com/document/d/1S2kVqdq_gV8xsmnoWiVNByQiNAHGqPxgIdIvUWO_ex0/edit?tab=t.0","docs.google.com"
"673c5ef27ec95624906f4ba1","ruMprvP5","Главная страница сайта содержанок","План декабрь","True","text","https://www.templatemonster.com/ru/website-templates-type/389106.html","www.templatemonster.com"
"673c5ef27ec95624906f4ba1","ruMprvP5","Главная страница сайта содержанок","План декабрь","True","text","https://dating.gwangi-theme.com/","dating.gwangi-theme.com"
"673c5ef27ec95624906f4ba1","ruMprvP5","Главная страница сайта содержанок","План декабрь","True","text","https://www.templatemonster.com/ru/website-templates-type/466865.html","www.templatemonster.com"
"673c5ef27ec95624906f4ba1","ruMprvP5","Главная страница сайта содержанок","План декабрь","True","text","https://demos.codexcoder.com/themeforest/html/ollya/index.html","demos.codexcoder.com"
"673c5ef27ec95624906f4ba1","ruMprvP5","Главная страница сайта содержанок","План декабрь","True","text","https://www.templatemonster.com/ru/website-templates-type/393017.html","www.templatemonster.com"
"673c5ef27ec95624906f4ba1","ruMprvP5","Главная страница сайта содержанок","План декабрь","True","text","https://www.templatemonster.com/ru/website-templates-type/432341.html","www.templatemonster.com"
"677a692ad45f22cdfa0cb8ed","p62rozdq","Программист 1 для YouDate","План на январь","True","text","https://freelancehunt.com/freelancer/romas6ka.html","freelancehunt.com"
"677a692ad45f22cdfa0cb8ed","p62rozdq","Программист 1 для YouDate","План на январь","True","text","https://freelancehunt.com/freelancer/romas6ka.html#portfolio","freelancehunt.com"
"6768618622036db329e09c92","G7dVLpcQ","Наказать программиста-кидалу","План на январь","True","text","https://robota.ua/ru/my/vacancies/10219705/applies?id=93215634-attach","robota.ua"
"67c595a4050b7d1217bc97be","cDsRWxoU","Отчет за февраль","План на февраль","False","text","https://confideline.com/","confideline.com"
"67c5ac0ea6b84c9d16359884","nlKHZRgO","Отчет за февраль","План на февраль","False","text","https://confideline.com/","confideline.com"
"67c5ac0da6b84c9d1635954b","X15Dq9SZ","Найти и сработаться с дизайнером","План на февраль","False","text","https://trello.com/1/cards/67c5ac0da6b84c9d1635954b/attachments/67c5ac0ea6b84c9d163597df/download/Desktop_-_2_(4","trello.com"
"67c5ac0da6b84c9d16359306","fg9zxQ2r","Найти и сработаться с прогером","План на февраль","False","attachment","https://trello.com/1/cards/67c5ac0da6b84c9d16359306/attachments/67c5ac0da6b84c9d163595eb/download/resume_eng.docx","trello.com"
"67c5ac0da6b84c9d163592ac","d177F7tD","Небула. Аналитика","План на февраль","False","text","https://docs.google.com/spreadsheets/d/1bT41K4o6ttgIIiYYLw5PeFDxUdgDIKHyDy5BD-raiDs/edit?usp=sharing","docs.google.com"
"6799e60ca6b1f76ff04a0472","lmDxJILX","Отрисовать недостающие страницы для H","План на март","True","attachment","https://trello.com/c/J9hGbu0m/58-%D1%82%D0%B7-%D0%B4%D0%BB%D1%8F-%D0%B4%D0%BE%D1%80%D0%B0%D0%B1%D0%BE%D1%82%D0%BE%D0%BA-%D1%88%D0%B0%D0%B1%D0%BB%D0%BE%D0%BD%D0%B0-h","trello.com"
"6815ea357962c2a442ed3fa3","7W2hOFiA","Отчет за апрель","План на апрель","False","text","https://docs.google.com/spreadsheets/d/12AU3WWm3TA7nGj2xW9i0ZqbiWB41-G8P2R9dO9L0mI0/edit?gid=1214502664#gid=1214502664","docs.google.com"
"6815ea357962c2a442ed3fa3","7W2hOFiA","Отчет за апрель","План на апрель","False","text","https://docs.google.com/spreadsheets/d/1my4Go6lw926mPI0x1CrCAxlgYViawsBPTxqQ3T20bqQ/edit?gid=0#gid=0","docs.google.com"
"6815ea357962c2a442ed3fa3","7W2hOFiA","Отчет за апрель","План на апрель","False","text","https://docs.google.com/document/d/1kxpfx89ZVkn5LVQsgxYzWD9Ovkz1HlcU8Tc72WJp6Kg/edit?usp=sharing","docs.google.com"
"6815ea357962c2a442ed3fa3","7W2hOFiA","Отчет за апрель","План на апрель","False","text","https://docs.google.com/spreadsheets/d/1xbSjJPnBAF7bxtxmYxXs4fmJ0-78Mo0LfzAG2LNFGiE/edit?gid=0#gid=0","docs.google.com"
"6815ea357962c2a442ed3fa3","7W2hOFiA","Отчет за апрель","План на апрель","False","text","https://docs.google.com/document/d/1FjRScFs1LZJi0OsF1E0cKOw_hwKmmwyeGyq8JpmzM3c/edit?tab=t.0","docs.google.com"
"6815ea357962c2a442ed3fa3","7W2hOFiA","Отчет за апрель","План на апрель","False","text","https://trello.com/c/ScHSOeqV/96-%D0%BE%D0%BF%D0%B8%D1%81%D0%B0%D0%BD%D0%B8%D0%B5-%D0%BD%D0%B5%D0%BE%D0%B1%D1%85%D0%BE%D0%B4%D0%B8%D0%BC%D0%BE%D0%B3%D0%BE-%D1%84%D1%83%D0%BD%D0%BA%D1%86%D0%B8%D0%BE%D0%BD%D0%B0%D0%BB%D0%B0-%D0%B4%D0%BB%D1%8F-%D0%B0%D0%BD%D0","trello.com"
"6815ea357962c2a442ed3fa3","7W2hOFiA","Отчет за апрель","План на апрель","False","attachment","https://trello.com/c/ScHSOeqV/96-%D0%BE%D0%BF%D0%B8%D1%81%D0%B0%D0%BD%D0%B8%D0%B5-%D0%BD%D0%B5%D0%BE%D0%B1%D1%85%D0%BE%D0%B4%D0%B8%D0%BC%D0%BE%D0%B3%D0%BE-%D1%84%D1%83%D0%BD%D0%BA%D1%86%D0%B8%D0%BE%D0%BD%D0%B0%D0%BB%D0%B0-%D0%B4%D0%BB%D1%8F-%D0%B0%D0%BD%D0%B0%D0%BB%D0%BE%D0%B3%D0%B0-nebula","trello.com"
"6815ea357962c2a442ed3fa3","7W2hOFiA","Отчет за апрель","План на апрель","False","attachment","https://trello.com/c/NCQsbhGS/103-%D1%80%D0%B5%D0%B5%D1%81%D1%82%D1%80-%D0%B7%D0%B0%D0%B4%D0%B0%D1%87-%D0%B4%D0%BB%D1%8F-%D0%BF%D1%80%D0%BE%D0%B3%D1%80%D0%B0%D0%BC%D0%BC%D0%B8%D1%81%D1%82%D0%B0","trello.com"
"6815ea357962c2a442ed3fa3","7W2hOFiA","Отчет за апрель","План на апрель","False","attachment","https://trello.com/c/kmkP67pK/92-%D0%BC%D0%B0%D0%BA%D0%B5%D1%82-%D0%B3%D0%BB%D0%B0%D0%B2%D0%BD%D0%BE%D0%B9-%D1%81%D1%82%D1%80%D0%B0%D0%BD%D0%B8%D1%86%D1%8B-s","trello.com"
"6815ea357962c2a442ed3fa3","7W2hOFiA","Отчет за апрель","План на апрель","False","attachment","https://trello.com/c/GTEID3Q7/101-%D0%BF%D1%80%D0%BE%D1%82%D0%BE%D1%82%D0%B8%D0%BF-%D1%87%D0%B0%D1%82-%D0%B1%D0%BE%D1%82%D0%B0-s-%D1%82%D0%B7-%D0%BF%D0%BE-%D0%B4%D0%BE%D1%80%D0%B0%D0%B1%D0%BE%D1%82%D0%BA%D0%B0%D0%BC","trello.com"
"6815ea357962c2a442ed3fa3","7W2hOFiA","Отчет за апрель","План на апрель","False","attachment","https://trello.com/c/cfEGpKii/102-%D0%B3%D0%BE%D1%82%D0%BE%D0%B2%D1%8B%D0%B9-%D1%87%D0%B0%D1%82-%D0%B1%D0%BE%D1%82-%D0%BD%D0%B0-%D0%BD%D0%B0%D1%88%D0%B5%D0%BC-%D1%81%D0%B5%D1%80%D0%B2%D0%B5%D1%80%D0%B5","trello.com"
"6815ea357962c2a442ed3fa3","7W2hOFiA","Отчет за апрель","План на апрель","False","attachment","https://trello.com/c/SbEOcTaR/90-%D1%80%D0%B0%D0%B1%D0%BE%D1%82%D0%B0-%D1%81-%D0%B4%D0%B8%D0%B7%D0%B0%D0%B9%D0%BD%D0%B5%D1%80%D0%BE%D0%BC-%D0%BF%D0%BE-%D1%81%D1%82%D1%80%D0%B0%D0%BD%D0%B8%D1%86%D0%B0%D0%BC-h","trello.com"
"6815ea357962c2a442ed3fa3","7W2hOFiA","Отчет за апрель","План на апрель","False","attachment","https://trello.com/c/Z3gdn6rU/97-%D0%B0%D0%B4%D0%B0%D0%BF%D1%82%D0%B0%D1%86%D0%B8%D1%8F-%D0%BE%D0%B1%D1%83%D1%87%D0%B0%D1%8E%D1%89%D0%B5%D0%B3%D0%BE-%D0%BC%D0%B0%D1%82%D0%B5%D1%80%D0%B8%D0%B0%D0%BB%D0%B0-%D0%BE%D1%82-nebula","trello.com"
"6815ea357962c2a442ed3fa3","7W2hOFiA","Отчет за апрель","План на апрель","False","text","https://trello.com/c/1jG8Hv4M/98-%D0%BF%D0%BB%D0%B0%D1%82%D0%BD%D0%B0%D1%8F-%D0%BA%D0%BE%D0%BD%D1%81%D1%83%D0%BB%D1%8C%D1%82%D0%B0%D1%86%D0%B8%D1%8F-%D0%BF%D0%BE-%D1%8D%D0%B7%D0%BE%D1%82%D0%B5%D1%80%D0%B8%D0%BA%D0%B5-%D0%BA%D0%B0%D0%BA-%D0%BA%D0%BB%D0%B8%D","trello.com"
"6815ea357962c2a442ed3fa3","7W2hOFiA","Отчет за апрель","План на апрель","False","attachment","https://trello.com/c/1jG8Hv4M/98-%D0%BF%D0%BB%D0%B0%D1%82%D0%BD%D0%B0%D1%8F-%D0%BA%D0%BE%D0%BD%D1%81%D1%83%D0%BB%D1%8C%D1%82%D0%B0%D1%86%D0%B8%D1%8F-%D0%BF%D0%BE-%D1%8D%D0%B7%D0%BE%D1%82%D0%B5%D1%80%D0%B8%D0%BA%D0%B5-%D0%BA%D0%B0%D0%BA-%D0%BA%D0%BB%D0%B8%D0%B5%D0%BD%D1%82","trello.com"
"683d609776a9f6eceb5f34b7","Qd3T5Hzp","Отчет за май","План на май","False","text","https://docs.google.com/document/d/18EWmUD64J30VVevRyrCpD4gogzjO6tukX4Ylyzl-XWI/edit?tab=t.0#heading=h.8qt8jnpwsqhd","docs.google.com"
"683d609776a9f6eceb5f34b7","Qd3T5Hzp","Отчет за май","План на май","False","text","https://docs.google.com/document/d/1appXvKwHWoogd2ZavEgrTe9tJDoso4o4C6O8QXxzkJg/edit?tab=t.0#heading=h.4j2t6kfocr99","docs.google.com"
"683d609776a9f6eceb5f34b7","Qd3T5Hzp","Отчет за май","План на май","False","attachment","https://trello.com/c/so5TDVgc/115-%D1%82%D0%B7-%D0%BF%D0%BE-%D0%BF%D0%BB%D0%B0%D1%82%D0%BD%D1%8B%D0%BC-%D0%B0%D0%BB%D1%8C%D0%B1%D0%BE%D0%BC%D0%B0%D0%BC-%D0%B8%D0%B7-%D1%80%D0%B5%D0%B5%D1%81%D1%82%D1%80%D0%B0","trello.com"
"683d609776a9f6eceb5f34b7","Qd3T5Hzp","Отчет за май","План на май","False","attachment","https://trello.com/c/SlTHhSJp/114-%D1%82%D0%B7-%D0%B4%D0%BB%D1%8F-%D0%BF%D1%80%D0%B5%D0%BC%D0%B8%D1%83%D0%BC-%D1%84%D1%83%D0%BD%D0%BA%D1%86%D0%B8%D0%B9-%D0%B8%D0%B7-%D1%80%D0%B5%D0%B5%D1%81%D1%82%D1%80%D0%B0-%D0%B7%D0%B0%D0%B4%D0%B0%D1%87","trello.com"
"683d609776a9f6eceb5f34b7","Qd3T5Hzp","Отчет за май","План на май","False","attachment","https://trello.com/c/Y9GGGw4Q/106-%D0%BF%D1%80%D0%BE%D1%82%D0%BE%D1%82%D0%B8%D0%BF-%D0%B3%D0%BB%D0%B0%D0%B2%D0%BD%D0%BE%D0%B9-%D1%81%D1%82%D1%80%D0%B0%D0%BD%D0%B8%D1%86%D1%8B-s","trello.com"
"683d609776a9f6eceb5f34b7","Qd3T5Hzp","Отчет за май","План на май","False","attachment","https://trello.com/c/XZQMssaM/93-%D0%BC%D0%B0%D0%BA%D0%B5%D1%82%D1%8B-%D0%BD%D0%B5%D0%B4%D0%BE%D1%81%D1%82%D0%B0%D1%8E%D1%89%D0%B8%D1%85-%D1%81%D1%82%D1%80%D0%B0%D0%BD%D0%B8%D1%86-s","trello.com"
"683d609776a9f6eceb5f34b7","Qd3T5Hzp","Отчет за май","План на май","False","attachment","https://trello.com/c/DGaGZWpm/107-%D1%82%D0%B7-%D1%87%D0%B0%D1%82-%D0%B1%D0%BE%D1%82%D0%B0-%D0%BF%D0%BE-s-%D1%84%D0%B8%D0%BD%D0%B0%D0%BB","trello.com"
"683d609776a9f6eceb5f34b7","Qd3T5Hzp","Отчет за май","План на май","False","attachment","https://trello.com/c/Z3gdn6rU/97-%D0%B0%D0%B4%D0%B0%D0%BF%D1%82%D0%B0%D1%86%D0%B8%D1%8F-%D0%BE%D0%B1%D1%83%D1%87%D0%B0%D1%8E%D1%89%D0%B5%D0%B3%D0%BE-%D0%BC%D0%B0%D1%82%D0%B5%D1%80%D0%B8%D0%B0%D0%BB%D0%B0-%D0%BE%D1%82-nebula","trello.com"
"6863c264dc0798be91e91344","9esE7cSp","Отчет за июнь","План на июнь","False","text","https://trello.com/c/MlB0pH2x/119-%D1%82%D0%B7-%D0%BF%D0%BE-%D1%83%D0%BF%D1%80%D0%B0%D0%B2%D0%BB%D0%B5%D0%BD%D0%B8%D1%8E-%D0%BF%D0%BB%D0%B0%D1%82%D0%BD%D1%8B%D0%BC%D0%B8-%D1%84%D1%83%D0%BD%D0%BA%D1%86%D0%B8%D1%8F%D0%BC%D0%B8-%D0%B8%D0%B7-%D1%80%D0%B5%D0%B5","trello.com"
"6863c264dc0798be91e91344","9esE7cSp","Отчет за июнь","План на июнь","False","attachment","https://trello.com/c/MlB0pH2x/119-%D1%82%D0%B7-%D0%BF%D0%BE-%D1%83%D0%BF%D1%80%D0%B0%D0%B2%D0%BB%D0%B5%D0%BD%D0%B8%D1%8E-%D0%BF%D0%BB%D0%B0%D1%82%D0%BD%D1%8B%D0%BC%D0%B8-%D1%84%D1%83%D0%BD%D0%BA%D1%86%D0%B8%D1%8F%D0%BC%D0%B8-%D0%B8%D0%B7-%D1%80%D0%B5%D0%B5%D1%81%D1%82%D1%80%D0%B0","trello.com"
"6863c264dc0798be91e91344","9esE7cSp","Отчет за июнь","План на июнь","False","text","https://trello.com/c/qfz50mtc/113-%D0%BE%D0%BF%D0%B8%D1%81%D0%B0%D1%82%D1%8C-%D1%82%D0%B5%D0%B7%D0%B8%D1%81%D0%BD%D0%BE-%D0%BF%D0%BB%D0%B0%D1%82%D0%BD%D1%8B%D0%B9-%D1%87%D0%B0%D1%82-%D0%BA%D0%B0%D0%BA-%D0%B2-%D0%BD%D0%B5%D0%B1%D1%83%D0%BB%D0%B0-%D0%B8%D0%B","trello.com"
"6863c264dc0798be91e91344","9esE7cSp","Отчет за июнь","План на июнь","False","attachment","https://trello.com/c/qfz50mtc/113-%D0%BE%D0%BF%D0%B8%D1%81%D0%B0%D1%82%D1%8C-%D1%82%D0%B5%D0%B7%D0%B8%D1%81%D0%BD%D0%BE-%D0%BF%D0%BB%D0%B0%D1%82%D0%BD%D1%8B%D0%B9-%D1%87%D0%B0%D1%82-%D0%BA%D0%B0%D0%BA-%D0%B2-%D0%BD%D0%B5%D0%B1%D1%83%D0%BB%D0%B0-%D0%B8%D0%B7-%D1%80%D0%B5%D0%B5%D1%81%D1%82%D1%80%D0%B0-%D0%B7%D0%B0%D0%B4%D0%B0%D1%87","trello.com"
"6863c264dc0798be91e91344","9esE7cSp","Отчет за июнь","План на июнь","False","attachment","https://trello.com/c/G11mfR6V/123-%D1%80%D0%B5%D0%B2%D0%B8%D0%B7%D0%B8%D1%8F-%D0%B2%D1%81%D0%B5%D1%85-%D1%81%D1%82%D1%80%D0%B0%D0%BD%D0%B8%D1%86-%D1%8E%D0%B4%D0%B5%D0%B9%D1%82-%D0%B4%D0%BB%D1%8F-%D0%BF%D1%80%D0%BE%D0%B5%D0%BA%D1%82%D0%B0-s","trello.com"
"6863c264dc0798be91e91344","9esE7cSp","Отчет за июнь","План на июнь","False","attachment","https://trello.com/c/NoOHV9NV/117-%D0%BF%D0%BE%D0%BB%D0%B8%D1%82%D0%B8%D0%BA%D0%B8-%D0%BD%D0%B0-%D1%81%D0%B0%D0%B9%D1%82-%D1%8E%D0%B4%D0%B5%D0%B9%D1%82","trello.com"
"6863c264dc0798be91e91344","9esE7cSp","Отчет за июнь","План на июнь","False","attachment","https://trello.com/c/51amszof/118-%D0%BF%D0%BE%D0%B8%D1%81%D0%BA%D0%B0%D1%82%D1%8C-%D0%B4%D0%B8%D0%B7%D0%B0%D0%B9%D0%BD%D0%B5%D1%80%D0%B0-%D0%B4%D0%BB%D1%8F-nebula","trello.com"
"6863c264dc0798be91e91344","9esE7cSp","Отчет за июнь","План на июнь","False","text","https://trello.com/c/vxnR2rPw/125-%D1%82%D0%B7-%D0%B4%D0%BE%D1%81%D0%BA%D0%B0-%D0%BE%D0%B1%D1%8A%D1%8F%D0%B2%D0%BB%D0%B5%D0%BD%D0%B8%D0%B9-%D0%BD%D0%B0-%D1%81%D0%B0%D0%B9%D1%82-s-%D0%B8%D0%B7-%D1%80%D0%B5%D0%B5%D1%81%D1%82%D1%80%D0%B0-%D0%B7%D0%B0%D0%B4%D0","trello.com"
"6863c264dc0798be91e91344","9esE7cSp","Отчет за июнь","План на июнь","False","attachment","https://trello.com/c/vxnR2rPw/125-%D1%82%D0%B7-%D0%B4%D0%BE%D1%81%D0%BA%D0%B0-%D0%BE%D0%B1%D1%8A%D1%8F%D0%B2%D0%BB%D0%B5%D0%BD%D0%B8%D0%B9-%D0%BD%D0%B0-%D1%81%D0%B0%D0%B9%D1%82-s-%D0%B8%D0%B7-%D1%80%D0%B5%D0%B5%D1%81%D1%82%D1%80%D0%B0-%D0%B7%D0%B0%D0%B4%D0%B0%D1%87","trello.com"
"6863c264dc0798be91e91344","9esE7cSp","Отчет за июнь","План на июнь","False","attachment","https://trello.com/c/DNq6zAsa/132-%D0%BA%D1%81%D0%B5%D0%BD%D0%B8%D1%8F-%D1%82%D0%B5%D1%81%D1%82%D1%8B-%D0%B4%D0%BB%D1%8F-%D1%81%D0%BE%D1%82%D1%80%D1%83%D0%B4%D0%BD%D0%B8%D0%BA%D0%BE%D0%B2","trello.com"
"6863c264dc0798be91e91344","9esE7cSp","Отчет за июнь","План на июнь","False","attachment","https://trello.com/c/Hs4xSock/129-%D0%BA%D1%81%D0%B5%D0%BD%D0%B8%D1%8F-%D1%81%D0%B5%D1%80%D0%B2%D0%B8%D1%81%D1%8B-%D0%B4%D0%BB%D1%8F-%D1%80%D0%B0%D0%B1%D0%BE%D1%82%D1%8B","trello.com"
"6863c264dc0798be91e91344","9esE7cSp","Отчет за июнь","План на июнь","False","attachment","https://trello.com/c/d8t7Bupt/128-%D0%BA%D1%81%D0%B5%D0%BD%D0%B8%D1%8F-%D0%BF%D0%BE%D0%BC%D0%BE%D1%89%D1%8C-%D1%81-%D0%BE%D0%BF%D0%B8%D1%81%D0%B0%D0%BD%D0%B8%D0%B5%D0%BC-%D1%80%D0%B0%D0%B1%D0%BE%D1%82%D1%8B-%D0%B0%D0%B3%D0%B5%D0%BD%D1%82%D0%B0","trello.com"
"683d56f7477568e40a07d738","51amszof","Поискать дизайнера для Nebula","План на июнь","True","text","https://www.behance.net/linachesterdesign","www.behance.net"
"683d56f7477568e40a07d738","51amszof","Поискать дизайнера для Nebula","План на июнь","True","text","https://t.me/lchstrr","t.me"
"683d56f7477568e40a07d738","51amszof","Поискать дизайнера для Nebula","План на июнь","True","text","https://www.behance.net/ildar-coder","www.behance.net"
"66c48131fc327cbe148d5214","f4W5rcCq","Case 56 - аналитика партнеров","Backend in process","True","text","https://russianhugs.com/admin-cp/users-interactions","russianhugs.com"
"66c48131fc327cbe148d5214","f4W5rcCq","Case 56 - аналитика партнеров","Backend in process","True","text","https://russianhugs.com/admin-cp/manage-own-users","russianhugs.com"
"66c48131fc327cbe148d5214","f4W5rcCq","Case 56 - аналитика партнеров","Backend in process","True","text","https://russianhugs.com/admin-cp/partners-earnings-accruals","russianhugs.com"
"66c48131fc327cbe148d5214","f4W5rcCq","Case 56 - аналитика партнеров","Backend in process","True","text","https://russianhugs.com/admin-cp/manage-partners","russianhugs.com"
"66c48131fc327cbe148d5214","f4W5rcCq","Case 56 - аналитика партнеров","Backend in process","True","text","https://trello.com/1/cards/66c32e57a4cfc440644b8147/attachments/66c32e86aa59fa925a8d1e32/download/image.png","trello.com"
"66c48131fc327cbe148d5214","f4W5rcCq","Case 56 - аналитика партнеров","Backend in process","True","text","https://trello.com/1/cards/66c32e57a4cfc440644b8147/attachments/66c32e945aa6c2e865ef5cf7/download/image.png","trello.com"
"66c48131fc327cbe148d5214","f4W5rcCq","Case 56 - аналитика партнеров","Backend in process","True","attachment","https://trello.com/1/cards/66c48131fc327cbe148d5214/attachments/66c48131fc327cbe148d55b6/download/image.png","trello.com"
"66c48131fc327cbe148d5214","f4W5rcCq","Case 56 - аналитика партнеров","Backend in process","True","attachment","https://trello.com/1/cards/66c48131fc327cbe148d5214/attachments/66c48131fc327cbe148d55bf/download/image.png","trello.com"
"66c48131fc327cbe148d5214","f4W5rcCq","Case 56 - аналитика партнеров","Backend in process","True","attachment","https://trello.com/1/cards/66c48131fc327cbe148d5214/attachments/66c48131fc327cbe148d55c8/download/image.png","trello.com"
"66c48131fc327cbe148d5216","czKjbVBG","Case 58 - страница транзакций","Backend in process","True","text","https://trello.com/1/cards/66c3490ad7862e1bf86ddb99/attachments/66c34932591421b88383ddaa/download/image.png","trello.com"
"66c48131fc327cbe148d5216","czKjbVBG","Case 58 - страница транзакций","Backend in process","True","attachment","https://trello.com/1/cards/66c48131fc327cbe148d5216/attachments/66c48131fc327cbe148d55d1/download/image.png","trello.com"
"66c48131fc327cbe148d5218","gtKjUKQK","Сase 70 - нотификации","Backend in process","True","text","https://docs.google.com/spreadsheets/d/1IzTZm4FI9PxIDfr0_FIk0UJxzohkEJcQFTilXM8TLMg/edit?pli=1&gid=2086146308#gid=2086146308","docs.google.com"
"66c48131fc327cbe148d521a","iJW8tdPb","Case 62 - куки","Backend in process","True","text","https://trello.com/1/cards/66c349908cd043301d05235d/attachments/66c349adade519ca33aaffe0/download/image.png","trello.com"
"66c48131fc327cbe148d521a","iJW8tdPb","Case 62 - куки","Backend in process","True","attachment","https://trello.com/1/cards/66c48131fc327cbe148d521a/attachments/66c48131fc327cbe148d55da/download/image.png","trello.com"
"66c48131fc327cbe148d521e","04tGMQ4T","Case 64 - авторизация ТГ","Backend in process","True","text","https://russianhugs.com/login","russianhugs.com"
"66c48131fc327cbe148d521e","04tGMQ4T","Case 64 - авторизация ТГ","Backend in process","True","text","https://russianhugs.com/admin-cp/social-login","russianhugs.com"
"66c48131fc327cbe148d521e","04tGMQ4T","Case 64 - авторизация ТГ","Backend in process","True","text","https://core.telegram.org/api","core.telegram.org"
"66c48131fc327cbe148d521e","04tGMQ4T","Case 64 - авторизация ТГ","Backend in process","True","text","https://core.telegram.org/widgets/login","core.telegram.org"
"66c48131fc327cbe148d521e","04tGMQ4T","Case 64 - авторизация ТГ","Backend in process","True","text","http://russianhugs.com/","russianhugs.com"
"66c48131fc327cbe148d521e","04tGMQ4T","Case 64 - авторизация ТГ","Backend in process","True","text","https://russianhugs.com/settings/u_51ce190c8","russianhugs.com"
"66c48131fc327cbe148d5222","0F1rgMNQ","Case 63 - API map / geo","Backend in process","True","text","https://russianhugs.com/settings-profile/admin1","russianhugs.com"
"66c48131fc327cbe148d5222","0F1rgMNQ","Case 63 - API map / geo","Backend in process","True","text","https://positionstack.com/documentation","positionstack.com"
"66c48131fc327cbe148d5222","0F1rgMNQ","Case 63 - API map / geo","Backend in process","True","text","https://console.cloud.google.com/google/maps-apis/onboard?run=disco&authuser=3","console.cloud.google.com"
"66c48131fc327cbe148d5222","0F1rgMNQ","Case 63 - API map / geo","Backend in process","True","text","http://gmail.com","gmail.com"
"66c48131fc327cbe148d5222","0F1rgMNQ","Case 63 - API map / geo","Backend in process","True","text","https://developers.google.com/maps/documentation/javascript/error-messages?hl=ru#invalid-key-map-error","developers.google.com"
"69d4e0bfca5053b28c3939bf","whZiCsxv","ТЗ аналитика на Дашборде","На проверке","False","text","https://cutthreat.github.io/confideline/web/dashboard-analytics-mockup.html","cutthreat.github.io"
"69d4e0bfca5053b28c3939bf","whZiCsxv","ТЗ аналитика на Дашборде","На проверке","False","attachment","https://trello.com/c/hFPIK4R5/252-%D1%81%D1%82%D0%B0%D1%82%D0%B8%D1%81%D1%82%D0%B8%D0%BA%D0%B0-%D0%B0%D0%BD%D0%B0%D0%BB%D0%B8%D1%82%D0%B8%D0%BA%D0%B0","trello.com"
"6989f17bbdbb766a4583e5c7","hFPIK4R5","Статистика / аналитика","На проверке","False","attachment","https://trello.com/1/cards/6989f17bbdbb766a4583e5c7/attachments/69a696481ef1a0a1c3f3119b/download/analitica-confideline-1.html","trello.com"
"695a624ad3a78b2beb264e7b","RB7eDSz8","ТЗ Авторизация через соцсети","На проверке","False","text","https://confideline.com/ru/admin/settings/social","confideline.com"
"695a624ad3a78b2beb264e7b","RB7eDSz8","ТЗ Авторизация через соцсети","На проверке","False","attachment","https://trello.com/1/cards/695a624ad3a78b2beb264e7b/attachments/6983434f7a653f129905b78a/download/image.png","trello.com"
"6979e9060bb35569664097d0","RX4P6jw5","Макеты для почтовых рассылок (ИИ)","На проверке","False","text","https://drive.google.com/drive/folders/1CRoOqYaxaJKH7PWykYakqGaN9sS6qpuP?usp=sharing","drive.google.com"
"6979e9060bb35569664097d0","RX4P6jw5","Макеты для почтовых рассылок (ИИ)","На проверке","False","attachment","https://docs.google.com/spreadsheets/d/1mMYjHg5W2olRmz_6ofX6ObBOZUio-KK76ukcXwgfs6U/edit?gid=1282128275#gid=1282128275","docs.google.com"
"695a65fa63c119f6804254b9","IRQiN429","ТЗ по тех поддержке на сайте (суппорт)","На проверке","False","text","https://confideline.com/ru/admin/support/index","confideline.com"
"695a65fa63c119f6804254b9","IRQiN429","ТЗ по тех поддержке на сайте (суппорт)","На проверке","False","attachment","https://trello.com/1/cards/695a65fa63c119f6804254b9/attachments/6965cc85cf4fb850d9b18877/download/image.png","trello.com"
"695a65fa63c119f6804254b9","IRQiN429","ТЗ по тех поддержке на сайте (суппорт)","На проверке","False","attachment","https://trello.com/1/cards/695a65fa63c119f6804254b9/attachments/6965d2d16f661e53d658c1c8/download/image.png","trello.com"
"695a65fa63c119f6804254b9","IRQiN429","ТЗ по тех поддержке на сайте (суппорт)","На проверке","False","text","https://www-proprofsdesk-com.translate.goog/blog/help-desk-examples/?\_x\_tr\_sl=en&\_x\_tr\_tl=ru&\_x\_tr\_hl=ru&\_x\_tr\_pto=sge","www-proprofsdesk-com.translate.goog"
"695a65fa63c119f6804254b9","IRQiN429","ТЗ по тех поддержке на сайте (суппорт)","На проверке","False","text","https://www-proprofsdesk-com.translate.goog/blog/help-desk-examples/?_x_tr_sl=en&_x_tr_tl=ru&_x_tr_hl=ru&_x_tr_pto=sge","www-proprofsdesk-com.translate.goog"
"695a65fa63c119f6804254b9","IRQiN429","ТЗ по тех поддержке на сайте (суппорт)","На проверке","False","attachment","https://trello.com/1/cards/695a65fa63c119f6804254b9/attachments/6965c85da04a2e68076a0af9/download/image.png","trello.com"
"695a65fa63c119f6804254b9","IRQiN429","ТЗ по тех поддержке на сайте (суппорт)","На проверке","False","text","https://youtu.be/-226VZD06Bc","youtu.be"
"695a65fa63c119f6804254b9","IRQiN429","ТЗ по тех поддержке на сайте (суппорт)","На проверке","False","text","https://webim.ru/","webim.ru"
"695a65fa63c119f6804254b9","IRQiN429","ТЗ по тех поддержке на сайте (суппорт)","На проверке","False","text","https://admin24.app/register","admin24.app"
"695a65fa63c119f6804254b9","IRQiN429","ТЗ по тех поддержке на сайте (суппорт)","На проверке","False","text","https://itsm365.com/product/support","itsm365.com"
"695a65fa63c119f6804254b9","IRQiN429","ТЗ по тех поддержке на сайте (суппорт)","На проверке","False","text","https://upservice.com/help/tpost/kak-rabotat-s-ticketami-v-upservice","upservice.com"
"695a65fa63c119f6804254b9","IRQiN429","ТЗ по тех поддержке на сайте (суппорт)","На проверке","False","text","https://www.ibm.com/docs/ru/control-desk/7.6.1?topic=portal-working-tickets","www.ibm.com"
"695a65fa63c119f6804254b9","IRQiN429","ТЗ по тех поддержке на сайте (суппорт)","На проверке","False","attachment","https://trello.com/1/cards/695a65fa63c119f6804254b9/attachments/6965cc80decc2f14e6fd8d13/download/image.png","trello.com"
"6989d472966a9983309351c5","5cU9gpqd","Переводчик в чате (пользователь/агент)","На проверке","False","text","https://docs.google.com/document/d/1qKZLzSx1oZopi37UIZgRORccKnVrVhzsv9Tx1kA_FRY/edit?usp=sharing","docs.google.com"
"6989d472966a9983309351c5","5cU9gpqd","Переводчик в чате (пользователь/агент)","На проверке","False","text","https://cutthreat.github.io/confideline/translator-spec.html","cutthreat.github.io"
"6977d9754ebbdf5ce2147865","4ZXdK8ma","Bans basic","На проверке","False","attachment","https://trello.com/1/cards/6977d9754ebbdf5ce2147865/attachments/6977d978052786b9a264a040/download/image.png","trello.com"
"6977d9754ebbdf5ce2147865","4ZXdK8ma","Bans basic","На проверке","False","attachment","https://trello.com/1/cards/6977d9754ebbdf5ce2147865/attachments/6977d9888e4b4aa720f9fd3e/download/image.png","trello.com"
"6977d9754ebbdf5ce2147865","4ZXdK8ma","Bans basic","На проверке","False","attachment","https://trello.com/1/cards/6977d9754ebbdf5ce2147865/attachments/6977d992a7b5ea44ef460d93/download/image.png","trello.com"
"6977d9754ebbdf5ce2147865","4ZXdK8ma","Bans basic","На проверке","False","attachment","https://trello.com/1/cards/6977d9754ebbdf5ce2147865/attachments/6977d9b64cbe82c530db75e1/download/image.png","trello.com"
"6977d9754ebbdf5ce2147865","4ZXdK8ma","Bans basic","На проверке","False","attachment","https://trello.com/1/cards/6977d9754ebbdf5ce2147865/attachments/6977d9b0519589e3f0ff335e/download/image.png","trello.com"
"6847fd2f6716e045c2009087","vxnR2rPw","ТЗ доска объявлений на сайт S (из реестра задач)","На проверке","False","text","https://docs.google.com/document/d/1uqxU2aue-Tdr3DV6qt97cmXhiVbYzy1_bTytbO2oPns/edit?tab=t.0","docs.google.com"
"6847fd2f6716e045c2009087","vxnR2rPw","ТЗ доска объявлений на сайт S (из реестра задач)","На проверке","False","attachment","https://trello.com/1/cards/6847fd2f6716e045c2009087/attachments/684979af3ffcda39472a55ee/download/image.png","trello.com"
"6847fd2f6716e045c2009087","vxnR2rPw","ТЗ доска объявлений на сайт S (из реестра задач)","На проверке","False","attachment","https://trello.com/1/cards/6847fd2f6716e045c2009087/attachments/684979bbe44a1f37479b558e/download/image.png","trello.com"
"68e36fff6e19b0953dc806f3","rlJphNyY","Гипотезы по сборку email-базы потенциальных клиентов","На проверке","False","text","https://www.facebook.com/business/ads/lead-ads","www.facebook.com"
"68e36fff6e19b0953dc806f3","rlJphNyY","Гипотезы по сборку email-базы потенциальных клиентов","На проверке","False","text","https://ads.tiktok.com/help/article?aid=10005714","ads.tiktok.com"
"68e36fff6e19b0953dc806f3","rlJphNyY","Гипотезы по сборку email-базы потенциальных клиентов","На проверке","False","text","https://support.google.com/google-ads/answer/9423238","support.google.com"
"68e36fff6e19b0953dc806f3","rlJphNyY","Гипотезы по сборку email-базы потенциальных клиентов","На проверке","False","text","https://www.taboola.com/","www.taboola.com"
"68e36fff6e19b0953dc806f3","rlJphNyY","Гипотезы по сборку email-базы потенциальных клиентов","На проверке","False","text","https://www.outbrain.com/","www.outbrain.com"
"68e36fff6e19b0953dc806f3","rlJphNyY","Гипотезы по сборку email-базы потенциальных клиентов","На проверке","False","text","https://www.quora.com/business/advertising/lead-gen","www.quora.com"
"68e36fff6e19b0953dc806f3","rlJphNyY","Гипотезы по сборку email-базы потенциальных клиентов","На проверке","False","text","https://heepsy.com/","heepsy.com"
"68e36fff6e19b0953dc806f3","rlJphNyY","Гипотезы по сборку email-базы потенциальных клиентов","На проверке","False","text","https://www.noxinfluencer.com/","www.noxinfluencer.com"
"68e36fff6e19b0953dc806f3","rlJphNyY","Гипотезы по сборку email-базы потенциальных клиентов","На проверке","False","text","https://www.influencermarketinghub.com/","www.influencermarketinghub.com"
"68e36fff6e19b0953dc806f3","rlJphNyY","Гипотезы по сборку email-базы потенциальных клиентов","На проверке","False","text","https://telemetr.me/","telemetr.me"
"68e36fff6e19b0953dc806f3","rlJphNyY","Гипотезы по сборку email-базы потенциальных клиентов","На проверке","False","text","https://tgstat.com/","tgstat.com"
"68e36fff6e19b0953dc806f3","rlJphNyY","Гипотезы по сборку email-базы потенциальных клиентов","На проверке","False","text","https://collabstr.com/","collabstr.com"
"68e36fff6e19b0953dc806f3","rlJphNyY","Гипотезы по сборку email-базы потенциальных клиентов","На проверке","False","text","https://manybot.io/","manybot.io"
"68e36fff6e19b0953dc806f3","rlJphNyY","Гипотезы по сборку email-базы потенциальных клиентов","На проверке","False","text","https://botfather.telegram.org/","botfather.telegram.org"
"68e36fff6e19b0953dc806f3","rlJphNyY","Гипотезы по сборку email-базы потенциальных клиентов","На проверке","False","text","https://liveramp.com/","liveramp.com"
"68e36fff6e19b0953dc806f3","rlJphNyY","Гипотезы по сборку email-базы потенциальных клиентов","На проверке","False","text","https://www.experian.com/marketing-services/audiences","www.experian.com"
"68e36fff6e19b0953dc806f3","rlJphNyY","Гипотезы по сборку email-базы потенциальных клиентов","На проверке","False","text","https://www.oracle.com/advertising/","www.oracle.com"
"68e36fff6e19b0953dc806f3","rlJphNyY","Гипотезы по сборку email-базы потенциальных клиентов","На проверке","False","text","https://www.criteo.com/","www.criteo.com"
"68e36fff6e19b0953dc806f3","rlJphNyY","Гипотезы по сборку email-базы потенциальных клиентов","На проверке","False","text","https://www.clickdealer.com/","www.clickdealer.com"
"68e36fff6e19b0953dc806f3","rlJphNyY","Гипотезы по сборку email-базы потенциальных клиентов","На проверке","False","text","https://www.adcombo.com/","www.adcombo.com"
"68e36fff6e19b0953dc806f3","rlJphNyY","Гипотезы по сборку email-базы потенциальных клиентов","На проверке","False","text","https://www.maxbounty.com/","www.maxbounty.com"
"68e36fff6e19b0953dc806f3","rlJphNyY","Гипотезы по сборку email-базы потенциальных клиентов","На проверке","False","text","https://www.data-axle.com/","www.data-axle.com"
"68e36fff6e19b0953dc806f3","rlJphNyY","Гипотезы по сборку email-базы потенциальных клиентов","На проверке","False","text","https://www.exactdata.com/","www.exactdata.com"
"68e36fff6e19b0953dc806f3","rlJphNyY","Гипотезы по сборку email-базы потенциальных клиентов","На проверке","False","text","https://www.blackhatworld.com/","www.blackhatworld.com"
"68e36fff6e19b0953dc806f3","rlJphNyY","Гипотезы по сборку email-базы потенциальных клиентов","На проверке","False","text","https://afflift.com/","afflift.com"
"68e36fff6e19b0953dc806f3","rlJphNyY","Гипотезы по сборку email-базы потенциальных клиентов","На проверке","False","text","https://cpa.rip/","cpa.rip"
"68e36fff6e19b0953dc806f3","rlJphNyY","Гипотезы по сборку email-базы потенциальных клиентов","На проверке","False","text","https://stmforum.com/","stmforum.com"
"68e36fff6e19b0953dc806f3","rlJphNyY","Гипотезы по сборку email-базы потенциальных клиентов","На проверке","False","text","https://leadbit.com/","leadbit.com"
"68e36fff6e19b0953dc806f3","rlJphNyY","Гипотезы по сборку email-базы потенциальных клиентов","На проверке","False","text","https://adsterra.com/","adsterra.com"
"69415c21f5c5d3c6a06ec48f","LYz7x7QS","ТЗ Ограничение отправки контактов в чате","На проверке","False","text","https://confideline.com/ru/admin/message/index","confideline.com"
"69415c21f5c5d3c6a06ec48f","LYz7x7QS","ТЗ Ограничение отправки контактов в чате","На проверке","False","text","https://prnt.sc/wCvoJ5Ikn7OD","prnt.sc"
"69415c21f5c5d3c6a06ec48f","LYz7x7QS","ТЗ Ограничение отправки контактов в чате","На проверке","False","attachment","https://trello.com/1/cards/69415c21f5c5d3c6a06ec48f/attachments/697220cce37890b9c8347209/download/image.png","trello.com"
"69415c21f5c5d3c6a06ec48f","LYz7x7QS","ТЗ Ограничение отправки контактов в чате","На проверке","False","text","https://freelancehunt.com/my/telegrambot","freelancehunt.com"
"69415c21f5c5d3c6a06ec48f","LYz7x7QS","ТЗ Ограничение отправки контактов в чате","На проверке","False","text","https://apps.apple.com/us/app/freelancehunt-messenger/id1663920676","apps.apple.com"
"69415c21f5c5d3c6a06ec48f","LYz7x7QS","ТЗ Ограничение отправки контактов в чате","На проверке","False","text","https://play.google.com/store/apps/details?id=com.freelancehunt.app","play.google.com"
"69415c21f5c5d3c6a06ec48f","LYz7x7QS","ТЗ Ограничение отправки контактов в чате","На проверке","False","attachment","https://trello.com/1/cards/69415c21f5c5d3c6a06ec48f/attachments/69484d1057df93b2db132022/download/image.png","trello.com"
"693698d90c69acbb61e6394d","iJ9ZORCY","ТЗ по модерациям по типам","На проверке","False","attachment","https://trello.com/1/cards/693698d90c69acbb61e6394d/attachments/69415b13b39d6dc23d25bb80/download/image.png","trello.com"
"693698d90c69acbb61e6394d","iJ9ZORCY","ТЗ по модерациям по типам","На проверке","False","text","https://docs.google.com/spreadsheets/d/1A7GuqXbo3ud2cRTJe2wNf2MSnf2QNApFq3GzhPzrNHo/edit?gid=0#gid=0","docs.google.com"
"693698d90c69acbb61e6394d","iJ9ZORCY","ТЗ по модерациям по типам","На проверке","False","text","https://prnt.sc/ezDgRpDpC5Aw","prnt.sc"
"693698d90c69acbb61e6394d","iJ9ZORCY","ТЗ по модерациям по типам","На проверке","False","text","https://prnt.sc/Que0dr3Y_JUk","prnt.sc"
"69415b4f807c47786d8870c0","GVvW2vR6","ТЗ. Отзывы и рейтинг специалистов (карточек специалистов)","На проверке","False","attachment","https://trello.com/1/cards/69415b4f807c47786d8870c0/attachments/6952da683d1f6a647b788deb/download/image.png","trello.com"
"69415b4f807c47786d8870c0","GVvW2vR6","ТЗ. Отзывы и рейтинг специалистов (карточек специалистов)","На проверке","False","attachment","https://trello.com/1/cards/69415b4f807c47786d8870c0/attachments/6948560b78e279782328f757/download/image.png","trello.com"
"69415b4f807c47786d8870c0","GVvW2vR6","ТЗ. Отзывы и рейтинг специалистов (карточек специалистов)","На проверке","False","attachment","https://trello.com/1/cards/69415b4f807c47786d8870c0/attachments/694858a7d344de362384dd14/download/image.png","trello.com"
"690223c230d477f67c6ebe60","JcuabvYU","Договор на аренду жилья","На проверке","False","attachment","https://trello.com/1/cards/690223c230d477f67c6ebe60/attachments/690873664e26dd25e4e2b0c0/download/photo_2025-10-29_17-49-32.jpg","trello.com"
"690223c230d477f67c6ebe60","JcuabvYU","Договор на аренду жилья","На проверке","False","attachment","https://trello.com/1/cards/690223c230d477f67c6ebe60/attachments/6908735ea85b9dbbd03915bc/download/%D0%90%D0%9A%D0%A2_%D0%95%D0%9B%D0%95%D0%9D%D0%90_!!!.docx","trello.com"
"690223c230d477f67c6ebe60","JcuabvYU","Договор на аренду жилья","На проверке","False","attachment","https://trello.com/1/cards/690223c230d477f67c6ebe60/attachments/690b2ecd01a6c9f276e0c629/download/%D0%94%D0%BE%D0%B3%D0%BE%D0%B2%D0%BE%D1%80_%D0%BD%D0%B0%D0%B9%D0%BC%D0%B0_%D0%A4%D0%9B_%D0%A4%D0%9B_04112025.docx","trello.com"
"690223c230d477f67c6ebe60","JcuabvYU","Договор на аренду жилья","На проверке","False","attachment","https://trello.com/1/cards/690223c230d477f67c6ebe60/attachments/6912df84e804ee5f06dd5712/download/%D0%94%D0%BE%D0%B3%D0%BE%D0%B2%D0%BE%D1%80_%D0%BD%D0%B0%D0%B9%D0%BC%D0%B0_%D0%A4%D0%9B_%D0%A4%D0%9B_04112025.docx","trello.com"
"692e96a9b6808f765eb5cac4","tHaAg57o","ТЗ по управлению email-рассылки из админки","На проверке","False","text","https://confideline.com/ru/admin/user/index","confideline.com"
"692e96a9b6808f765eb5cac4","tHaAg57o","ТЗ по управлению email-рассылки из админки","На проверке","False","attachment","https://trello.com/1/cards/692e96a9b6808f765eb5cac4/attachments/69834a668efc2dc67820c3d2/download/image.png","trello.com"
"692e96a9b6808f765eb5cac4","tHaAg57o","ТЗ по управлению email-рассылки из админки","На проверке","False","text","https://docs.google.com/spreadsheets/d/1mMYjHg5W2olRmz_6ofX6ObBOZUio-KK76ukcXwgfs6U/edit?usp=sharing","docs.google.com"
"692e96a9b6808f765eb5cac4","tHaAg57o","ТЗ по управлению email-рассылки из админки","На проверке","False","attachment","https://trello.com/1/cards/692e96a9b6808f765eb5cac4/attachments/692ecae87beeb6522808684d/download/image.png","trello.com"
"692e96a9b6808f765eb5cac4","tHaAg57o","ТЗ по управлению email-рассылки из админки","На проверке","False","attachment","https://trello.com/c/ieDMOpiS/161-email-%D1%80%D0%B0%D1%81%D1%81%D1%8B%D0%BB%D0%BA%D0%B0-%D1%81%D0%B5%D1%80%D0%B2%D0%B8%D1%81%D0%B0-nebula","trello.com"
"692e96a9b6808f765eb5cac4","tHaAg57o","ТЗ по управлению email-рассылки из админки","На проверке","False","attachment","https://trello.com/1/cards/692e96a9b6808f765eb5cac4/attachments/692ecbec3cc6a8afe9f7242c/download/image.png","trello.com"
"698308bad4ea95031e2b8ce5","5vc1MqUB","ТЗ Чат базовый","На проверке","False","text","https://trello.com/1/cards/698308bad4ea95031e2b8ce5/attachments/69a9410a2789d9e0d0ea3c89/previews/69a9410b2789d9e0d0ea3c9c/download/image.webp","trello.com"
"698308bad4ea95031e2b8ce5","5vc1MqUB","ТЗ Чат базовый","На проверке","False","text","https://docs.google.com/spreadsheets/d/1tU4c6gkm6f4oNa4ZX4A43mu_1U_1VzE2CKoxoed_zKo/edit?gid=0#gid=0","docs.google.com"
"698308bad4ea95031e2b8ce5","5vc1MqUB","ТЗ Чат базовый","На проверке","False","attachment","https://trello.com/1/cards/698308bad4ea95031e2b8ce5/attachments/69a940ba7351284cfd7921e2/download/admin-chat-angular-migration-final.html","trello.com"
"698308bad4ea95031e2b8ce5","5vc1MqUB","ТЗ Чат базовый","На проверке","False","attachment","https://trello.com/1/cards/698308bad4ea95031e2b8ce5/attachments/69a9410a2789d9e0d0ea3c89/download/image.png","trello.com"
"6936ccb0882fa0f3e558a5fd","RpSO9XLQ","Сформировать список гипотез, которые могут работать по формату AI-ассистента на нашей платформе","На проверке","False","text","https://docs.google.com/spreadsheets/d/1R4YOVU6dlxM5BPy4mWwmIcBUNeKczyPZKWcx2WOKd8U/edit?usp=sharing","docs.google.com"
"69415bc1f848725a1bb49144","PegKaCje","Примеры админок","На проверке","False","text","https://demo.skadate.com/","demo.skadate.com"
"69415bc1f848725a1bb49144","PegKaCje","Примеры админок","На проверке","False","text","https://www.wpdating.com/admin-features/","www.wpdating.com"
"69415bc1f848725a1bb49144","PegKaCje","Примеры админок","На проверке","False","text","https://soulcompanion.net/admin/start","soulcompanion.net"
"69415bc1f848725a1bb49144","PegKaCje","Примеры админок","На проверке","False","text","https://sandbox.directus.io/admin","sandbox.directus.io"
"69415bc1f848725a1bb49144","PegKaCje","Примеры админок","На проверке","False","text","https://app.intercom.com/a/inbox/fflona9j/inbox/admin/9606819/conversation/215472467556223?view=List","app.intercom.com"
"694acc540a846656baaf21af","cvU1QRIK","Bans Advanced","На проверке","False","attachment","https://trello.com/1/cards/694acc540a846656baaf21af/attachments/6965e29bc40a7bafd98d91a0/download/image.png","trello.com"
"694acc540a846656baaf21af","cvU1QRIK","Bans Advanced","На проверке","False","attachment","https://trello.com/1/cards/694acc540a846656baaf21af/attachments/6965e4bd329b03c39fcbe257/download/image.png","trello.com"
"694acc540a846656baaf21af","cvU1QRIK","Bans Advanced","На проверке","False","attachment","https://trello.com/1/cards/694acc540a846656baaf21af/attachments/6965e3ddbb99fc7fb61b2dda/download/image.png","trello.com"
"694acc540a846656baaf21af","cvU1QRIK","Bans Advanced","На проверке","False","attachment","https://trello.com/1/cards/694acc540a846656baaf21af/attachments/6965e4821f072487bb8cb094/download/image.png","trello.com"
"694acc540a846656baaf21af","cvU1QRIK","Bans Advanced","На проверке","False","attachment","https://trello.com/1/cards/694acc540a846656baaf21af/attachments/6965e465811c4bee044a9509/download/image.png","trello.com"
"694acc540a846656baaf21af","cvU1QRIK","Bans Advanced","На проверке","False","attachment","https://trello.com/1/cards/694acc540a846656baaf21af/attachments/6965e436924aa67b914a53a7/download/image.png","trello.com"
"694acc540a846656baaf21af","cvU1QRIK","Bans Advanced","На проверке","False","text","https://neiros.ru/blog/marketing/chto-takoe-ban-i-6-ego-vidov/","neiros.ru"
"694acc540a846656baaf21af","cvU1QRIK","Bans Advanced","На проверке","False","attachment","https://trello.com/1/cards/694acc540a846656baaf21af/attachments/6965e45faa6c5daad10614c8/download/image.png","trello.com"
"6799e5f3dfadb1c39de22b8d","J9hGbu0m","ТЗ для доработок шаблона H","На проверке","False","text","https://docs.google.com/document/d/1XprGJMC0lV6FVVtiNwthFrw-1p9PB7_fmTzxO-fYb9A/edit?tab=t.0#heading=h.78wxfmz3qagg","docs.google.com"
"6799e5f3dfadb1c39de22b8d","J9hGbu0m","ТЗ для доработок шаблона H","На проверке","False","text","https://demos.codexcoder.com/themeforest/html/ollya/index.html","demos.codexcoder.com"
"67bebd08f16d513a163c3634","HhB8ES6c","Сформировать тарифные планы для H и для S","На проверке","False","text","https://docs.google.com/document/d/1NSc_fAHTv_Y7jzHjlUSoZrLU9s-C1boJkF6VipYmxo0/edit?usp=sharing","docs.google.com"
"679b2ace38d73451cb06d114","ipujgjLt","ТЗ для доработок шаблона S","На проверке","False","text","https://docs.google.com/document/d/1BQ01hADfevuCQgx_6XnHN9qzjzCIvqbatu02dDdsSUo/edit?usp=sharing","docs.google.com"
"679b2ace38d73451cb06d114","ipujgjLt","ТЗ для доработок шаблона S","На проверке","False","text","https://demo.templatemonster.com/ru/demo/389106.html","demo.templatemonster.com"
"6907add9e476e9ceed64aa97","K42LINje","Отчет за сентябрь","План на сентябрь","False","text","https://trello.com/c/STCtIq3y/11-%D0%BA%D1%81%D0%B5%D0%BD%D0%B8%D1%8F-%D1%84%D0%BE%D1%80%D0%BC%D0%B8%D1%80%D0%BE%D0%B2%D0%B0%D0%BD%D0%B8%D0%B5-%D1%82%D0%B5%D0%BA%D1%81%D1%82%D0%BE%D0%B2-%D0%B4%D0%BB%D1%8F-%D1%81%D1%82%D1%80%D0%B0%D0%BD%D0%B8%D1%86-%D1%81%D0%B0%D0%B9%D1%82%D0%B0-nebula","trello.com"
"6907add9e476e9ceed64aa97","K42LINje","Отчет за сентябрь","План на сентябрь","False","text","https://trello.com/c/IZI4uF30/151-%D1%80%D0%B0%D0%B7%D1%80%D0%B0%D0%B1%D0%BE%D1%82%D0%BA%D0%B0-%D0%B4%D0%B8%D0%B7%D0%B0%D0%B9%D0%BD%D0%B0-%D1%81%D0%B0%D0%B9%D1%82%D0%B0-nebula","trello.com"
"6907add9e476e9ceed64aa97","K42LINje","Отчет за сентябрь","План на сентябрь","False","text","https://trello.com/c/pAkpaKzI/155-%D0%BF%D0%BE%D0%B4%D0%BE%D0%B1%D1%80%D0%B0%D1%82%D1%8C-%D0%BD%D0%B0%D0%B7%D0%B2%D0%B0%D0%BD%D0%B8%D0%B5-%D0%B8-url-%D0%BF%D1%80%D0%BE%D0%B5%D0%BA%D1%82%D0%B0-nebula","trello.com"
"6907add9e476e9ceed64aa97","K42LINje","Отчет за сентябрь","План на сентябрь","False","text","https://trello.com/c/Ibq7eWBK/152-%D0%B7%D0%B0%D0%BF%D1%83%D1%81%D1%82%D0%B8%D1%82%D1%8C-%D1%80%D0%B5%D0%B3%D0%B8%D1%81%D1%82%D1%80%D0%B0%D1%86%D0%B8%D1%8E-%D0%BD%D0%B0-%D1%81%D0%B0%D0%B9%D1%82%D0%B0%D1%85-%D0%B7%D0%BD%D0%B0%D0%BA%D0%BE%D0%BC%D1%81%D1%82%D0%B2-%D0%B2-%D1%80%D0%B5%D0%B6%D0%B8%D0%BC%D0%B5-%D0%B0%D0%B3%D0%B5%D0%BD%D1%82%D0%B0","trello.com"
"6907add9e476e9ceed64aa97","K42LINje","Отчет за сентябрь","План на сентябрь","False","text","https://trello.com/c/0KaDDgWe/130-%D0%B4%D0%B8%D0%B7%D0%B0%D0%B9%D0%BD-%D0%B8-%D1%84%D1%83%D0%BD%D0%BA%D1%86%D0%B8%D0%BE%D0%BD%D0%B0%D0%BB-%D1%81%D1%82%D0%BE%D1%80%D0%B8%D1%81%D0%BE%D0%B2","trello.com"
"6907add9e476e9ceed64aa97","K42LINje","Отчет за сентябрь","План на сентябрь","False","text","https://trello.com/c/Zpf4j7Q7/145-%D1%82%D0%B7-%D0%BF%D0%BE-%D0%B4%D0%BE%D0%B1%D0%B0%D0%B2%D0%BB%D0%B5%D0%BD%D0%B8%D1%8E-%D0%B2%D0%B8%D0%B4%D0%B5%D0%BE-%D0%B2-%D0%B3%D1%80%D1%83%D0%BF%D0%BF%D1%8B-%D0%B8%D0%B7-%D1%80%D0%B5%D0%B5%D1%81%D1%82%D1%80%D0%B0","trello.com"
"6907add9e476e9ceed64aa97","K42LINje","Отчет за сентябрь","План на сентябрь","False","text","https://trello.com/c/nSHCZrCs/148-%D1%82%D0%B7-%D0%BF%D0%BE-%D0%B4%D0%BE%D0%B1%D0%B0%D0%B2%D0%BB%D0%B5%D0%BD%D0%B8%D1%8E-%D0%B2%D0%B8%D0%B4%D0%B5%D0%BE-%D0%B2-%D1%81%D1%82%D0%BE%D1%80%D0%B8%D1%81-%D0%B8%D0%B7-%D1%80%D0%B5%D0%B5%D1%81%D1%82%D1%80%D0%B0","trello.com"
"6907add9e476e9ceed64aa97","K42LINje","Отчет за сентябрь","План на сентябрь","False","text","https://trello.com/c/nG3XJU9C/153-%D0%BD%D0%B0%D0%B9%D1%82%D0%B8-%D1%81%D0%BF%D0%B5%D1%86%D0%B8%D0%B0%D0%BB%D0%B8%D1%81%D1%82%D0%B0-%D0%B4%D0%BB%D1%8F-%D0%B2%D0%B5%D0%B4%D0%B5%D0%BD%D0%B8%D1%8F-%D0%B8%D0%BD%D1%81%D1%82%D1%8B","trello.com"
"6907add9e476e9ceed64aa97","K42LINje","Отчет за сентябрь","План на сентябрь","False","text","https://trello.com/c/qWEPb34Z/157-%D0%B7%D0%B0%D0%B2%D0%B5%D1%80%D1%81%D1%82%D0%B0%D1%82%D1%8C-%D0%BB%D0%B5%D0%BD%D0%B4%D0%B8%D0%BD%D0%B3-s","trello.com"
"6907add9e476e9ceed64aa97","K42LINje","Отчет за сентябрь","План на сентябрь","False","text","https://trello.com/c/q2ifBp5P/159-%D1%80%D0%B0%D0%B7%D1%80%D0%B0%D0%B1%D0%BE%D1%82%D0%B0%D1%82%D1%8C-%D0%BA%D0%BE%D0%BD%D1%86%D0%B5%D0%BF%D1%86%D0%B8%D1%8E-%D0%BB%D0%BE%D0%B3%D0%BE%D1%82%D0%B8%D0%BF%D0%B0-%D0%B4%D0%BB%D1%8F-nebula","trello.com"
"6907add9e476e9ceed64aa97","K42LINje","Отчет за сентябрь","План на сентябрь","False","text","https://trello.com/c/b4r95XGk/160-%D0%BD%D0%B0%D0%B9%D1%82%D0%B8-%D0%B3%D0%BE%D1%82%D0%BE%D0%B2%D1%8B%D0%B9-%D1%87%D0%B0%D1%82-%D0%B1%D0%BE%D1%82-%D0%BD%D0%B0-php","trello.com"
"6907add9e476e9ceed64aa97","K42LINje","Отчет за сентябрь","План на сентябрь","False","text","https://trello.com/c/1rR0JN0f/165-%D0%BF%D1%80%D0%BE%D0%B3%D1%80%D0%B0%D0%BC%D0%BC%D0%B8%D1%81%D1%82-%D1%82%D0%B3-%D0%B1%D0%BE%D1%82%D0%B0","trello.com"
"6907add9e476e9ceed64aa97","K42LINje","Отчет за сентябрь","План на сентябрь","False","text","https://trello.com/c/ieDMOpiS/161-email-%D1%80%D0%B0%D1%81%D1%81%D1%8B%D0%BB%D0%BA%D0%B0-%D1%81%D0%B5%D1%80%D0%B2%D0%B8%D1%81%D0%B0-nebula","trello.com"
"6907add9e476e9ceed64aa97","K42LINje","Отчет за сентябрь","План на сентябрь","False","text","https://trello.com/c/XBYHgjjU/124-%D1%82%D0%B7-%D0%BF%D0%BE-%D0%BF%D0%BB%D0%B0%D1%82%D0%BD%D0%BE%D0%BC%D1%83-%D1%87%D0%B0%D1%82%D1%83-%D0%B0%D0%BB%D0%B5%D0%BA%D1%81%D0%B5%D0%B9","trello.com"
"6907add9e476e9ceed64aa97","K42LINje","Отчет за сентябрь","План на сентябрь","False","text","https://trello.com/c/v5cjZiFY/143-%D0%BF%D0%BE%D0%B8%D1%81%D0%BA-%D0%BF%D1%80%D0%BE%D0%B3%D1%80%D0%B0%D0%BC%D0%BC%D0%B8%D1%81%D1%82%D0%B0-%D0%BD%D0%B0-yii2-10-h","trello.com"
"6907add9e476e9ceed64aa97","K42LINje","Отчет за сентябрь","План на сентябрь","False","text","https://trello.com/c/lngbLfNo/149-%D1%82%D0%B5%D1%81%D1%82%D0%B8%D1%80%D0%BE%D0%B2%D0%B0%D0%BD%D0%B8%D0%B5-%D1%81%D0%B0%D0%B9%D1%82%D0%B0-%D1%8E%D0%B4%D0%B5%D0%B9%D1%82-%D0%BF%D0%BE-%D0%BF%D1%80%D0%B5%D0%BC%D0%B8%D1%83%D0%BC","trello.com"
"6907add9e476e9ceed64aa97","K42LINje","Отчет за сентябрь","План на сентябрь","False","text","https://trello.com/c/5m8rJJNp/164-%D1%80%D0%B5%D0%B3%D0%B8%D1%81%D1%82%D1%80%D0%B0%D1%86%D0%B8%D1%8F-%D0%BD%D0%B0-japancupidcom-%D1%81-%D1%80%D1%83%D0%BC%D1%8B%D0%BD%D0%B8%D0%B8","trello.com"
"6907add9e476e9ceed64aa97","K42LINje","Отчет за сентябрь","План на сентябрь","False","text","https://trello.com/c/ftSfC62I/163-%D1%81%D0%BF%D0%B8%D1%81%D0%BE%D0%BA-%D1%81%D0%B0%D0%B9%D1%82%D0%BE%D0%B2-%D0%B7%D0%BD%D0%B0%D0%BA%D0%BE%D0%BC%D1%81%D1%82%D0%B2","trello.com"
"6815f192ed7d12c002840320","5npGPUSO","Работа с дизайнером по страницам H","Архив (Выполнено)","False","text","https://www.figma.com/design/0bHuDBrirrsNg6ryxSPOgy/OLLYA?node-id=0-1&p=f&t=mLbAhy1WNK1Xky0q-0","www.figma.com"
"6815f192ed7d12c002840320","5npGPUSO","Работа с дизайнером по страницам H","Архив (Выполнено)","False","text","https://www.figma.com/design/0bHuDBrirrsNg6ryxSPOgy/OLLYA?node-id=0-1&p=f","www.figma.com"
"67ed1b13a69381108b4c6c0c","kmkP67pK","Макет главной страницы S","Архив (Выполнено)","False","text","https://www.figma.com/proto/RwxYQBLDns7T9X3bnVmVBl/YouDate?node-id=215-1900&t=5dsHltBFpua4b722-0&scaling=min-zoom&content-scaling=fixed&page-id=0%3A1","www.figma.com"
"67ed1b13a69381108b4c6c0c","kmkP67pK","Макет главной страницы S","Архив (Выполнено)","False","text","https://www.figma.com/proto/RwxYQBLDns7T9X3bnVmVBl/YouDate?node-id=215-1900&t=EEJqxPFEb7JZ1KIl-0&scaling=min-zoom&content-scaling=fixed&page-id=0%3A1","www.figma.com"
"67ed1b13a69381108b4c6c0c","kmkP67pK","Макет главной страницы S","Архив (Выполнено)","False","text","https://demos.codexcoder.com/themeforest/html/ollya/assets/images/transport/bg.png","demos.codexcoder.com"
"67ed1b13a69381108b4c6c0c","kmkP67pK","Макет главной страницы S","Архив (Выполнено)","False","text","https://prnt.sc/mLMmqxobSE04","prnt.sc"
"67ed1b13a69381108b4c6c0c","kmkP67pK","Макет главной страницы S","Архив (Выполнено)","False","text","https://prnt.sc/9u4pYpBJNwk8","prnt.sc"
"67ed1b13a69381108b4c6c0c","kmkP67pK","Макет главной страницы S","Архив (Выполнено)","False","text","https://prnt.sc/Y\_7XMcqUMVQ\_","prnt.sc"
"67ed1b13a69381108b4c6c0c","kmkP67pK","Макет главной страницы S","Архив (Выполнено)","False","text","https://prnt.sc/Y_7XMcqUMVQ_","prnt.sc"
"67ed1b13a69381108b4c6c0c","kmkP67pK","Макет главной страницы S","Архив (Выполнено)","False","text","https://prnt.sc/JQz1E98WEIZ8","prnt.sc"
"67ed1b13a69381108b4c6c0c","kmkP67pK","Макет главной страницы S","Архив (Выполнено)","False","text","https://prnt.sc/Fa7_hxDVBDJr","prnt.sc"
"67ed1b13a69381108b4c6c0c","kmkP67pK","Макет главной страницы S","Архив (Выполнено)","False","text","https://prnt.sc/lJCSG3PSIQgF","prnt.sc"
"67ed1b13a69381108b4c6c0c","kmkP67pK","Макет главной страницы S","Архив (Выполнено)","False","text","https://prnt.sc/R8hG0XtMu0Ib","prnt.sc"
"67ed1b13a69381108b4c6c0c","kmkP67pK","Макет главной страницы S","Архив (Выполнено)","False","text","https://prnt.sc/POn7mR2jp45J","prnt.sc"
"67ed1b13a69381108b4c6c0c","kmkP67pK","Макет главной страницы S","Архив (Выполнено)","False","text","https://www.figma.com/proto/RwxYQBLDns7T9X3bnVmVBl/YouDate?node-id=51-1693&t=EEJqxPFEb7JZ1KIl-0&scaling=min-zoom&content-scaling=fixed&page-id=0%3A1","www.figma.com"
"67ed1b13a69381108b4c6c0c","kmkP67pK","Макет главной страницы S","Архив (Выполнено)","False","text","https://www.figma.com/proto/RwxYQBLDns7T9X3bnVmVBl/YouDate?node-id=215-9932&t=5Ej4rCGGRHHhDU6p-0&scaling=min-zoom&content-scaling=fixed&page-id=0%3A1","www.figma.com"
"67ed1b13a69381108b4c6c0c","kmkP67pK","Макет главной страницы S","Архив (Выполнено)","False","text","https://www.figma.com/design/RwxYQBLDns7T9X3bnVmVBl/YouDate?node-id=0-1&p=f&t=jsRJURyopBY1mJc7-0","www.figma.com"
"67ed1b13a69381108b4c6c0c","kmkP67pK","Макет главной страницы S","Архив (Выполнено)","False","text","https://docs.google.com/document/d/1FjRScFs1LZJi0OsF1E0cKOw_hwKmmwyeGyq8JpmzM3c/edit?usp=sharing","docs.google.com"
"67ed1b13a69381108b4c6c0c","kmkP67pK","Макет главной страницы S","Архив (Выполнено)","False","attachment","https://trello.com/1/cards/67ed1b13a69381108b4c6c0c/attachments/680c8d934e46c6154eaf8a75/download/image.png","trello.com"
"67ed1b13a69381108b4c6c0c","kmkP67pK","Макет главной страницы S","Архив (Выполнено)","False","attachment","https://trello.com/1/cards/67ed1b13a69381108b4c6c0c/attachments/680c8d45cf0def895befbbd6/download/image.png","trello.com"
"67ed1b13a69381108b4c6c0c","kmkP67pK","Макет главной страницы S","Архив (Выполнено)","False","attachment","https://trello.com/1/cards/67ed1b13a69381108b4c6c0c/attachments/680c8cecaa3703c88e4586f8/download/image.png","trello.com"
"67ed1b13a69381108b4c6c0c","kmkP67pK","Макет главной страницы S","Архив (Выполнено)","False","attachment","https://docs.google.com/document/d/1qFcgipDdoiR9OvTaI05FmH3cLvyEXr4EnRs6HGMG0tw/edit?tab=t.0","docs.google.com"
"67ed1b13a69381108b4c6c0c","kmkP67pK","Макет главной страницы S","Архив (Выполнено)","False","attachment","https://docs.google.com/document/d/1FjRScFs1LZJi0OsF1E0cKOw_hwKmmwyeGyq8JpmzM3c/edit?tab=t.0","docs.google.com"
"682eef1d950a52a01e2ac5a8","qfz50mtc","Описать тезисно платный чат как в небула (из реестра задач)","Архив (Выполнено)","False","text","https://docs.google.com/spreadsheets/d/1tU4c6gkm6f4oNa4ZX4A43mu_1U_1VzE2CKoxoed_zKo/edit?usp=sharing","docs.google.com"
"684fcce03be041c1b6486968","F8z2XQdp","ТЗ по управлению премиум-городов (из реестра)","Архив (Выполнено)","False","text","https://docs.google.com/document/d/1uqxU2aue-Tdr3DV6qt97cmXhiVbYzy1_bTytbO2oPns/edit?tab=t.0","docs.google.com"
"684fcce03be041c1b6486968","F8z2XQdp","ТЗ по управлению премиум-городов (из реестра)","Архив (Выполнено)","False","text","https://trello.com/c/vxnR2rPw/125-%D1%82%D0%B7-%D0%B4%D0%BE%D1%81%D0%BA%D0%B0-%D0%BE%D0%B1%D1%8A%D1%8F%D0%B2%D0%BB%D0%B5%D0%BD%D0%B8%D0%B9-%D0%BD%D0%B0-%D1%81%D0%B0%D0%B9%D1%82-s-%D0%B8%D0%B7-%D1%80%D0%B5%D0%B5%D1%81%D1%82%D1%80%D0%B0-%D0%B7%D0%B0%D0%B4%D0%B0%D1%87","trello.com"
"6863e5708535aafb306230ea","EkF3EKYk","Разобраться как работает система email-рассылки (из реестра)","Архив (Выполнено)","False","text","https://prnt.sc/K91Dky43u3Qe","prnt.sc"
"6863e7ce46473e490f197225","IJpuYbJg","Перепроверить политики и тд","Архив (Выполнено)","False","text","https://usemybridge.com/","usemybridge.com"
"6863e7ce46473e490f197225","IJpuYbJg","Перепроверить политики и тд","Архив (Выполнено)","False","text","https://confideline.com/page/AntiScam","confideline.com"
"6863e7ce46473e490f197225","IJpuYbJg","Перепроверить политики и тд","Архив (Выполнено)","False","text","https://confideline.com/page/cookie-policy","confideline.com"
"6863e7ce46473e490f197225","IJpuYbJg","Перепроверить политики и тд","Архив (Выполнено)","False","text","https://confideline.com/page/Safety","confideline.com"
"6863e7ce46473e490f197225","IJpuYbJg","Перепроверить политики и тд","Архив (Выполнено)","False","text","https://confideline.com/page/privacy-policy","confideline.com"
"6863e7ce46473e490f197225","IJpuYbJg","Перепроверить политики и тд","Архив (Выполнено)","False","text","https://confideline.com/page/legal-safety-center","confideline.com"
"6863e7ce46473e490f197225","IJpuYbJg","Перепроверить политики и тд","Архив (Выполнено)","False","text","https://confideline.com/page/terms-and-conditions","confideline.com"
"6863e7ce46473e490f197225","IJpuYbJg","Перепроверить политики и тд","Архив (Выполнено)","False","text","https://confideline.com/page/cancellation-refund","confideline.com"
"6863e7ce46473e490f197225","IJpuYbJg","Перепроверить политики и тд","Архив (Выполнено)","False","text","https://confideline.com/page/policy-content","confideline.com"
"686c07a702d978784b66d301","D3O2PNch","Сформировать дорожную карту","Архив (Выполнено)","False","text","https://docs.google.com/document/d/1U2oybi6bOr5mDvgohOU98vo8YWI3p23IytUqH8sV78w/edit?usp=sharing","docs.google.com"
"686c08eca480793a34060a3b","yPVWOJSF","Сформировать ТЗ для дизайнера по недостающим страницам S","Архив (Выполнено)","False","attachment","https://trello.com/c/G11mfR6V/123-%D1%80%D0%B5%D0%B2%D0%B8%D0%B7%D0%B8%D1%8F-%D0%B2%D1%81%D0%B5%D1%85-%D1%81%D1%82%D1%80%D0%B0%D0%BD%D0%B8%D1%86-%D1%8E%D0%B4%D0%B5%D0%B9%D1%82-%D0%B4%D0%BB%D1%8F-%D0%BF%D1%80%D0%BE%D0%B5%D0%BA%D1%82%D0%B0-s","trello.com"
"67ed1b30c7b23da7d4f94265","XZQMssaM","Макеты недостающих страниц S","Архив (Выполнено)","False","attachment","https://trello.com/1/cards/67ed1b30c7b23da7d4f94265/attachments/6862cee8e53e05cec95da80f/download/image.png","trello.com"
"67ed1b30c7b23da7d4f94265","XZQMssaM","Макеты недостающих страниц S","Архив (Выполнено)","False","attachment","https://trello.com/1/cards/67ed1b30c7b23da7d4f94265/attachments/6862cec220571a8f6dd8a9e9/download/image.png","trello.com"
"67ed1b30c7b23da7d4f94265","XZQMssaM","Макеты недостающих страниц S","Архив (Выполнено)","False","attachment","https://trello.com/1/cards/67ed1b30c7b23da7d4f94265/attachments/68528313cd10c69379f3ca4d/download/%D0%9C%D0%B0%D0%BA%D0%B5%D1%82_S-_4.png","trello.com"
"67ed1b30c7b23da7d4f94265","XZQMssaM","Макеты недостающих страниц S","Архив (Выполнено)","False","attachment","https://trello.com/1/cards/67ed1b30c7b23da7d4f94265/attachments/6862ceca8bf9ab4899a162e1/download/image.png","trello.com"
"67ed1b30c7b23da7d4f94265","XZQMssaM","Макеты недостающих страниц S","Архив (Выполнено)","False","attachment","https://trello.com/1/cards/67ed1b30c7b23da7d4f94265/attachments/6862ced6c79c3ee48c3d5553/download/image.png","trello.com"
"67ed1b30c7b23da7d4f94265","XZQMssaM","Макеты недостающих страниц S","Архив (Выполнено)","False","attachment","https://trello.com/1/cards/67ed1b30c7b23da7d4f94265/attachments/6862cef090962bc542a319dd/download/image.png","trello.com"
"67ed1b30c7b23da7d4f94265","XZQMssaM","Макеты недостающих страниц S","Архив (Выполнено)","False","attachment","https://trello.com/1/cards/67ed1b30c7b23da7d4f94265/attachments/6862cef7dea51d0ef5304747/download/image.png","trello.com"
"6878e939ed128770e90efd45","sDaz0HWN","Регистрация на сайтах типа небулы","Архив (Выполнено)","False","text","https://ezochat.com/psychic-register","ezochat.com"
"6878e939ed128770e90efd45","sDaz0HWN","Регистрация на сайтах типа небулы","Архив (Выполнено)","False","text","https://astro7.su","astro7.su"
"6878e939ed128770e90efd45","sDaz0HWN","Регистрация на сайтах типа небулы","Архив (Выполнено)","False","text","https://astro7.su/","astro7.su"
"6878e939ed128770e90efd45","sDaz0HWN","Регистрация на сайтах типа небулы","Архив (Выполнено)","False","text","https://lunaro.ru/ekspertam","lunaro.ru"
"6878e939ed128770e90efd45","sDaz0HWN","Регистрация на сайтах типа небулы","Архив (Выполнено)","False","text","https://Astrology.com","astrology.com"
"6878e939ed128770e90efd45","sDaz0HWN","Регистрация на сайтах типа небулы","Архив (Выполнено)","False","text","https://asknebula.com/","asknebula.com"
"6878e939ed128770e90efd45","sDaz0HWN","Регистрация на сайтах типа небулы","Архив (Выполнено)","False","text","https://www.astrology.com/","www.astrology.com"
"6878e939ed128770e90efd45","sDaz0HWN","Регистрация на сайтах типа небулы","Архив (Выполнено)","False","text","https://lunaro.ru/","lunaro.ru"
"6878e939ed128770e90efd45","sDaz0HWN","Регистрация на сайтах типа небулы","Архив (Выполнено)","False","text","https://ezochat.com/","ezochat.com"
"683d5b6c9a6a4ee3f4ad276f","UIh5ipt1","ТЗ по SEO (из реестра)","Архив (Выполнено)","False","text","https://docs.google.com/document/d/1fdKsIi-i6JKCwgwN23duHlC4_28zGuSz/edit?usp=sharing&ouid=117865673662155780117&rtpof=true&sd=true","docs.google.com"
"688b55d18339bbfadfb3cfeb","2gmwj5dL","Готовый предложенный стикерпак","Архив (Выполнено)","False","text","https://www.flaticon.com/ru/free-icons/dating?word=знакомства&color=red","www.flaticon.com"
"688b55d18339bbfadfb3cfeb","2gmwj5dL","Готовый предложенный стикерпак","Архив (Выполнено)","False","text","https://www.flaticon.com/ru/free-icons/dating?word=%D0%B7%D0%BD%D0%B0%D0%BA%D0%BE%D0%BC%D1%81%D1%82%D0%B2%D0%B0&color=red","www.flaticon.com"
"688b55d18339bbfadfb3cfeb","2gmwj5dL","Готовый предложенный стикерпак","Архив (Выполнено)","False","text","https://elements.envato.com/ru/60-dating-app-line-icons-2T3JDN8","elements.envato.com"
"688b55d18339bbfadfb3cfeb","2gmwj5dL","Готовый предложенный стикерпак","Архив (Выполнено)","False","text","https://elements.envato.com/ru/romantic-cute-love-sticker-element-EK9WQ9G","elements.envato.com"
"688b55d18339bbfadfb3cfeb","2gmwj5dL","Готовый предложенный стикерпак","Архив (Выполнено)","False","text","https://elements.envato.com/ru/dating-app-icons-CVQJCKD","elements.envato.com"
"688b55d18339bbfadfb3cfeb","2gmwj5dL","Готовый предложенный стикерпак","Архив (Выполнено)","False","text","https://elements.envato.com/ru/love-sex-icons-set-DEGLBFH","elements.envato.com"
"688b55d18339bbfadfb3cfeb","2gmwj5dL","Готовый предложенный стикерпак","Архив (Выполнено)","False","text","https://elements.envato.com/ru/love-icon-sticker-set-SCZSRSH","elements.envato.com"
"688b55d18339bbfadfb3cfeb","2gmwj5dL","Готовый предложенный стикерпак","Архив (Выполнено)","False","text","https://creativemarket.com/kmgdesignid/6618760-50-Romance-Lineal-Color","creativemarket.com"
"688b55d18339bbfadfb3cfeb","2gmwj5dL","Готовый предложенный стикерпак","Архив (Выполнено)","False","text","https://creativemarket.com/vostockshop/5802677-60-Valentines-Day-Color-Icons","creativemarket.com"
"688b55d18339bbfadfb3cfeb","2gmwj5dL","Готовый предложенный стикерпак","Архив (Выполнено)","False","text","https://creativemarket.com/prosymbols/282452313-Dating-App-Icons-Collection","creativemarket.com"
"688b55d18339bbfadfb3cfeb","2gmwj5dL","Готовый предложенный стикерпак","Архив (Выполнено)","False","text","https://creativemarket.com/blogoodf/2167516-Romantic-Icons-Set-Concept","creativemarket.com"
"688b55d18339bbfadfb3cfeb","2gmwj5dL","Готовый предложенный стикерпак","Архив (Выполнено)","False","text","https://stock.adobe.com/images/cartoon-hand-line-drawing-love-character-couple/241816393","stock.adobe.com"
"688b55d18339bbfadfb3cfeb","2gmwj5dL","Готовый предложенный стикерпак","Архив (Выполнено)","False","text","https://stock.adobe.com/images/heart-and-love-sticker-set-fashion-patch-collection/464933293","stock.adobe.com"
"688b55d18339bbfadfb3cfeb","2gmwj5dL","Готовый предложенный стикерпак","Архив (Выполнено)","False","text","https://stock.adobe.com/images/vector-pack-of-love-stickers-with-hearts/244892486","stock.adobe.com"
"688b55d18339bbfadfb3cfeb","2gmwj5dL","Готовый предложенный стикерпак","Архив (Выполнено)","False","text","https://stock.adobe.com/images/retro-valentine-love-icons/714828874","stock.adobe.com"
"688b55d18339bbfadfb3cfeb","2gmwj5dL","Готовый предложенный стикерпак","Архив (Выполнено)","False","text","https://stock.adobe.com/images/happy-couple-in-love-set-young-people-on-valentine-day/308484420","stock.adobe.com"
"688b55d18339bbfadfb3cfeb","2gmwj5dL","Готовый предложенный стикерпак","Архив (Выполнено)","False","text","https://stock.adobe.com/images/hugs-hands-arm-embrace-relationship-hugged-hands-heart-shapes/688778301","stock.adobe.com"
"688b55d18339bbfadfb3cfeb","2gmwj5dL","Готовый предложенный стикерпак","Архив (Выполнено)","False","text","https://stock.adobe.com/images/collection-of-hearts-vector-logos-or-icons-set-heart-shapes-of-different-styles-and-concepts-symbols-love-and-care-health-and-cardiology-geometric-and-low-poly/595847614","stock.adobe.com"
"688b55d18339bbfadfb3cfeb","2gmwj5dL","Готовый предложенный стикерпак","Архив (Выполнено)","False","text","https://elements.envato.com/ru/graphics/stickers","elements.envato.com"
"688b55d18339bbfadfb3cfeb","2gmwj5dL","Готовый предложенный стикерпак","Архив (Выполнено)","False","text","https://creativemarket.com/search/stickers","creativemarket.com"
"688b55d18339bbfadfb3cfeb","2gmwj5dL","Готовый предложенный стикерпак","Архив (Выполнено)","False","text","https://stock.adobe.com/","stock.adobe.com"
"688b55d18339bbfadfb3cfeb","2gmwj5dL","Готовый предложенный стикерпак","Архив (Выполнено)","False","text","https://www.etsy.com/search?q=stickers+digital","www.etsy.com"
"688b55d18339bbfadfb3cfeb","2gmwj5dL","Готовый предложенный стикерпак","Архив (Выполнено)","False","text","https://lottiefiles.com/search?q=love","lottiefiles.com"
"688b55d18339bbfadfb3cfeb","2gmwj5dL","Готовый предложенный стикерпак","Архив (Выполнено)","False","text","https://giphy.com/stickers","giphy.com"
"688b55d18339bbfadfb3cfeb","2gmwj5dL","Готовый предложенный стикерпак","Архив (Выполнено)","False","text","https://www.flaticon.com/packs/stickers","www.flaticon.com"
"688b55d18339bbfadfb3cfeb","2gmwj5dL","Готовый предложенный стикерпак","Архив (Выполнено)","False","text","https://openmoji.org/","openmoji.org"
"688b55d18339bbfadfb3cfeb","2gmwj5dL","Готовый предложенный стикерпак","Архив (Выполнено)","False","attachment","https://trello.com/1/cards/688b55d18339bbfadfb3cfeb/attachments/688b564ae9af07a622bbe1a1/download/image_2025-07-31_14-38-28.png","trello.com"
"688b55d18339bbfadfb3cfeb","2gmwj5dL","Готовый предложенный стикерпак","Архив (Выполнено)","False","attachment","https://trello.com/1/cards/688b55d18339bbfadfb3cfeb/attachments/68acd211d36a5382fbfa9358/download/%D0%A1%D1%82%D0%B8%D0%BA%D0%B5%D1%80%D1%8B.zip","trello.com"
"68905dfb67422b8c6199ca16","jhP7Mbpg","Окончательное ТЗ по чат боту!","Архив (Выполнено)","False","text","https://docs.google.com/spreadsheets/d/1_RgP4ntifEIN0dO2OhTjq-Zpoq9s-gTB/edit?usp=sharing&ouid=117865673662155780117&rtpof=true&sd=true","docs.google.com"
"68905dfb67422b8c6199ca16","jhP7Mbpg","Окончательное ТЗ по чат боту!","Архив (Выполнено)","False","text","https://trello.com/c/GTEID3Q7/101-%D0%BF%D1%80%D0%BE%D1%82%D0%BE%D1%82%D0%B8%D0%BF-%D1%87%D0%B0%D1%82-%D0%B1%D0%BE%D1%82%D0%B0-s-%D1%82%D0%B7-%D0%BF%D0%BE-%D0%B4%D0%BE%D1%80%D0%B0%D0%B1%D0%BE%D1%82%D0%BA%D0%B0%D0%BC","trello.com"
"68a6d1efc2838c52a03300c0","uMDT6uPU","Найти верстальщика для Главной страницы S","Архив (Выполнено)","False","text","https://freelancehunt.com/freelancer/sergii13.html","freelancehunt.com"
"68a6d1efc2838c52a03300c0","uMDT6uPU","Найти верстальщика для Главной страницы S","Архив (Выполнено)","False","text","https://alisaclub.vercel.app/","alisaclub.vercel.app"
"68ac5559e441f610a38e10b4","Ibq7eWBK","Запустить регистрацию на сайтах знакомств в режиме агента","Архив (Выполнено)","False","text","https://www.pof.com/","www.pof.com"
"68ac5559e441f610a38e10b4","Ibq7eWBK","Запустить регистрацию на сайтах знакомств в режиме агента","Архив (Выполнено)","False","text","https://internationalcupid.com/","internationalcupid.com"
"685a552eb07a4a0dec7837fe","0KaDDgWe","Дизайн и функционал сторисов.","Архив (Выполнено)","False","attachment","https://trello.com/1/cards/685a552eb07a4a0dec7837fe/attachments/685a558ef46c7b5d24b54bfe/download/image_2025-06-19_16-05-18.png","trello.com"
"685a552eb07a4a0dec7837fe","0KaDDgWe","Дизайн и функционал сторисов.","Архив (Выполнено)","False","attachment","https://trello.com/1/cards/685a552eb07a4a0dec7837fe/attachments/685a5585291156639620df81/download/image_2025-06-19_16-05-47.png","trello.com"
"685a552eb07a4a0dec7837fe","0KaDDgWe","Дизайн и функционал сторисов.","Архив (Выполнено)","False","text","https://you-date.vercel.app/attention.html","you-date.vercel.app"
"685a552eb07a4a0dec7837fe","0KaDDgWe","Дизайн и функционал сторисов.","Архив (Выполнено)","False","attachment","https://trello.com/1/cards/685a552eb07a4a0dec7837fe/attachments/68c88173e0f79c47d68978c1/download/image.png","trello.com"
"685a552eb07a4a0dec7837fe","0KaDDgWe","Дизайн и функционал сторисов.","Архив (Выполнено)","False","attachment","https://trello.com/1/cards/685a552eb07a4a0dec7837fe/attachments/68bf2c9f09260421add3f2a2/download/image.png","trello.com"
"685a552eb07a4a0dec7837fe","0KaDDgWe","Дизайн и функционал сторисов.","Архив (Выполнено)","False","text","https://www.figma.com/design/RwxYQBLDns7T9X3bnVmVBl/YouDate?node-id=403-2391&p=f&t=42B92YG1bua5NZ71-0","www.figma.com"
"685a552eb07a4a0dec7837fe","0KaDDgWe","Дизайн и функционал сторисов.","Архив (Выполнено)","False","attachment","https://trello.com/1/cards/685a552eb07a4a0dec7837fe/attachments/68acd244d0f3421b6d20904b/download/image.png","trello.com"
"685a552eb07a4a0dec7837fe","0KaDDgWe","Дизайн и функционал сторисов.","Архив (Выполнено)","False","attachment","https://trello.com/1/cards/685a552eb07a4a0dec7837fe/attachments/68bf2cad0b5de206ff6da379/download/image.png","trello.com"
"688cf17ff5b9e3e32e51362f","Zpf4j7Q7","ТЗ по добавлению видео в группы (из реестра)","Архив (Выполнено)","False","text","https://docs.google.com/document/d/1L2bDeqhUCNbHoQ6sfDY1p3PGL-qZKjQM/edit?usp=sharing&ouid=117865673662155780117&rtpof=true&sd=true","docs.google.com"
"68906e4f4d3cdf3387c83423","lngbLfNo","Тестирование сайта Юдейт по премиум","Архив (Выполнено)","False","text","https://docs.google.com/document/d/1appXvKwHWoogd2ZavEgrTe9tJDoso4o4C6O8QXxzkJg/edit?tab=t.0","docs.google.com"
"68c87eac9a521f09ae490fb5","5m8rJJNp","Регистрация на JapanCupid.com с Румынии","Архив (Выполнено)","False","text","http://JapanCupid.com","japancupid.com"
"68c87eac9a521f09ae490fb5","5m8rJJNp","Регистрация на JapanCupid.com с Румынии","Архив (Выполнено)","False","text","https://www.japancupid.com/","www.japancupid.com"
"68c87eac9a521f09ae490fb5","5m8rJJNp","Регистрация на JapanCupid.com с Румынии","Архив (Выполнено)","False","text","https://www.asiandating.com/","www.asiandating.com"
"68c5654ac4ed73a065c21af7","ftSfC62I","Список сайтов знакомств","Архив (Выполнено)","False","text","https://www.adultfriendfinder.com","www.adultfriendfinder.com"
"68c5654ac4ed73a065c21af7","ftSfC62I","Список сайтов знакомств","Архив (Выполнено)","False","text","https://www.jdate.com","www.jdate.com"
"68c5654ac4ed73a065c21af7","ftSfC62I","Список сайтов знакомств","Архив (Выполнено)","False","text","https://www.zoosk.com","www.zoosk.com"
"68c5654ac4ed73a065c21af7","ftSfC62I","Список сайтов знакомств","Архив (Выполнено)","False","text","https://www.christianmingle.com","www.christianmingle.com"
"68c5654ac4ed73a065c21af7","ftSfC62I","Список сайтов знакомств","Архив (Выполнено)","False","text","https://www.eharmony.com","www.eharmony.com"
"68c5654ac4ed73a065c21af7","ftSfC62I","Список сайтов знакомств","Архив (Выполнено)","False","text","https://www.silversingles.com","www.silversingles.com"
"68c5654ac4ed73a065c21af7","ftSfC62I","Список сайтов знакомств","Архив (Выполнено)","False","text","https://www.elitesingles.com","www.elitesingles.com"
"68c5654ac4ed73a065c21af7","ftSfC62I","Список сайтов знакомств","Архив (Выполнено)","False","text","https://www.wooplus.com","www.wooplus.com"
"68c5654ac4ed73a065c21af7","ftSfC62I","Список сайтов знакомств","Архив (Выполнено)","False","text","https://www.lovoo.com","www.lovoo.com"
"68c5654ac4ed73a065c21af7","ftSfC62I","Список сайтов знакомств","Архив (Выполнено)","False","text","https://www.bumble.com","www.bumble.com"
"68c5654ac4ed73a065c21af7","ftSfC62I","Список сайтов знакомств","Архив (Выполнено)","False","text","https://muzz.com","muzz.com"
"68c5654ac4ed73a065c21af7","ftSfC62I","Список сайтов знакомств","Архив (Выполнено)","False","text","https://www.parship.com","www.parship.com"
"68c5654ac4ed73a065c21af7","ftSfC62I","Список сайтов знакомств","Архив (Выполнено)","False","text","https://www.c-date.com","www.c-date.com"
"68c5654ac4ed73a065c21af7","ftSfC62I","Список сайтов знакомств","Архив (Выполнено)","False","text","https://www.lovescout24.de","www.lovescout24.de"
"68c5654ac4ed73a065c21af7","ftSfC62I","Список сайтов знакомств","Архив (Выполнено)","False","text","https://www.meetic.com","www.meetic.com"
"68c5654ac4ed73a065c21af7","ftSfC62I","Список сайтов знакомств","Архив (Выполнено)","False","text","https://www.edarling.com","www.edarling.com"
"68c5654ac4ed73a065c21af7","ftSfC62I","Список сайтов знакомств","Архив (Выполнено)","False","text","http://AfroIntroductions.com","afrointroductions.com"
"68c5654ac4ed73a065c21af7","ftSfC62I","Список сайтов знакомств","Архив (Выполнено)","False","text","http://AsianDating.com","asiandating.com"
"68c5654ac4ed73a065c21af7","ftSfC62I","Список сайтов знакомств","Архив (Выполнено)","False","text","http://AstroCupid.com","astrocupid.com"
"68c5654ac4ed73a065c21af7","ftSfC62I","Список сайтов знакомств","Архив (Выполнено)","False","text","http://BBWCupid.com","bbwcupid.com"
"68c5654ac4ed73a065c21af7","ftSfC62I","Список сайтов знакомств","Архив (Выполнено)","False","text","http://BlackCupid.com","blackcupid.com"
"68c5654ac4ed73a065c21af7","ftSfC62I","Список сайтов знакомств","Архив (Выполнено)","False","text","http://BrazilCupid.com","brazilcupid.com"
"68c5654ac4ed73a065c21af7","ftSfC62I","Список сайтов знакомств","Архив (Выполнено)","False","text","http://CambodianCupid.com","cambodiancupid.com"
"68c5654ac4ed73a065c21af7","ftSfC62I","Список сайтов знакомств","Архив (Выполнено)","False","text","http://CaribbeanCupid.com","caribbeancupid.com"
"68c5654ac4ed73a065c21af7","ftSfC62I","Список сайтов знакомств","Архив (Выполнено)","False","text","http://ChinaLoveCupid.com","chinalovecupid.com"
"68c5654ac4ed73a065c21af7","ftSfC62I","Список сайтов знакомств","Архив (Выполнено)","False","text","http://ChristianCupid.com","christiancupid.com"
"68c5654ac4ed73a065c21af7","ftSfC62I","Список сайтов знакомств","Архив (Выполнено)","False","text","http://ColombianCupid.com","colombiancupid.com"
"68c5654ac4ed73a065c21af7","ftSfC62I","Список сайтов знакомств","Архив (Выполнено)","False","text","http://DominicanCupid.com","dominicancupid.com"
"68c5654ac4ed73a065c21af7","ftSfC62I","Список сайтов знакомств","Архив (Выполнено)","False","text","http://EliteCupid.com","elitecupid.com"
"68c5654ac4ed73a065c21af7","ftSfC62I","Список сайтов знакомств","Архив (Выполнено)","False","text","http://FilipinoCupid.com","filipinocupid.com"
"68c5654ac4ed73a065c21af7","ftSfC62I","Список сайтов знакомств","Архив (Выполнено)","False","text","http://HongKongCupid.com","hongkongcupid.com"
"68c5654ac4ed73a065c21af7","ftSfC62I","Список сайтов знакомств","Архив (Выполнено)","False","text","http://IndianCupid.com","indiancupid.com"
"68c5654ac4ed73a065c21af7","ftSfC62I","Список сайтов знакомств","Архив (Выполнено)","False","text","http://IndonesianCupid.com","indonesiancupid.com"
"68c5654ac4ed73a065c21af7","ftSfC62I","Список сайтов знакомств","Архив (Выполнено)","False","text","http://InternationalCupid.com","internationalcupid.com"
"68c5654ac4ed73a065c21af7","ftSfC62I","Список сайтов знакомств","Архив (Выполнено)","False","text","http://InterracialCupid.com","interracialcupid.com"
"68c5654ac4ed73a065c21af7","ftSfC62I","Список сайтов знакомств","Архив (Выполнено)","False","text","http://JapanCupid.com","japancupid.com"
"68c5654ac4ed73a065c21af7","ftSfC62I","Список сайтов знакомств","Архив (Выполнено)","False","text","http://KenyanCupid.com","kenyancupid.com"
"68c5654ac4ed73a065c21af7","ftSfC62I","Список сайтов знакомств","Архив (Выполнено)","False","text","http://KoreanCupid.com","koreancupid.com"
"68c5654ac4ed73a065c21af7","ftSfC62I","Список сайтов знакомств","Архив (Выполнено)","False","text","http://LatinAmericanCupid.com","latinamericancupid.com"
"68c5654ac4ed73a065c21af7","ftSfC62I","Список сайтов знакомств","Архив (Выполнено)","False","text","http://MalaysianCupid.com","malaysiancupid.com"
"68c5654ac4ed73a065c21af7","ftSfC62I","Список сайтов знакомств","Архив (Выполнено)","False","text","http://MexicanCupid.com","mexicancupid.com"
"68c5654ac4ed73a065c21af7","ftSfC62I","Список сайтов знакомств","Архив (Выполнено)","False","text","http://MilitaryCupid.com","militarycupid.com"
"68c5654ac4ed73a065c21af7","ftSfC62I","Список сайтов знакомств","Архив (Выполнено)","False","text","http://Muslima.com","muslima.com"
"68c5654ac4ed73a065c21af7","ftSfC62I","Список сайтов знакомств","Архив (Выполнено)","False","text","http://PinkCupid.com","pinkcupid.com"
"68c5654ac4ed73a065c21af7","ftSfC62I","Список сайтов знакомств","Архив (Выполнено)","False","text","http://SilverLove.com","silverlove.com"
"68c5654ac4ed73a065c21af7","ftSfC62I","Список сайтов знакомств","Архив (Выполнено)","False","text","http://SingaporeLoveLinks.com","singaporelovelinks.com"
"68c5654ac4ed73a065c21af7","ftSfC62I","Список сайтов знакомств","Архив (Выполнено)","False","text","http://SouthAfricanCupid.com","southafricancupid.com"
"68c5654ac4ed73a065c21af7","ftSfC62I","Список сайтов знакомств","Архив (Выполнено)","False","text","http://ThaiCupid.com","thaicupid.com"
"68c5654ac4ed73a065c21af7","ftSfC62I","Список сайтов знакомств","Архив (Выполнено)","False","text","http://UkraineDate.com","ukrainedate.com"
"68c5654ac4ed73a065c21af7","ftSfC62I","Список сайтов знакомств","Архив (Выполнено)","False","text","http://VietnamCupid.com","vietnamcupid.com"
"68ee0b5ff48c1a1d2c3c86f4","2HfUQVZU","ИИ для псевдо KYC","Архив (Выполнено)","False","attachment","https://trello.com/1/cards/68ee0b5ff48c1a1d2c3c86f4/attachments/68f6849578080d477e8e51bc/download/%D0%98%D0%BD%D1%81%D1%82%D1%80%D0%BA%D1%86%D0%B8%D1%8F_%D0%BF%D0%BE_%D0%90%D0%98_%D0%B0%D1%81%D1%81%D0%B8%D1%81%D1%82%D0%B5%D0%BD%D1%82%D1%83_Gemini_nano_banana.docx","trello.com"
"69a6a6184309037da1b92370","Jq50a4t8","ТЗ чат продвинутая версия","Не актуально","False","attachment","https://trello.com/1/cards/69a6a6184309037da1b92370/attachments/69ad4630290f46758ded742e/download/home.html","trello.com"
"69a6a6184309037da1b92370","Jq50a4t8","ТЗ чат продвинутая версия","Не актуально","False","attachment","https://trello.com/1/cards/69a6a6184309037da1b92370/attachments/69ac42b6e655a0ba2a5cdcc8/download/admin-chat.zip","trello.com"
"68418ddb33d1466c9f556343","XBYHgjjU","ТЗ по платному чату (Алексей)","Полка (Когда-нибудь)","False","text","https://docs.google.com/spreadsheets/d/1tU4c6gkm6f4oNa4ZX4A43mu_1U_1VzE2CKoxoed_zKo/edit?gid=0#gid=0","docs.google.com"
"67bebd2712ad748043cc28ff","fGgovEA0","Описать систему начислений партнерам за действия","Полка (Когда-нибудь)","False","text","https://docs.google.com/document/d/1eTV_SmzDgaDt3hmC4QszH4PATRUHiZ0-h9AYk1YM3xk/edit?tab=t.0","docs.google.com"
"67bebd2712ad748043cc28ff","fGgovEA0","Описать систему начислений партнерам за действия","Полка (Когда-нибудь)","False","text","https://docs.google.com/document/d/1eTV_SmzDgaDt3hmC4QszH4PATRUHiZ0-h9AYk1YM3xk/edit?usp=sharing","docs.google.com"
"66c48131fc327cbe148d521c","0GdHnH4S","Развернуть чат боты","Полка (Когда-нибудь)","False","text","https://github.com/Synthintel0/MyGirlGPT","github.com"
"66c48131fc327cbe148d521c","0GdHnH4S","Развернуть чат боты","Полка (Когда-нибудь)","False","text","https://github.com/immarklitvinov/telegram_dating_bot","github.com"
"66c48131fc327cbe148d521c","0GdHnH4S","Развернуть чат боты","Полка (Когда-нибудь)","False","attachment","https://trello.com/1/cards/66c48131fc327cbe148d521c/attachments/67ed1244769a4a6d79ef5a7f/download/image.png","trello.com"
"66c48131fc327cbe148d521c","0GdHnH4S","Развернуть чат боты","Полка (Когда-нибудь)","False","text","https://github.com/DavidRomanovizc/DatingBot","github.com"
"66c48131fc327cbe148d521c","0GdHnH4S","Развернуть чат боты","Полка (Когда-нибудь)","False","text","https://github.com/AlexanderLukash/dating-telegram-bot-webapp","github.com"
"67ed1c8c0023f4b22ba7e8b7","GTEID3Q7","Прототип чат-бота S, ТЗ по доработкам","Полка (Когда-нибудь)","False","attachment","https://trello.com/1/cards/67ed1c8c0023f4b22ba7e8b7/attachments/680f7e5e4844f0e80bb26b31/download/image.png","trello.com"
"682f281354cebf8cfdd64313","so5TDVgc","ТЗ по платным альбомам (из реестра)","Полка (Когда-нибудь)","False","text","https://docs.google.com/document/d/18EWmUD64J30VVevRyrCpD4gogzjO6tukX4Ylyzl-XWI/edit?tab=t.0#heading=h.8qt8jnpwsqhd","docs.google.com"
"6815f0d3310561f6b4792520","DGaGZWpm","ТЗ чат-бота по S (финал)","Полка (Когда-нибудь)","False","text","https://docs.google.com/spreadsheets/d/1_RgP4ntifEIN0dO2OhTjq-Zpoq9s-gTB/edit?usp=sharing&ouid=117865673662155780117&rtpof=true&sd=true","docs.google.com"
"6815f0d3310561f6b4792520","DGaGZWpm","ТЗ чат-бота по S (финал)","Полка (Когда-нибудь)","False","text","https://github.com/devvsima/dating-bot","github.com"
"6815f0d3310561f6b4792520","DGaGZWpm","ТЗ чат-бота по S (финал)","Полка (Когда-нибудь)","False","text","https://t.me/michalangelo_bot","t.me"
"6815f0d3310561f6b4792520","DGaGZWpm","ТЗ чат-бота по S (финал)","Полка (Когда-нибудь)","False","attachment","https://trello.com/1/cards/6815f0d3310561f6b4792520/attachments/6838080d77420b5f381ebfbf/download/image.png","trello.com"
"68c930f4bcecf7f46d6e9a4f","1rR0JN0f","Программист тг-бота","Полка (Когда-нибудь)","False","text","https://freelancehunt.com/freelancer/cyber-x.html","freelancehunt.com"
"68c930f4bcecf7f46d6e9a4f","1rR0JN0f","Программист тг-бота","Полка (Когда-нибудь)","False","text","https://freelancehunt.com/freelancer/borisrazzr.html","freelancehunt.com"
"68b16802f96b5383f6b99410","qWEPb34Z","Заверстать лендинг S","Полка (Когда-нибудь)","False","text","https://www.figma.com/design/RwxYQBLDns7T9X3bnVmVBl/YouDate?node-id=0-1&p=f&t=jsRJURyopBY1mJc7-0","www.figma.com"
"68b16802f96b5383f6b99410","qWEPb34Z","Заверстать лендинг S","Полка (Когда-нибудь)","False","text","https://you-date.vercel.app/attention.html","you-date.vercel.app"
"68b16802f96b5383f6b99410","qWEPb34Z","Заверстать лендинг S","Полка (Когда-нибудь)","False","text","https://you-date-dist.vercel.app/home.html","you-date-dist.vercel.app"
"6989d2ef90a8dc4140ddff7c","yBeq6u8C","Квис-гороскоп + спецпредложение","Полка (Когда-нибудь)","False","text","https://asknebula.com/charts/life-path-calculator","asknebula.com"
"6989d2ef90a8dc4140ddff7c","yBeq6u8C","Квис-гороскоп + спецпредложение","Полка (Когда-нибудь)","False","attachment","https://trello.com/1/cards/6989d2ef90a8dc4140ddff7c/attachments/6989d2fac688155b75a35017/download/NEBULA.pdf","trello.com"
"688e5280415ec9fbfe3b5071","q6oLbD5V","Отчет за июль","План на июль","False","text","https://trello.com/c/5npGPUSO/108-%D1%80%D0%B0%D0%B1%D0%BE%D1%82%D0%B0-%D1%81-%D0%B4%D0%B8%D0%B7%D0%B0%D0%B9%D0%BD%D0%B5%D1%80%D0%BE%D0%BC-%D0%BF%D0%BE-%D1%81%D1%82%D1%80%D0%B0%D0%BD%D0%B8%D1%86%D0%B0%D0%BC-h","trello.com"
"688e5280415ec9fbfe3b5071","q6oLbD5V","Отчет за июль","План на июль","False","text","https://www.figma.com/design/0bHuDBrirrsNg6ryxSPOgy/OLLYA?node-id=0-1&p=f&t=mLbAhy1WNK1Xky0q-0","www.figma.com"
"688e5280415ec9fbfe3b5071","q6oLbD5V","Отчет за июль","План на июль","False","text","https://trello.com/c/kmkP67pK/92-%D0%BC%D0%B0%D0%BA%D0%B5%D1%82-%D0%B3%D0%BB%D0%B0%D0%B2%D0%BD%D0%BE%D0%B9-%D1%81%D1%82%D1%80%D0%B0%D0%BD%D0%B8%D1%86%D1%8B-s","trello.com"
"688e5280415ec9fbfe3b5071","q6oLbD5V","Отчет за июль","План на июль","False","text","https://www.figma.com/proto/RwxYQBLDns7T9X3bnVmVBl/YouDate?node-id=215-1900&t=5dsHltBFpua4b722-0&scaling=min-zoom&content-scaling=fixed&page-id=0%3A1","www.figma.com"
"688e5280415ec9fbfe3b5071","q6oLbD5V","Отчет за июль","План на июль","False","text","https://trello.com/c/qfz50mtc/113-%D0%BE%D0%BF%D0%B8%D1%81%D0%B0%D1%82%D1%8C-%D1%82%D0%B5%D0%B7%D0%B8%D1%81%D0%BD%D0%BE-%D0%BF%D0%BB%D0%B0%D1%82%D0%BD%D1%8B%D0%B9-%D1%87%D0%B0%D1%82-%D0%BA%D0%B0%D0%BA-%D0%B2-%D0%BD%D0%B5%D0%B1%D1%83%D0%BB%D0%B0-%D0%B8%D0%B7-%D1%80%D0%B5%D0%B5%D1%81%D1%82%D1%80%D0%B0-%D0%B7%D0%B0%D0%B4%D0%B0%D1%87","trello.com"
"688e5280415ec9fbfe3b5071","q6oLbD5V","Отчет за июль","План на июль","False","text","https://trello.com/c/XBYHgjjU/124-%D1%82%D0%B7-%D0%BF%D0%BE-%D0%BF%D0%BB%D0%B0%D1%82%D0%BD%D0%BE%D0%BC%D1%83-%D1%87%D0%B0%D1%82%D1%83-%D0%B0%D0%BB%D0%B5%D0%BA%D1%81%D0%B5%D0%B9","trello.com"
"688e5280415ec9fbfe3b5071","q6oLbD5V","Отчет за июль","План на июль","False","text","https://trello.com/c/F8z2XQdp/126-%D1%82%D0%B7-%D0%BF%D0%BE-%D1%83%D0%BF%D1%80%D0%B0%D0%B2%D0%BB%D0%B5%D0%BD%D0%B8%D1%8E-%D0%BF%D1%80%D0%B5%D0%BC%D0%B8%D1%83%D0%BC-%D0%B3%D0%BE%D1%80%D0%BE%D0%B4%D0%BE%D0%B2-%D0%B8%D0%B7-%D1%80%D0%B5%D0%B5%D1%81%D1%82%D1%80%D0%B0","trello.com"
"688e5280415ec9fbfe3b5071","q6oLbD5V","Отчет за июль","План на июль","False","text","https://docs.google.com/document/d/1uqxU2aue-Tdr3DV6qt97cmXhiVbYzy1_bTytbO2oPns/edit?tab=t.0","docs.google.com"
"688e5280415ec9fbfe3b5071","q6oLbD5V","Отчет за июль","План на июль","False","text","https://trello.com/c/0KaDDgWe/130-%D1%84%D1%83%D0%BD%D0%BA%D1%86%D0%B8%D0%BE%D0%BD%D0%B0%D0%BB-%D1%81%D1%82%D0%BE%D1%80%D0%B8%D1%81%D0%BE%D0%B2","trello.com"
"688e5280415ec9fbfe3b5071","q6oLbD5V","Отчет за июль","План на июль","False","text","https://trello.com/c/Si6hPnEk/110-%D1%80%D0%B0%D1%81%D0%BF%D0%B8%D1%81%D0%B0%D1%82%D1%8C-%D0%BD%D0%B5%D1%81%D0%BA%D0%BE%D0%BB%D1%8C%D0%BA%D0%BE-%D1%80%D0%BE%D0%BB%D0%B5%D0%B9-%D0%B4%D0%BB%D1%8F-%D1%82%D0%B5%D1%81%D1%82%D0%B8%D1%80%D0%BE%D0%B2%D0%B0%D0%BD%D0%B8%D1%8F-%D0%B4%D0%BB%D1%8F-%D0%B8%D0%B3%D0%BE%D1%80%D1%8F","trello.com"
"688e5280415ec9fbfe3b5071","q6oLbD5V","Отчет за июль","План на июль","False","text","https://trello.com/c/fGgovEA0/69-%D0%BE%D0%BF%D0%B8%D1%81%D0%B0%D1%82%D1%8C-%D1%81%D0%B8%D1%81%D1%82%D0%B5%D0%BC%D1%83-%D0%BD%D0%B0%D1%87%D0%B8%D1%81%D0%BB%D0%B5%D0%BD%D0%B8%D0%B9-%D0%BF%D0%B0%D1%80%D1%82%D0%BD%D0%B5%D1%80%D0%B0%D0%BC-%D0%B7%D0%B0-%D0%B4%D0%B5%D0%B9%D1%81%D1%82%D0%B2%D0%B8%D1%8F","trello.com"
"688e5280415ec9fbfe3b5071","q6oLbD5V","Отчет за июль","План на июль","False","text","https://docs.google.com/document/d/1eTV_SmzDgaDt3hmC4QszH4PATRUHiZ0-h9AYk1YM3xk/edit?tab=t.0","docs.google.com"
"688e5280415ec9fbfe3b5071","q6oLbD5V","Отчет за июль","План на июль","False","text","https://trello.com/c/EkF3EKYk/134-%D1%80%D0%B0%D0%B7%D0%BE%D0%B1%D1%80%D0%B0%D1%82%D1%8C%D1%81%D1%8F-%D0%BA%D0%B0%D0%BA-%D1%80%D0%B0%D0%B1%D0%BE%D1%82%D0%B0%D0%B5%D1%82-%D1%81%D0%B8%D1%81%D1%82%D0%B5%D0%BC%D0%B0-email-%D1%80%D0%B0%D1%81%D1%81%D1%8B%D0%BB%D0%BA%D0%B8-%D0%B8%D0%B7-%D1%80%D0%B5%D0%B5%D1%81%D1%82%D1%80%D0%B0","trello.com"
"688e5280415ec9fbfe3b5071","q6oLbD5V","Отчет за июль","План на июль","False","text","https://trello.com/c/IJpuYbJg/135-%D0%BF%D0%B5%D1%80%D0%B5%D0%BF%D1%80%D0%BE%D0%B2%D0%B5%D1%80%D0%B8%D1%82%D1%8C-%D0%BF%D0%BE%D0%BB%D0%B8%D1%82%D0%B8%D0%BA%D0%B8-%D0%B8-%D1%82%D0%B4","trello.com"
"688e5280415ec9fbfe3b5071","q6oLbD5V","Отчет за июль","План на июль","False","text","https://confideline.com/page/AntiScam","confideline.com"
"688e5280415ec9fbfe3b5071","q6oLbD5V","Отчет за июль","План на июль","False","text","https://confideline.com/page/cookie-policy","confideline.com"
"688e5280415ec9fbfe3b5071","q6oLbD5V","Отчет за июль","План на июль","False","text","https://confideline.com/page/Safety","confideline.com"
"688e5280415ec9fbfe3b5071","q6oLbD5V","Отчет за июль","План на июль","False","text","https://confideline.com/page/privacy-policy","confideline.com"
"688e5280415ec9fbfe3b5071","q6oLbD5V","Отчет за июль","План на июль","False","text","https://confideline.com/page/legal-safety-center","confideline.com"
"688e5280415ec9fbfe3b5071","q6oLbD5V","Отчет за июль","План на июль","False","text","https://confideline.com/page/terms-and-conditions","confideline.com"
"688e5280415ec9fbfe3b5071","q6oLbD5V","Отчет за июль","План на июль","False","text","https://confideline.com/page/cancellation-refund","confideline.com"
"688e5280415ec9fbfe3b5071","q6oLbD5V","Отчет за июль","План на июль","False","text","https://confideline.com/page/policy-content","confideline.com"
"688e5280415ec9fbfe3b5071","q6oLbD5V","Отчет за июль","План на июль","False","text","https://trello.com/c/qOW5ge0x/127-%D0%BA%D1%81%D0%B5%D0%BD%D0%B8%D1%8F-%D1%87%D0%B5%D0%BA-%D0%BB%D0%B8%D1%81%D1%82-%D0%BF%D0%BE-%D0%BE%D0%B1%D1%83%D1%87%D0%B5%D0%BD%D0%B8%D1%8E","trello.com"
"688e5280415ec9fbfe3b5071","q6oLbD5V","Отчет за июль","План на июль","False","text","https://docs.google.com/forms/d/e/1FAIpQLScba4Swe7wsiANmb8kvdMTav-gdgzMi9zcmqJCVHaiCddutUw/viewform","docs.google.com"
"688e5280415ec9fbfe3b5071","q6oLbD5V","Отчет за июль","План на июль","False","text","https://trello.com/c/vmI6mYWM/133-%D0%BA%D1%81%D0%B5%D0%BD%D0%B8%D1%8F-%D1%82%D0%B5%D1%81%D1%82%D1%8B-%D0%B4%D0%BB%D1%8F-%D1%81%D0%BE%D1%82%D1%80%D1%83%D0%B4%D0%BD%D0%B8%D0%BA%D0%BE%D0%B2","trello.com"
"688e5280415ec9fbfe3b5071","q6oLbD5V","Отчет за июль","План на июль","False","text","https://docs.google.com/forms/d/e/1FAIpQLSf7TmHZXRR2zVVCbcteNJ0DZRDnSc3vfDHgLHQeNwn7jYA8dQ/viewform","docs.google.com"
"688e5280415ec9fbfe3b5071","q6oLbD5V","Отчет за июль","План на июль","False","text","https://docs.google.com/forms/d/e/1FAIpQLSebZFfrkPwAZ-xbwFcNnPKVsWIlrgZUCPU9YFk_KENvxw1aVQ/viewform?usp=sharing&ouid=109420775549921833761","docs.google.com"
"688e5280415ec9fbfe3b5071","q6oLbD5V","Отчет за июль","План на июль","False","text","https://docs.google.com/forms/d/e/1FAIpQLScdzXwexeHzMSKfvALyYO1mzSaSiaH8bAuywWc1-YUZOFR2mA/viewform?usp=sharing&ouid=109420775549921833761","docs.google.com"
"688e5280415ec9fbfe3b5071","q6oLbD5V","Отчет за июль","План на июль","False","text","https://docs.google.com/forms/d/e/1FAIpQLSeII7wn1lvN9Zk3gZ3YZzIVi7uJ5Esmsv6Cn4VlNuuHMZPtGQ/viewform?usp=sharing&ouid=109420775549921833761","docs.google.com"
"688e5280415ec9fbfe3b5071","q6oLbD5V","Отчет за июль","План на июль","False","text","https://docs.google.com/forms/d/e/1FAIpQLSeB6RPfgPxanFB-1MlRxIQpm_XsGAup6rKMLozuffReD96f8Q/viewform?usp=sharing&ouid=109420775549921833761","docs.google.com"
"688e5280415ec9fbfe3b5071","q6oLbD5V","Отчет за июль","План на июль","False","text","https://docs.google.com/forms/d/e/1FAIpQLSdMTXKx7U6tWSc2QwfsoBqtPNli4n1ZU64Zv_l2y6S21yWHgg/viewform?usp=sharing&ouid=109420775549921833761","docs.google.com"
"688e5280415ec9fbfe3b5071","q6oLbD5V","Отчет за июль","План на июль","False","text","https://docs.google.com/forms/d/e/1FAIpQLSclRWYBYgedruM_86FY8I4r7f0E9MbBOpFr2kiOh6M-F0SQ4w/viewform?usp=sharing&ouid=109420775549921833761","docs.google.com"
"688e5280415ec9fbfe3b5071","q6oLbD5V","Отчет за июль","План на июль","False","text","https://docs.google.com/presentation/d/1dWGHiBFm8rJJZgh9iJw8Cj0wSdStoKGB/edit?usp=sharing&ouid=109420775549921833761&rtpof=true&sd=true","docs.google.com"
"688e5280415ec9fbfe3b5071","q6oLbD5V","Отчет за июль","План на июль","False","text","https://trello.com/c/D3O2PNch/136-%D1%81%D1%84%D0%BE%D1%80%D0%BC%D0%B8%D1%80%D0%BE%D0%B2%D0%B0%D1%82%D1%8C-%D0%B4%D0%BE%D1%80%D0%BE%D0%B6%D0%BD%D1%83%D1%8E-%D0%BA%D0%B0%D1%80%D1%82%D1%83","trello.com"
"688e5280415ec9fbfe3b5071","q6oLbD5V","Отчет за июль","План на июль","False","text","https://docs.google.com/document/d/1U2oybi6bOr5mDvgohOU98vo8YWI3p23IytUqH8sV78w/edit?usp=sharing","docs.google.com"
"688e5280415ec9fbfe3b5071","q6oLbD5V","Отчет за июль","План на июль","False","text","https://trello.com/c/yPVWOJSF/137-%D1%81%D1%84%D0%BE%D1%80%D0%BC%D0%B8%D1%80%D0%BE%D0%B2%D0%B0%D1%82%D1%8C-%D1%82%D0%B7-%D0%B4%D0%BB%D1%8F-%D0%B4%D0%B8%D0%B7%D0%B0%D0%B9%D0%BD%D0%B5%D1%80%D0%B0-%D0%BF%D0%BE-%D0%BD%D0%B5%D0%B4%D0%BE%D1%81%D1%82%D0%B0%D1%8E%D1%89%D0%B8%D0%BC-%D1%81%D1%82%D1%80%D0%B0%D0%BD%D0%B8%D1%86%D0%B0%D0%BC-s","trello.com"
"688e5280415ec9fbfe3b5071","q6oLbD5V","Отчет за июль","План на июль","False","text","https://trello.com/c/G11mfR6V/123-%D1%80%D0%B5%D0%B2%D0%B8%D0%B7%D0%B8%D1%8F-%D0%B2%D1%81%D0%B5%D1%85-%D1%81%D1%82%D1%80%D0%B0%D0%BD%D0%B8%D1%86-%D1%8E%D0%B4%D0%B5%D0%B9%D1%82-%D0%B4%D0%BB%D1%8F-%D0%BF%D1%80%D0%BE%D0%B5%D0%BA%D1%82%D0%B0-s","trello.com"
"688e5280415ec9fbfe3b5071","q6oLbD5V","Отчет за июль","План на июль","False","text","https://trello.com/c/sDrwaOql/138-%D0%BF%D0%BE%D0%B8%D1%81%D0%BA-%D0%BF%D1%80%D0%BE%D0%B3%D0%B5%D1%80%D0%B0-%D0%B4%D0%BB%D1%8F-%D1%87%D0%B0%D1%82-%D0%B1%D0%BE%D1%82%D0%B0","trello.com"
"688e5280415ec9fbfe3b5071","q6oLbD5V","Отчет за июль","План на июль","False","text","https://t.me/newbot2024_2_bot","t.me"
"688e5280415ec9fbfe3b5071","q6oLbD5V","Отчет за июль","План на июль","False","text","https://trello.com/c/0LrSWFmI/139-%D0%BF%D0%BE%D0%B8%D1%81%D0%BA-%D0%B4%D0%B8%D0%B7%D0%B0%D0%B9%D0%BD%D0%B5%D1%80%D0%B0-%D0%B4%D0%BB%D1%8F-%D1%81%D0%B0%D0%B9%D1%82%D0%B0-s","trello.com"
"688e5280415ec9fbfe3b5071","q6oLbD5V","Отчет за июль","План на июль","False","text","https://trello.com/c/0HDwSyKk/105-%D1%81%D0%BF%D0%B8%D1%81%D0%BE%D0%BA-%D0%B7%D0%B0%D0%B4%D0%B0%D1%87-%D0%BF%D0%BE-%D0%B4%D0%BE%D1%80%D0%B0%D0%B1%D0%BE%D1%82%D0%BA%D0%B5-%D1%8E%D0%B4%D0%B5%D0%B9%D1%82-%D0%BF%D0%BE%D0%B4-nebula","trello.com"
"688e5280415ec9fbfe3b5071","q6oLbD5V","Отчет за июль","План на июль","False","text","https://trello.com/c/XZQMssaM/93-%D0%BC%D0%B0%D0%BA%D0%B5%D1%82%D1%8B-%D0%BD%D0%B5%D0%B4%D0%BE%D1%81%D1%82%D0%B0%D1%8E%D1%89%D0%B8%D1%85-%D1%81%D1%82%D1%80%D0%B0%D0%BD%D0%B8%D1%86-s","trello.com"
"688e5280415ec9fbfe3b5071","q6oLbD5V","Отчет за июль","План на июль","False","text","https://trello.com/c/DGaGZWpm/107-%D1%82%D0%B7-%D1%87%D0%B0%D1%82-%D0%B1%D0%BE%D1%82%D0%B0-%D0%BF%D0%BE-s-%D1%84%D0%B8%D0%BD%D0%B0%D0%BB","trello.com"
"683d5bb12a8c1e84572afa52","pxVeimmh","ТЗ обрезка фото под шаблон (из реестра)","План на июль","True","text","https://confideline.com/settings/upload","confideline.com"
"68b610a4faf9fc66201f71f1","lRI031kf","Отчет за август","План на август","False","text","https://trello.com/c/lngbLfNo/149-%D1%82%D0%B5%D1%81%D1%82%D0%B8%D1%80%D0%BE%D0%B2%D0%B0%D0%BD%D0%B8%D0%B5-%D1%81%D0%B0%D0%B9%D1%82%D0%B0-%D1%8E%D0%B4%D0%B5%D0%B9%D1%82-%D0%BF%D0%BE-%D0%BF%D1%80%D0%B5%D0%BC%D0%B8%D1%83%D0%BC","trello.com"
"68b610a4faf9fc66201f71f1","lRI031kf","Отчет за август","План на август","False","text","https://trello.com/c/v5cjZiFY/143-%D0%BF%D0%BE%D0%B8%D1%81%D0%BA-%D0%BF%D1%80%D0%BE%D0%B3%D1%80%D0%B0%D0%BC%D0%BC%D0%B8%D1%81%D1%82%D0%B0-%D0%BD%D0%B0-yii2","trello.com"
"68b610a4faf9fc66201f71f1","lRI031kf","Отчет за август","План на август","False","text","https://trello.com/c/sDaz0HWN/140-%D1%80%D0%B5%D0%B3%D0%B8%D1%81%D1%82%D1%80%D0%B0%D1%86%D0%B8%D1%8F-%D0%BD%D0%B0-%D1%81%D0%B0%D0%B9%D1%82%D0%B0%D1%85-%D1%82%D0%B8%D0%BF%D0%B0-%D0%BD%D0%B5%D0%B1%D1%83%D0%BB%D1%8B","trello.com"
"68b610a4faf9fc66201f71f1","lRI031kf","Отчет за август","План на август","False","text","https://trello.com/c/UIh5ipt1/120-%D1%82%D0%B7-%D0%BF%D0%BE-seo-%D0%B8%D0%B7-%D1%80%D0%B5%D0%B5%D1%81%D1%82%D1%80%D0%B0","trello.com"
"68b610a4faf9fc66201f71f1","lRI031kf","Отчет за август","План на август","False","text","https://trello.com/c/Zpf4j7Q7/145-%D1%82%D0%B7-%D0%BF%D0%BE-%D0%B4%D0%BE%D0%B1%D0%B0%D0%B2%D0%BB%D0%B5%D0%BD%D0%B8%D1%8E-%D0%B2%D0%B8%D0%B4%D0%B5%D0%BE-%D0%B2-%D0%B3%D1%80%D1%83%D0%BF%D0%BF%D1%8B-%D0%B8%D0%B7-%D1%80%D0%B5%D0%B5%D1%81%D1%82%D1%80%D0%B0","trello.com"
"68b610a4faf9fc66201f71f1","lRI031kf","Отчет за август","План на август","False","text","https://trello.com/c/nSHCZrCs/148-%D1%82%D0%B7-%D0%BF%D0%BE-%D0%B4%D0%BE%D0%B1%D0%B0%D0%B2%D0%BB%D0%B5%D0%BD%D0%B8%D1%8E-%D0%B2%D0%B8%D0%B4%D0%B5%D0%BE-%D0%B2-%D1%81%D1%82%D0%BE%D1%80%D0%B8%D1%81-%D0%B8%D0%B7-%D1%80%D0%B5%D0%B5%D1%81%D1%82%D1%80%D0%B0","trello.com"
"68b610a4faf9fc66201f71f1","lRI031kf","Отчет за август","План на август","False","text","https://trello.com/c/2gmwj5dL/144-%D0%B3%D0%BE%D1%82%D0%BE%D0%B2%D1%8B%D0%B9-%D0%BF%D1%80%D0%B5%D0%B4%D0%BB%D0%BE%D0%B6%D0%B5%D0%BD%D0%BD%D1%8B%D0%B9-%D1%81%D1%82%D0%B8%D0%BA%D0%B5%D1%80%D0%BF%D0%B0%D0%BA","trello.com"
"68b610a4faf9fc66201f71f1","lRI031kf","Отчет за август","План на август","False","text","https://trello.com/c/jhP7Mbpg/147-%D0%BE%D0%BA%D0%BE%D0%BD%D1%87%D0%B0%D1%82%D0%B5%D0%BB%D1%8C%D0%BD%D0%BE%D0%B5-%D1%82%D0%B7-%D0%BF%D0%BE-%D1%87%D0%B0%D1%82-%D0%B1%D0%BE%D1%82%D1%83","trello.com"
"68b610a4faf9fc66201f71f1","lRI031kf","Отчет за август","План на август","False","text","https://trello.com/c/0KaDDgWe/130-%D0%B4%D0%B8%D0%B7%D0%B0%D0%B9%D0%BD-%D0%B8-%D1%84%D1%83%D0%BD%D0%BA%D1%86%D0%B8%D0%BE%D0%BD%D0%B0%D0%BB-%D1%81%D1%82%D0%BE%D1%80%D0%B8%D1%81%D0%BE%D0%B2","trello.com"
"68b610a4faf9fc66201f71f1","lRI031kf","Отчет за август","План на август","False","text","https://trello.com/c/uMDT6uPU/150-%D0%BD%D0%B0%D0%B9%D1%82%D0%B8-%D0%B2%D0%B5%D1%80%D1%81%D1%82%D0%B0%D0%BB%D1%8C%D1%89%D0%B8%D0%BA%D0%B0-%D0%B4%D0%BB%D1%8F-%D0%B3%D0%BB%D0%B0%D0%B2%D0%BD%D0%BE%D0%B9-%D1%81%D1%82%D1%80%D0%B0%D0%BD%D0%B8%D1%86%D1%8B-s","trello.com"
"68de996d5900676c8bfa46a7","0p1anQ7u","Отчет за октябрь","План на октябрь","False","text","https://trello.com/c/zFhiX6PL/173-%D1%82%D0%B7-%D0%BF%D0%BE-%D0%B3%D0%BE%D1%80%D0%BE%D0%B4%D0%B0%D0%BC-%D1%81%D1%82%D1%80%D0%B0%D0%BD%D0%B0%D0%BC","trello.com"
"68de996d5900676c8bfa46a7","0p1anQ7u","Отчет за октябрь","План на октябрь","False","text","https://trello.com/c/CxEVl1q3/166-%D0%BE%D1%82%D1%80%D0%B8%D1%81%D0%BE%D0%B2%D0%BA%D0%B0-%D1%81%D1%82%D1%80%D0%B0%D0%BD%D0%B8%D1%86%D1%83-%D0%B3%D0%BE%D1%80%D0%BE%D0%B4%D0%B0","trello.com"
"68de996d5900676c8bfa46a7","0p1anQ7u","Отчет за октябрь","План на октябрь","False","text","https://trello.com/c/4VWHu666/167-%D0%BD%D0%B0%D0%B9%D1%82%D0%B8-%D0%B2%D0%B5%D1%80%D1%81%D1%82%D0%B0%D0%BB%D1%8C%D1%89%D0%B8%D0%BA%D0%B0-%D0%B4%D0%BB%D1%8F-nebula","trello.com"
"68de996d5900676c8bfa46a7","0p1anQ7u","Отчет за октябрь","План на октябрь","False","text","https://trello.com/c/IZI4uF30/151-%D1%80%D0%B0%D0%B7%D1%80%D0%B0%D0%B1%D0%BE%D1%82%D0%BA%D0%B0-%D0%B4%D0%B8%D0%B7%D0%B0%D0%B9%D0%BD%D0%B0-%D1%81%D0%B0%D0%B9%D1%82%D0%B0-nebula","trello.com"
"68de996d5900676c8bfa46a7","0p1anQ7u","Отчет за октябрь","План на октябрь","False","text","https://trello.com/c/oc253ky4/172-%D1%81%D0%BE%D1%81%D1%82%D0%B0%D0%B2%D0%B8%D1%82%D1%8C-%D0%BA%D0%BE%D0%BD%D1%86%D0%B5%D0%BF%D1%82%D1%83%D0%B0%D0%BB%D1%8C%D0%BD%D1%8B%D0%B9-%D0%BF%D0%BB%D0%B0%D0%BD-%D0%BF%D0%BE-%D0%BF%D1%80%D0%BE%D0%B4%D0%B2%D0%B8%D0%B6%D0%B5%D0%BD%D0%B8%D1%8E-%D0%BF%D1%80%D0%BE%D0%B5%D0%BA%D1%82%D0%B0-nebula","trello.com"
"68de996d5900676c8bfa46a7","0p1anQ7u","Отчет за октябрь","План на октябрь","False","text","https://trello.com/c/tczbE5jy/175-%D0%BD%D0%B0%D1%82%D1%8F%D0%BD%D1%83%D1%82%D1%8C-%D0%BB%D0%B5%D0%BD%D0%B4%D0%B8%D0%BD%D0%B3","trello.com"
"68de996d5900676c8bfa46a7","0p1anQ7u","Отчет за октябрь","План на октябрь","False","text","https://trello.com/c/OPeSbkLq/176-%D0%B8%D0%BD%D1%82%D0%B5%D0%B3%D1%80%D0%B8%D1%80%D0%BE%D0%B2%D0%B0%D1%82%D1%8C-%D1%81%D1%82%D0%BE%D1%80%D0%B8%D1%81-%D0%B7%D0%B0%D0%B3%D1%80%D1%83%D0%B7%D0%BA%D1%83-%D0%B2%D0%B8%D0%B4%D0%B5%D0%BE","trello.com"
"68de996d5900676c8bfa46a7","0p1anQ7u","Отчет за октябрь","План на октябрь","False","text","https://trello.com/c/pAkpaKzI/155-%D0%BF%D0%BE%D0%B4%D0%BE%D0%B1%D1%80%D0%B0%D1%82%D1%8C-%D0%BD%D0%B0%D0%B7%D0%B2%D0%B0%D0%BD%D0%B8%D0%B5-%D0%B8-url-%D0%BF%D1%80%D0%BE%D0%B5%D0%BA%D1%82%D0%B0-nebula","trello.com"
"68de996d5900676c8bfa46a7","0p1anQ7u","Отчет за октябрь","План на октябрь","False","text","https://trello.com/c/nG3XJU9C/153-%D0%BD%D0%B0%D0%B9%D1%82%D0%B8-%D1%81%D0%BF%D0%B5%D1%86%D0%B8%D0%B0%D0%BB%D0%B8%D1%81%D1%82%D0%B0-%D0%B4%D0%BB%D1%8F-%D0%B2%D0%B5%D0%B4%D0%B5%D0%BD%D0%B8%D1%8F-%D0%B8%D0%BD%D1%81%D1%82%D1%8B","trello.com"
"68de996d5900676c8bfa46a7","0p1anQ7u","Отчет за октябрь","План на октябрь","False","text","https://trello.com/c/ieDMOpiS/161-email-%D1%80%D0%B0%D1%81%D1%81%D1%8B%D0%BB%D0%BA%D0%B0-%D1%81%D0%B5%D1%80%D0%B2%D0%B8%D1%81%D0%B0-nebula","trello.com"
"68de996d5900676c8bfa46a7","0p1anQ7u","Отчет за октябрь","План на октябрь","False","text","https://trello.com/c/XBYHgjjU/124-%D1%82%D0%B7-%D0%BF%D0%BE-%D0%BF%D0%BB%D0%B0%D1%82%D0%BD%D0%BE%D0%BC%D1%83-%D1%87%D0%B0%D1%82%D1%83-%D0%B0%D0%BB%D0%B5%D0%BA%D1%81%D0%B5%D0%B9","trello.com"
"68de996d5900676c8bfa46a7","0p1anQ7u","Отчет за октябрь","План на октябрь","False","text","https://trello.com/c/2HfUQVZU/177-%D0%B8%D0%B8-%D0%B4%D0%BB%D1%8F-%D0%BF%D1%81%D0%B5%D0%B2%D0%B4%D0%BE-kyc","trello.com"
"68de996d5900676c8bfa46a7","0p1anQ7u","Отчет за октябрь","План на октябрь","False","text","https://trello.com/c/NmWIvg4d/178-%D0%B8%D0%B8-%D0%B0%D1%81%D1%81%D0%B8%D1%81%D1%82%D0%B5%D0%BD%D1%82-%D0%BF%D0%BE-%D1%80%D0%B0%D0%B7%D1%80%D0%B0%D0%B1%D0%BE%D1%82%D0%BA%D0%B5-%D1%81%D0%B0%D0%B9%D1%82%D0%B0-emergentsh","trello.com"
"68de996d5900676c8bfa46a7","0p1anQ7u","Отчет за октябрь","План на октябрь","False","text","https://trello.com/c/QrclxIBc/12-%D0%BA%D1%81%D0%B5%D0%BD%D0%B8%D1%8F-%D1%84%D0%BE%D1%80%D0%BC%D0%B8%D1%80%D0%BE%D0%B2%D0%B0%D0%BD%D0%B8%D0%B5-%D0%BA%D0%B0%D1%80%D1%82%D0%BE%D1%87%D0%B5%D0%BA-%D1%81-%D1%8D%D0%BA%D1%81%D0%BF%D0%B5%D1%80%D1%82%D0%B0%D0%BC%D0%B8","trello.com"
"692e963a10e0aa8538d38d36","LKpwjzlu","Отчет за декабрь","План на ноябрь","False","text","https://trello.com/c/sDxIjOFK/179-%D0%B2%D0%BD%D0%B5%D0%B4%D1%80%D0%B5%D0%BD%D0%B8%D1%8F-%D0%BA%D1%80%D0%BE%D0%BF%D0%B0-%D0%BD%D0%B0-youdate","trello.com"
"692e963a10e0aa8538d38d36","LKpwjzlu","Отчет за декабрь","План на ноябрь","False","text","https://trello.com/c/JcuabvYU/180-%D0%B4%D0%BE%D0%B3%D0%BE%D0%B2%D0%BE%D1%80-%D0%BD%D0%B0-%D0%B0%D1%80%D0%B5%D0%BD%D0%B4%D1%83-%D0%B6%D0%B8%D0%BB%D1%8C%D1%8F","trello.com"
"692e963a10e0aa8538d38d36","LKpwjzlu","Отчет за декабрь","План на ноябрь","False","text","https://trello.com/c/SclXGnR0/184-%D1%82%D0%B7-%D1%80%D0%B5%D0%B3%D0%B8%D1%81%D1%82%D1%80%D0%B0%D1%86%D0%B8%D1%8F-%D0%B0%D0%BD%D0%BA%D0%B5%D1%82-%D0%B8%D0%B7-%D0%B0%D0%B4%D0%BC%D0%B8%D0%BD%D0%BA%D0%B8-youdate","trello.com"
"692e963a10e0aa8538d38d36","LKpwjzlu","Отчет за декабрь","План на ноябрь","False","text","https://trello.com/c/dEyVMOCG/183-%D1%80%D0%B0%D0%B7%D1%80%D0%B0%D0%B1%D0%BE%D1%82%D0%B0%D1%82%D1%8C-%D0%BA%D0%BE%D0%BF%D0%B8%D1%8E-%D1%81%D0%B0%D0%B9%D1%82%D0%B0-nebula-%D0%BD%D0%B0-yii2","trello.com"
"692e963a10e0aa8538d38d36","LKpwjzlu","Отчет за декабрь","План на ноябрь","False","text","https://trello.com/c/oc253ky4/172-%D1%81%D0%BE%D1%81%D1%82%D0%B0%D0%B2%D0%B8%D1%82%D1%8C-%D0%BA%D0%BE%D0%BD%D1%86%D0%B5%D0%BF%D1%82%D1%83%D0%B0%D0%BB%D1%8C%D0%BD%D1%8B%D0%B9-%D0%BF%D0%BB%D0%B0%D0%BD-%D0%BF%D0%BE-%D0%BF%D1%80%D0%BE%D0%B4%D0%B2%D0%B8%D0%B6%D0%B5%D0%BD%D0%B8%D1%8E-%D0%BF%D1%80%D0%BE%D0%B5%D0%BA%D1%82%D0%B0-nebula","trello.com"
"692e963a10e0aa8538d38d36","LKpwjzlu","Отчет за декабрь","План на ноябрь","False","text","https://trello.com/c/6DbNCbTi/186-%D1%80%D0%B0%D1%81%D0%BF%D1%80%D0%B5%D0%B4%D0%B5%D0%BB%D0%B8%D1%82%D1%8C-%D1%84%D1%83%D0%BD%D0%BA%D1%86%D0%B8%D0%B8-%D0%B2-%D0%B0%D0%B4%D0%BC%D0%B8%D0%BD-%D0%BF%D0%B0%D0%BD%D0%B5%D0%BB%D0%B8-%D0%BF%D0%BE-%D1%81%D0%BE%D0%BE%D1%82%D0%B2%D0%B5%D1%82%D1%81%D1%82%D0%B2%D1%83%D1%8E%D1%89%D0%B8%D0%BC-%D0%B1%D0%BB%D0%BE%D0%BA%D0%B0%D0%BC","trello.com"
"692e963a10e0aa8538d38d36","LKpwjzlu","Отчет за декабрь","План на ноябрь","False","text","https://trello.com/c/ZsOCixVF/188-ai-%D0%B0%D1%81%D1%81%D0%B8%D1%81%D1%82%D0%B5%D0%BD%D1%82-%D0%B4%D0%BB%D1%8F-%D0%BF%D0%B5%D1%80%D0%B5%D0%BF%D0%B8%D1%81%D1%87%D0%B8%D0%BA%D0%B0","trello.com"
"692e963a10e0aa8538d38d36","LKpwjzlu","Отчет за декабрь","План на ноябрь","False","text","https://trello.com/c/CxEVl1q3/166-%D0%BE%D1%82%D1%80%D0%B8%D1%81%D0%BE%D0%B2%D0%BA%D0%B0-%D1%81%D1%82%D1%80%D0%B0%D0%BD%D0%B8%D1%86%D1%83-%D0%B3%D0%BE%D1%80%D0%BE%D0%B4%D0%B0","trello.com"
"692e963a10e0aa8538d38d36","LKpwjzlu","Отчет за декабрь","План на ноябрь","False","text","https://trello.com/c/zFhiX6PL/173-%D1%82%D0%B7-%D0%BF%D0%BE-%D0%B3%D0%BE%D1%80%D0%BE%D0%B4%D0%B0%D0%BC-%D1%81%D1%82%D1%80%D0%B0%D0%BD%D0%B0%D0%BC","trello.com"
"692e963a10e0aa8538d38d36","LKpwjzlu","Отчет за декабрь","План на ноябрь","False","text","https://trello.com/c/pAkpaKzI/155-%D0%BF%D0%BE%D0%B4%D0%BE%D0%B1%D1%80%D0%B0%D1%82%D1%8C-%D0%BD%D0%B0%D0%B7%D0%B2%D0%B0%D0%BD%D0%B8%D0%B5-%D0%B8-url-%D0%BF%D1%80%D0%BE%D0%B5%D0%BA%D1%82%D0%B0-nebula","trello.com"
"692e963a10e0aa8538d38d36","LKpwjzlu","Отчет за декабрь","План на ноябрь","False","text","https://trello.com/c/OPeSbkLq/176-%D0%B8%D0%BD%D1%82%D0%B5%D0%B3%D1%80%D0%B8%D1%80%D0%BE%D0%B2%D0%B0%D1%82%D1%8C-%D1%81%D1%82%D0%BE%D1%80%D0%B8%D1%81-%D0%B7%D0%B0%D0%B3%D1%80%D1%83%D0%B7%D0%BA%D1%83-%D0%B2%D0%B8%D0%B4%D0%B5%D0%BE","trello.com"
"692e963a10e0aa8538d38d36","LKpwjzlu","Отчет за декабрь","План на ноябрь","False","text","https://trello.com/c/IZI4uF30/151-%D1%80%D0%B0%D0%B7%D1%80%D0%B0%D0%B1%D0%BE%D1%82%D0%BA%D0%B0-%D0%B4%D0%B8%D0%B7%D0%B0%D0%B9%D0%BD%D0%B0-%D1%81%D0%B0%D0%B9%D1%82%D0%B0-nebula","trello.com"
"692e963a10e0aa8538d38d36","LKpwjzlu","Отчет за декабрь","План на ноябрь","False","text","https://trello.com/c/6S29imYy/189-%D1%82%D0%B7-%D0%BF%D0%BE-%D1%8F%D0%B2%D0%BD%D1%8B%D0%BC-%D1%82%D0%B5%D0%BD%D0%B5%D0%B2%D1%8B%D0%BC-%D0%BC%D0%BE%D0%B4%D0%B5%D1%80%D0%B0%D1%86%D0%B8%D1%8F%D0%BC-%D1%80%D0%B0%D0%B7%D0%BD%D0%BE%D0%B3%D0%BE-%D1%80%D0%BE%D0%B4%D0%B0-%D0%BA%D0%BE%D0%BD%D1%82%D0%B5%D0%BD%D1%82%D0%B5","trello.com"
"692e963a10e0aa8538d38d36","LKpwjzlu","Отчет за декабрь","План на ноябрь","False","text","https://trello.com/c/IY1b7wwq/190-%D1%80%D0%B5%D0%B3%D0%B8%D1%81%D1%82%D1%80%D0%B0%D1%86%D0%B8%D1%8F-%D0%B0%D0%BD%D0%BA%D0%B5%D1%82-%D0%B8%D0%B7-%D0%B0%D0%B4%D0%BC%D0%B8%D0%BD%D0%BA%D0%B8-youdate-%D0%B8%D0%B3%D0%BE%D1%80%D1%8C","trello.com"
"69020fc5ab76b47e34c6e5ba","sDxIjOFK","Внедрения кропа на YouDate","План на ноябрь","False","attachment","https://trello.com/1/cards/69020fc5ab76b47e34c6e5ba/attachments/690211390848406362cc9aef/download/image.png","trello.com"
"69020fc5ab76b47e34c6e5ba","sDxIjOFK","Внедрения кропа на YouDate","План на ноябрь","False","text","https://docs.google.com/spreadsheets/d/1O5kn0tTa99NpNeaCjYSMynik8Tk0t0Q8/edit?gid=1617259558#gid=1617259558","docs.google.com"
"68e4267f7930d2fb9a00859a","OPeSbkLq","Интегрировать сторис, загрузку видео","План на ноябрь","False","attachment","https://trello.com/c/Zpf4j7Q7/145-%D1%82%D0%B7-%D0%BF%D0%BE-%D0%B4%D0%BE%D0%B1%D0%B0%D0%B2%D0%BB%D0%B5%D0%BD%D0%B8%D1%8E-%D0%B2%D0%B8%D0%B4%D0%B5%D0%BE-%D0%B2-%D0%B3%D1%80%D1%83%D0%BF%D0%BF%D1%8B-%D0%B8%D0%B7-%D1%80%D0%B5%D0%B5%D1%81%D1%82%D1%80%D0%B0","trello.com"
"68e4267f7930d2fb9a00859a","OPeSbkLq","Интегрировать сторис, загрузку видео","План на ноябрь","False","attachment","https://trello.com/c/nSHCZrCs/148-%D1%82%D0%B7-%D0%BF%D0%BE-%D0%B4%D0%BE%D0%B1%D0%B0%D0%B2%D0%BB%D0%B5%D0%BD%D0%B8%D1%8E-%D0%B2%D0%B8%D0%B4%D0%B5%D0%BE-%D0%B2-%D1%81%D1%82%D0%BE%D1%80%D0%B8%D1%81-%D0%B8%D0%B7-%D1%80%D0%B5%D0%B5%D1%81%D1%82%D1%80%D0%B0","trello.com"
"6907b5941dcb739a11ffe19f","SclXGnR0","ТЗ регистрация анкет из админки YouDate","План на ноябрь","False","attachment","https://docs.google.com/document/d/1EangjBnRT3bO2CiFZs10WU0vyEUOCn2-Fh27sDqIIBg/edit?tab=t.0","docs.google.com"
"692df18326653f8a488c3e44","IY1b7wwq","Регистрация анкет из админки YouDate (Игорь)","План на ноябрь","False","attachment","https://trello.com/c/SclXGnR0/184-%D1%82%D0%B7-%D1%80%D0%B5%D0%B3%D0%B8%D1%81%D1%82%D1%80%D0%B0%D1%86%D0%B8%D1%8F-%D0%B0%D0%BD%D0%BA%D0%B5%D1%82-%D0%B8%D0%B7-%D0%B0%D0%B4%D0%BC%D0%B8%D0%BD%D0%BA%D0%B8-youdate","trello.com"
"6907b413915268815af825a5","dEyVMOCG","Разработать копию сайта NEBULA на Yii2","План на ноябрь","False","text","https://matchui-revamp.preview.emergentagent.com/","matchui-revamp.preview.emergentagent.com"
"6907b413915268815af825a5","dEyVMOCG","Разработать копию сайта NEBULA на Yii2","План на ноябрь","False","attachment","https://trello.com/c/NmWIvg4d/178-%D0%B8%D0%B8-%D0%B0%D1%81%D1%81%D0%B8%D1%81%D1%82%D0%B5%D0%BD%D1%82-%D0%BF%D0%BE-%D1%80%D0%B0%D0%B7%D1%80%D0%B0%D0%B1%D0%BE%D1%82%D0%BA%D0%B5-%D1%81%D0%B0%D0%B9%D1%82%D0%B0-emergentsh","trello.com"
"690b5c3ec5d9f538d09e8ad9","TZoWvgMi","Таск-менеджер","План на ноябрь","True","text","https://www.appypieautomate.ai/integrate/apps/meistertask/integrations/telegram-bot?utm_source=chatgpt.com","www.appypieautomate.ai"
"690b5c3ec5d9f538d09e8ad9","TZoWvgMi","Таск-менеджер","План на ноябрь","True","text","https://n8n.io/integrations/telegram/?utm_source=chatgpt.com","n8n.io"
"690b5c3ec5d9f538d09e8ad9","TZoWvgMi","Таск-менеджер","План на ноябрь","True","text","https://latenode.com/","latenode.com"
"68e2e3ced613bccd23f8690f","zFhiX6PL","ТЗ по городам/странам","План на ноябрь","False","text","https://prnt.sc/dEy3VvOYnKkX","prnt.sc"
"68e2e3ced613bccd23f8690f","zFhiX6PL","ТЗ по городам/странам","План на ноябрь","False","text","https://prnt.sc/Gqz2yH_Blk6T","prnt.sc"
"68e2e3ced613bccd23f8690f","zFhiX6PL","ТЗ по городам/странам","План на ноябрь","False","attachment","https://trello.com/1/cards/68e2e3ced613bccd23f8690f/attachments/68e2ea792d5599b279d50fc8/download/image.png","trello.com"
"68e2e3ced613bccd23f8690f","zFhiX6PL","ТЗ по городам/странам","План на ноябрь","False","attachment","https://trello.com/1/cards/68e2e3ced613bccd23f8690f/attachments/68e2ea8ec7c58ed70f0ed956/download/image.png","trello.com"
"68e2e3ced613bccd23f8690f","zFhiX6PL","ТЗ по городам/странам","План на ноябрь","False","attachment","https://trello.com/1/cards/68e2e3ced613bccd23f8690f/attachments/68e36c381d745f7380a31cfc/download/image.png","trello.com"
"68e2e3ced613bccd23f8690f","zFhiX6PL","ТЗ по городам/странам","План на ноябрь","False","attachment","https://trello.com/1/cards/68e2e3ced613bccd23f8690f/attachments/68e2e3e8b8c5a8aec37812c6/download/image.png","trello.com"
"68e2e3ced613bccd23f8690f","zFhiX6PL","ТЗ по городам/странам","План на ноябрь","False","text","https://tinder.com/ru/places/netherlands/amsterdam/","tinder.com"
"68e2e3ced613bccd23f8690f","zFhiX6PL","ТЗ по городам/странам","План на ноябрь","False","attachment","https://trello.com/1/cards/68e2e3ced613bccd23f8690f/attachments/692df0f03722d220ec0c690a/download/image.png","trello.com"
"68e2e3ced613bccd23f8690f","zFhiX6PL","ТЗ по городам/странам","План на ноябрь","False","attachment","https://trello.com/1/cards/68e2e3ced613bccd23f8690f/attachments/68ee0712d825978965e1b316/download/image_2025-10-13_16-34-21.png","trello.com"
"68e2e3ced613bccd23f8690f","zFhiX6PL","ТЗ по городам/странам","План на ноябрь","False","attachment","https://trello.com/1/cards/68e2e3ced613bccd23f8690f/attachments/68e2e58a4d7a3edaced8b26c/download/image.png","trello.com"
"68e2e3ced613bccd23f8690f","zFhiX6PL","ТЗ по городам/странам","План на ноябрь","False","attachment","https://trello.com/1/cards/68e2e3ced613bccd23f8690f/attachments/68e2e7306ca187459dae1d99/download/image.png","trello.com"
"691f68a4140f6e15a4b2270e","6S29imYy","ТЗ По Явным/Теневым модерациям разного рода контенте","План на ноябрь","False","attachment","https://trello.com/1/cards/691f68a4140f6e15a4b2270e/attachments/692dec57f4aafb4031fcbc84/download/image.png","trello.com"
"6907b3a54d0382fdeb7ce80a","M509CweO","Второй прогер на проект (Алексей)","План на ноябрь","False","text","https://freelancehunt.com/freelancer/cyber-x.html","freelancehunt.com"
"6907b3a54d0382fdeb7ce80a","M509CweO","Второй прогер на проект (Алексей)","План на ноябрь","False","attachment","https://trello.com/c/v5cjZiFY/143-%D0%BF%D0%BE%D0%B8%D1%81%D0%BA-%D0%BF%D1%80%D0%BE%D0%B3%D1%80%D0%B0%D0%BC%D0%BC%D0%B8%D1%81%D1%82%D0%B0-%D0%BD%D0%B0-yii2-10-h","trello.com"
"6907b3a54d0382fdeb7ce80a","M509CweO","Второй прогер на проект (Алексей)","План на ноябрь","False","attachment","https://trello.com/c/1rR0JN0f/165-%D0%BF%D1%80%D0%BE%D0%B3%D1%80%D0%B0%D0%BC%D0%BC%D0%B8%D1%81%D1%82-%D1%82%D0%B3-%D0%B1%D0%BE%D1%82%D0%B0","trello.com"
"6907b3a54d0382fdeb7ce80a","M509CweO","Второй прогер на проект (Алексей)","План на ноябрь","False","attachment","https://trello.com/c/SclXGnR0/184-%D1%82%D0%B7-%D1%80%D0%B5%D0%B3%D0%B8%D1%81%D1%82%D1%80%D0%B0%D1%86%D0%B8%D1%8F-%D0%B0%D0%BD%D0%BA%D0%B5%D1%82-%D0%B8%D0%B7-%D0%B0%D0%B4%D0%BC%D0%B8%D0%BD%D0%BA%D0%B8-youdate","trello.com"
"6907b3a54d0382fdeb7ce80a","M509CweO","Второй прогер на проект (Алексей)","План на ноябрь","False","attachment","https://docs.google.com/document/d/1EangjBnRT3bO2CiFZs10WU0vyEUOCn2-Fh27sDqIIBg/edit?tab=t.0","docs.google.com"
"68ac5524617eb7b8c312411d","IZI4uF30","Разработка дизайна сайта NEBULA","План на ноябрь","False","text","https://docs.google.com/spreadsheets/d/1nJpD4wvfC-sS9dykTwIHlJKTEXEH5FnrNuDWGp9F7_g/edit?usp=sharing","docs.google.com"
"68ac5524617eb7b8c312411d","IZI4uF30","Разработка дизайна сайта NEBULA","План на ноябрь","False","attachment","https://trello.com/1/cards/68ac5524617eb7b8c312411d/attachments/692ec4a3329b2718a913a6fa/download/image.png","trello.com"
"68ac5524617eb7b8c312411d","IZI4uF30","Разработка дизайна сайта NEBULA","План на ноябрь","False","text","https://www.figma.com/proto/91KU4ORjZ5mQUv9PvsucGV/%D0%9D%D0%95%D0%91%D0%A3%D0%9B%D0%90?node-id=22-415&t=WQrvx4EeCvR9zIXg-1","www.figma.com"
"68ac5524617eb7b8c312411d","IZI4uF30","Разработка дизайна сайта NEBULA","План на ноябрь","False","attachment","https://trello.com/1/cards/68ac5524617eb7b8c312411d/attachments/68b546e4d6fd307daa6960bc/download/image.png","trello.com"
"68ac5524617eb7b8c312411d","IZI4uF30","Разработка дизайна сайта NEBULA","План на ноябрь","False","attachment","https://trello.com/1/cards/68ac5524617eb7b8c312411d/attachments/68b547141969068daae708c7/download/%D0%BE%D0%B1%D1%81%D1%83%D0%B6%D0%B4%D0%B5%D0%BD%D0%B8%D0%B5_%D0%B4%D0%BB%D1%8F_%D0%B4%D0%B8%D0%B7%D0%B0%D0%B9%D0%BD%D0%B5%D1%80%D0%B0.pdf","trello.com"
"68b1673cea8c97f2c54d0ffa","nG3XJU9C","Найти специалиста для ведения инсты","План на ноябрь","False","attachment","https://trello.com/1/cards/68b1673cea8c97f2c54d0ffa/attachments/692df00cb668e1c4ef3a3821/download/image.png","trello.com"
"68b1673cea8c97f2c54d0ffa","nG3XJU9C","Найти специалиста для ведения инсты","План на ноябрь","False","text","https://t.me/kokosivino","t.me"
"68b1673cea8c97f2c54d0ffa","nG3XJU9C","Найти специалиста для ведения инсты","План на ноябрь","False","attachment","https://trello.com/1/cards/68b1673cea8c97f2c54d0ffa/attachments/692deff86f2f8238a81a133b/download/%D0%9A%D0%9F_Reels.pdf","trello.com"
"68b1673cea8c97f2c54d0ffa","nG3XJU9C","Найти специалиста для ведения инсты","План на ноябрь","False","attachment","https://trello.com/1/cards/68b1673cea8c97f2c54d0ffa/attachments/692df01721705f33935fa86d/download/image.png","trello.com"
"6957c050fb610cce655d3f3c","zyLPsE3G","отчет за декабрь","План на декабрь","False","text","https://trello.com/c/iJ9ZORCY/204-%D1%82%D0%B7-%D0%BF%D0%BE-%D0%BC%D0%BE%D0%B4%D0%B5%D1%80%D0%B0%D1%86%D0%B8%D1%8F%D0%BC-%D0%BF%D0%BE-%D1%82%D0%B8%D0%BF%D0%B0%D0%BC","trello.com"
"6957c050fb610cce655d3f3c","zyLPsE3G","отчет за декабрь","План на декабрь","False","text","https://trello.com/c/GVvW2vR6/210-%D1%82%D0%B7-%D0%BE%D1%82%D0%B7%D1%8B%D0%B2%D1%8B-%D0%B8-%D1%80%D0%B5%D0%B9%D1%82%D0%B8%D0%BD%D0%B3-%D1%81%D0%BF%D0%B5%D1%86%D0%B8%D0%B0%D0%BB%D0%B8%D1%81%D1%82%D0%BE%D0%B2-%D0%BA%D0%B0%D1%80%D1%82%D0%BE%D1%87%D0%B5%D0%BA-%D1%81%D0%BF%D0%B5%D1%86%D0%B8%D0%B0%D0%BB%D0%B8%D1%81%D1%82%D0%BE%D0%B2","trello.com"
"6957c050fb610cce655d3f3c","zyLPsE3G","отчет за декабрь","План на декабрь","False","text","https://trello.com/c/LYz7x7QS/212-%D1%82%D0%B7-%D0%BE%D0%B3%D1%80%D0%B0%D0%BD%D0%B8%D1%87%D0%B5%D0%BD%D0%B8%D0%B5-%D0%BE%D1%82%D0%BF%D1%80%D0%B0%D0%B2%D0%BA%D0%B8-%D0%BA%D0%BE%D0%BD%D1%82%D0%B0%D0%BA%D1%82%D0%BE%D0%B2-%D0%B2-%D1%87%D0%B0%D1%82%D0%B5","trello.com"
"6957c050fb610cce655d3f3c","zyLPsE3G","отчет за декабрь","План на декабрь","False","text","https://trello.com/c/RYh3TU7Y/223-%D1%82%D0%B7-%D0%B7%D0%B0%D0%BF%D0%BE%D0%BB%D0%BD%D0%B5%D0%BD%D0%BD%D0%BE%D1%81%D1%82%D1%8C-%D0%BF%D1%80%D0%BE%D1%84%D0%B8%D0%BB%D1%8F-30","trello.com"
"6957c050fb610cce655d3f3c","zyLPsE3G","отчет за декабрь","План на декабрь","False","text","https://trello.com/c/rlJphNyY/174-%D0%B3%D0%B8%D0%BF%D0%BE%D1%82%D0%B5%D0%B7%D1%8B-%D0%BF%D0%BE-%D1%81%D0%B1%D0%BE%D1%80%D0%BA%D1%83-email-%D0%B1%D0%B0%D0%B7%D1%8B-%D0%BF%D0%BE%D1%82%D0%B5%D0%BD%D1%86%D0%B8%D0%B0%D0%BB%D1%8C%D0%BD%D1%8B%D1%85-%D0%BA%D0%BB%D0%B8%D0%B5%D0%BD%D1%82%D0%BE%D0%B2","trello.com"
"6957c050fb610cce655d3f3c","zyLPsE3G","отчет за декабрь","План на декабрь","False","text","https://trello.com/c/IbOCd3ud/194-%D0%B3%D1%80%D1%83%D0%BF%D0%BF%D0%B0-%D0%B4%D0%BB%D1%8F-%D0%BF%D0%BE%D0%B8%D1%81%D0%BA%D0%B0-%D0%BF%D1%80%D0%BE%D0%B3%D0%B5%D1%80%D0%B0","trello.com"
"6957c050fb610cce655d3f3c","zyLPsE3G","отчет за декабрь","План на декабрь","False","text","https://trello.com/c/PegKaCje/211-%D1%82%D0%B7-%D1%81%D1%82%D1%80%D0%B0%D0%BD%D0%B8%D1%86%D0%B0-%D1%81%D1%83%D0%BF%D0%BE%D1%80%D1%82%D0%B0-%D0%B0%D0%B4%D0%BC%D0%B8%D0%BD%D0%BA%D0%B8","trello.com"
"692ec5d1cd9aa298565b779c","IbOCd3ud","Группа для поиска прогера","План на декабрь","False","attachment","https://trello.com/c/M509CweO/182-%D0%B2%D1%82%D0%BE%D1%80%D0%BE%D0%B9-%D0%BF%D1%80%D0%BE%D0%B3%D0%B5%D1%80-%D0%BD%D0%B0-%D0%BF%D1%80%D0%BE%D0%B5%D0%BA%D1%82-%D0%B0%D0%BB%D0%B5%D0%BA%D1%81%D0%B5%D0%B9","trello.com"
"6983133e3d45ab6bc50798cd","bSQ9qBix","отчет за январь","План на январь","False","text","https://trello.com/c/HepT7aMe/230-%D1%81%D0%B3%D0%B5%D0%BD%D0%B5%D1%80%D0%B8%D1%80%D0%BE%D0%B2%D0%B0%D1%82%D1%8C-%D0%B8-%D1%81%D0%BE%D0%B3%D0%BB%D0%B0%D1%81%D0%BE%D0%B2%D0%B0%D1%82%D1%8C-%D1%81%D0%BE-%D0%BC%D0%BD%D0%BE%D0%B9-%D0%B0%D0%B2%D0%B0%D1%82%D0%BE%D1%80%D0%BA%D1%83-%D0%B4%D0%BB%D1%8F-%D0%B0%D1%81%D1%82%D1%80%D0%BE%D0%BB%D0%BE%D0%B3%D0%BE%D0%B2-%D0%BA%D0%BE%D1%82%D0%BE%D1%80%D1%8B%D0%B5-%D0%BF%D0%BE%D1%82%D0%BE%D0%BC-%D0%BF%D1%80%D0%BE%D0%B4%D0%BE%D0%BB%D0%B6%D0%B8%D1%82-%D0%B4%D0%B5%D0%BB%D0%B0%D1%82%D1%8C-%D0%BA%D1%81%D0%B5%D0%BD%D0%B8%D1%8F","trello.com"
"6983133e3d45ab6bc50798cd","bSQ9qBix","отчет за январь","План на январь","False","text","https://confideline.com/ru/admin/user","confideline.com"
"6983133e3d45ab6bc50798cd","bSQ9qBix","отчет за январь","План на январь","False","text","https://trello.com/c/OoR5CmRO/224-%D1%81%D0%BF%D0%B8%D1%81%D0%BE%D0%BA-%D0%BF%D1%80%D0%B5%D0%BC%D0%B8%D1%83%D0%BC-%D0%B3%D0%BE%D1%80%D0%BE%D0%B4%D0%BE%D0%B2-%D0%B8-%D1%82%D0%B7","trello.com"
"6983133e3d45ab6bc50798cd","bSQ9qBix","отчет за январь","План на январь","False","text","https://trello.com/c/4ZXdK8ma/235-bans-basic","trello.com"
"6983133e3d45ab6bc50798cd","bSQ9qBix","отчет за январь","План на январь","False","text","https://trello.com/c/cvU1QRIK/226-bans-advanced","trello.com"
"6983133e3d45ab6bc50798cd","bSQ9qBix","отчет за январь","План на январь","False","text","https://trello.com/c/IRQiN429/233-%D1%82%D0%B7-%D0%BF%D0%BE-%D1%82%D0%B5%D1%85-%D0%BF%D0%BE%D0%B4%D0%B4%D0%B5%D1%80%D0%B6%D0%BA%D0%B5-%D0%BD%D0%B0-%D1%81%D0%B0%D0%B9%D1%82%D0%B5-%D1%81%D1%83%D0%BF%D0%BF%D0%BE%D1%80%D1%82","trello.com"
"6983133e3d45ab6bc50798cd","bSQ9qBix","отчет за январь","План на январь","False","text","https://trello.com/c/6VTMTt7b/208-11-%D0%B0%D0%BD%D0%B0%D0%BB%D0%B8%D0%B7-%D1%80%D1%8B%D0%BD%D0%BA%D0%B0-%D0%B8-%D1%86%D0%B5%D0%BB%D0%B5%D0%B2%D0%BE%D0%B9-%D0%B0%D1%83%D0%B4%D0%B8%D1%82%D0%BE%D1%80%D0%B8%D0%B8","trello.com"
"6983133e3d45ab6bc50798cd","bSQ9qBix","отчет за январь","План на январь","False","text","https://trello.com/c/zQW2Htac/213-12-%D0%B0%D0%BD%D0%B0%D0%BB%D0%B8%D0%B7-%D0%BA%D0%BE%D0%BD%D0%BA%D1%83%D1%80%D0%B5%D0%BD%D1%82%D0%BE%D0%B2","trello.com"
"6983133e3d45ab6bc50798cd","bSQ9qBix","отчет за январь","План на январь","False","text","https://freelancehunt.com/freelancer/pasharadio.html","freelancehunt.com"
"693537efc98152152a4e3b3b","smi5sevk","Nebula. Маркетинг и привлечение клиентов","План на январь","True","attachment","https://trello.com/1/cards/693537efc98152152a4e3b3b/attachments/69408bc845b55175697b5659/download/image.png","trello.com"
"69a6a54ca4effeca8b312e33","U99ISVul","Отчет за февраль","План на февраль","False","text","https://trello.com/c/8UrRCiud/243-%D1%81%D0%BF%D0%B8%D1%81%D0%BE%D0%BA-%D0%BC%D0%B5%D0%BB%D0%BA%D0%B8%D1%85-%D0%BF%D1%80%D0%B0%D0%B2%D0%BE%D0%BA-%D0%BD%D0%B0-%D1%81%D0%B0%D0%B9%D1%82%D0%B5-%D0%B4%D0%BB%D1%8F-%D0%B8%D0%B3%D0%BE%D1%80%D1%8F","trello.com"
"69a6a54ca4effeca8b312e33","U99ISVul","Отчет за февраль","План на февраль","False","text","https://trello.com/c/5vc1MqUB/239-%D1%82%D0%B7-%D1%87%D0%B0%D1%82-%D0%B1%D0%B0%D0%B7%D0%BE%D0%B2%D1%8B%D0%B9","trello.com"
"69a6a54ca4effeca8b312e33","U99ISVul","Отчет за февраль","План на февраль","False","text","https://trello.com/c/RB7eDSz8/232-%D1%82%D0%B7-%D0%B0%D0%B2%D1%82%D0%BE%D1%80%D0%B8%D0%B7%D0%B0%D1%86%D0%B8%D1%8F-%D1%87%D0%B5%D1%80%D0%B5%D0%B7-%D1%81%D0%BE%D1%86%D1%81%D0%B5%D1%82%D0%B8","trello.com"
"69a6a54ca4effeca8b312e33","U99ISVul","Отчет за февраль","План на февраль","False","text","https://trello.com/c/kri4WbjQ/241-%D0%BC%D0%BD%D0%BE%D0%B3%D0%BE%D1%84%D0%B0%D0%BA%D1%82%D0%BE%D1%80%D0%BD%D0%B0%D1%8F-%D0%B0%D1%83%D1%82%D0%B5%D0%BD%D1%82%D0%B8%D1%84%D0%B8%D0%BA%D0%B0%D1%86%D0%B8%D1%8F","trello.com"
"69a6a54ca4effeca8b312e33","U99ISVul","Отчет за февраль","План на февраль","False","text","https://trello.com/c/hFPIK4R5/252-%D1%81%D1%82%D0%B0%D1%82%D0%B8%D1%81%D1%82%D0%B8%D0%BA%D0%B0-%D0%B0%D0%BD%D0%B0%D0%BB%D0%B8%D1%82%D0%B8%D0%BA%D0%B0","trello.com"
"69a6a54ca4effeca8b312e33","U99ISVul","Отчет за февраль","План на февраль","False","text","https://trello.com/c/RX4P6jw5/236-%D0%BC%D0%B0%D0%BA%D0%B5%D1%82%D1%8B-%D0%B4%D0%BB%D1%8F-%D0%BF%D0%BE%D1%87%D1%82%D0%BE%D0%B2%D1%8B%D1%85-%D1%80%D0%B0%D1%81%D1%81%D1%8B%D0%BB%D0%BE%D0%BA-%D0%B8%D0%B8","trello.com"
"69a6a54ca4effeca8b312e33","U99ISVul","Отчет за февраль","План на февраль","False","text","https://trello.com/c/3AV5lTCF/244-ai-%D0%B0%D1%81%D1%81%D0%B8%D1%81%D1%82%D0%B5%D0%BD%D1%82-%D1%85%D0%BE%D1%81%D1%82%D0%B5%D1%81","trello.com"
"69a6a54ca4effeca8b312e33","U99ISVul","Отчет за февраль","План на февраль","False","text","https://trello.com/c/PiXjxgGt/225-%D0%BF%D0%B5%D1%80%D0%B5%D0%B4%D0%B5%D0%BB%D0%B0%D1%82%D1%8C-%D0%B4%D0%B8%D0%B0%D0%BB%D0%BE%D0%B3%D0%BE%D0%B2%D1%8B%D0%B5-%D0%BE%D0%BA%D0%BD%D0%B0","trello.com"
"69722920ee6f341266d73e0d","L3BD80DK","Сделать e-mail шаблоны","План на февраль","True","text","https://trello.com/c/RX4P6jw5/236-%D0%BF%D1%80%D0%B8%D0%BC%D0%B5%D1%80%D1%8B-%D0%BC%D0%B0%D0%BA%D0%B5%D1%82%D0%BE%D0%B2-%D0%B4%D0%BB%D1%8F-%D0%BF%D0%BE%D1%87%D1%82%D0%BE%D0%B2%D1%8B%D1%85-%D1%80%D0%B0%D1%81%D1%81%D1%8B%D0%BB%D0%BE%D0%BA-%D0%B8%D0%B8","trello.com"
"69722920ee6f341266d73e0d","L3BD80DK","Сделать e-mail шаблоны","План на февраль","True","text","https://docs.google.com/spreadsheets/d/1mMYjHg5W2olRmz_6ofX6ObBOZUio-KK76ukcXwgfs6U/edit?gid=1282128275#gid=1282128275","docs.google.com"
"69d4b2bcb6518508b0ec0e83","487cU0ZP","Отчет за март","План на март","False","text","https://trello.com/c/5cU9gpqd/251-%D0%BF%D0%B5%D1%80%D0%B5%D0%B2%D0%BE%D0%B4%D1%87%D0%B8%D0%BA-%D0%B2-%D1%87%D0%B0%D1%82%D0%B5-%D0%BF%D0%BE%D0%BB%D1%8C%D0%B7%D0%BE%D0%B2%D0%B0%D1%82%D0%B5%D0%BB%D1%8C-%D0%B0%D0%B3%D0%B5%D0%BD%D1%82","trello.com"
"69d4b2bcb6518508b0ec0e83","487cU0ZP","Отчет за март","План на март","False","text","https://trello.com/c/eA0PyGKc/260-%D1%82%D0%B7-%D0%BF%D0%BE-%D0%BC%D0%B5%D1%85%D0%B0%D0%BD%D0%B8%D0%BA%D0%B0-%D0%BA%D0%BE%D0%BD%D1%82%D1%80%D0%BE%D0%BB%D1%8F-%D1%80%D0%B0%D0%B1%D0%BE%D1%87%D0%B5%D0%B3%D0%BE-%D0%B2%D1%80%D0%B5%D0%BC%D0%B5%D0%BD%D0%B8-%D1%8D%D0%BA%D1%81%D0%BF%D0%B5%D1%80%D1%82%D0%BE%D0%B2","trello.com"
"69d4b2bcb6518508b0ec0e83","487cU0ZP","Отчет за март","План на март","False","text","https://trello.com/c/vg9MhRVz/253-%D0%BE%D0%BF%D0%B8%D1%81%D0%B0%D0%BD%D0%B8%D0%B5-%D1%84%D1%83%D0%BD%D0%BA%D1%86%D0%B8%D0%BE%D0%BD%D0%B0%D0%BB%D0%B0-%D0%BF%D0%BE-%D0%BF%D1%80%D0%BE%D0%B5%D0%BA%D1%82%D1%83-nebula-pbexpertpro","trello.com"
"69d4b2bcb6518508b0ec0e83","487cU0ZP","Отчет за март","План на март","False","text","https://trello.com/c/uLoe5Euq/254-%D0%BF%D1%80%D0%BE%D0%B1%D0%BD%D0%B0%D1%8F-%D0%B2%D0%B5%D1%80%D1%81%D1%82%D0%BA%D0%B0-%D0%B4%D0%B8%D0%B7%D0%B0%D0%B9%D0%BD%D0%B0-%D1%81%D1%82%D1%80%D0%B0%D0%BD%D0%B8%D1%86-nebula","trello.com"
"69d4b2bcb6518508b0ec0e83","487cU0ZP","Отчет за март","План на март","False","text","https://trello.com/c/YK8WzA8i/257-%D1%82%D0%B7-%D1%80%D0%B5%D0%B3%D0%B8%D1%81%D1%82%D1%80%D0%B0%D1%86%D0%B8%D0%B8-%D1%8D%D0%BA%D1%81%D0%BF%D0%B5%D1%80%D1%82%D0%B0","trello.com"
"69d4b2bcb6518508b0ec0e83","487cU0ZP","Отчет за март","План на март","False","text","https://trello.com/c/9mcDFqLL/216-16-%D1%8E%D1%80%D0%B8%D0%B4%D0%B8%D1%87%D0%B5%D1%81%D0%BA%D0%B8%D0%B5-%D0%B2%D0%BE%D0%BF%D1%80%D0%BE%D1%81%D1%8B","trello.com"
"69d4b2bcb6518508b0ec0e83","487cU0ZP","Отчет за март","План на март","False","text","https://trello.com/c/gmCtSSsm/263-%D0%B0%D1%83%D0%B4%D0%B8%D1%82-%D0%B3%D0%BE%D1%82%D0%BE%D0%B2%D1%8B%D1%85-%D0%B4%D0%B8%D0%B7%D0%B0%D0%B9%D0%BD-%D0%BC%D0%B0%D0%BA%D0%B5%D1%82%D0%BE%D0%B2-nebula","trello.com"
"69d4b2bcb6518508b0ec0e83","487cU0ZP","Отчет за март","План на март","False","text","https://trello.com/c/L57WyO9q/265-%D0%BF%D0%BE%D0%B8%D1%81%D0%BA-%D0%B8%D0%B4%D0%B5%D0%B9-%D0%B4%D0%BB%D1%8F-%D1%81%D1%82%D0%B0%D1%80%D1%82%D0%B0%D0%BF%D0%B0","trello.com"
"69d4b2bcb6518508b0ec0e83","487cU0ZP","Отчет за март","План на март","False","text","https://trello.com/c/K7Sn0ey2/215-15-%D1%82%D0%B5%D1%85%D0%BD%D0%B8%D1%87%D0%B5%D1%81%D0%BA%D0%B0%D1%8F-%D1%87%D0%B0%D1%81%D1%82%D1%8C","trello.com"
"69a69bf9f14bff0a237ac7a6","vg9MhRVz","Описание функционала по проекту nebula / pbexpert.pro","План на март","False","text","https://drive.google.com/drive/u/0/folders/1lcNSSidGUwdye--UTFvzyUyKelgUU48v","drive.google.com"
"69a69bf9f14bff0a237ac7a6","vg9MhRVz","Описание функционала по проекту nebula / pbexpert.pro","План на март","False","text","https://docs.google.com/spreadsheets/d/1c6pd-EF_KP3UVB5xkP9P4uSVkRDEqILr/edit?gid=566707907#gid=566707907","docs.google.com"
"69a69c801246a5c7a681c555","uLoe5Euq","Пробная верстка дизайна страниц Nebula","План на март","False","text","https://docs.google.com/spreadsheets/d/100VmslglZbrKtSrtvgkMDY3UGzqqWkwdS3rkjW1_ySk/edit?usp=sharing","docs.google.com"
"69a69c801246a5c7a681c555","uLoe5Euq","Пробная верстка дизайна страниц Nebula","План на март","False","text","https://www.figma.com/design/SYrR02E7Ol6szJD4AbFDkE/%D0%9D%D0%95%D0%91%D0%A3%D0%9B%D0%90-v.01-03-2026?node-id=0-1&t=XaZnNwBwGpssXKsi-1","www.figma.com"
"69a69c801246a5c7a681c555","uLoe5Euq","Пробная верстка дизайна страниц Nebula","План на март","False","text","https://cutthreat.github.io/nebula-pages-public/site-map.html","cutthreat.github.io"
"69a69c801246a5c7a681c555","uLoe5Euq","Пробная верстка дизайна страниц Nebula","План на март","False","attachment","https://trello.com/1/cards/69a69c801246a5c7a681c555/attachments/69a6a34f90787a5f1dc817e3/download/%D0%A2%D0%97_%D0%BF%D0%BE_%D0%B2%D0%B5%D1%80%D1%81%D1%82%D0%BA%D0%B5_%D0%B4%D0%BB%D1%8F_%D0%A1%D0%B2%D0%B5%D1%82%D0%BB%D0%B0%D0%BD%D1%8B.docx","trello.com"
"69ad44508c9deca150ea49c1","YK8WzA8i","ТЗ регистрации эксперта","План на март","False","text","https://cutthreat.github.io/confideline/web/expert-registration-mockup.html","cutthreat.github.io"
"69c111b91b968d8239f0af19","gmCtSSsm","Аудит готовых дизайн-макетов Nebula","План на март","True","text","https://trello.com/1/cards/69c111b91b968d8239f0af19/attachments/69d4b0c7b7cc23a032e1652c/previews/69d4b0c8b7cc23a032e16546/download/image.webp","trello.com"
"69c111b91b968d8239f0af19","gmCtSSsm","Аудит готовых дизайн-макетов Nebula","План на март","True","attachment","https://trello.com/1/cards/69c111b91b968d8239f0af19/attachments/69d4b0a1fada9d52d85ec374/download/image.png","trello.com"
"69c1126864d632a3bad77cdb","K1tPYkKy","Концепт работы сайта по предоплаченным картам","План на март","False","text","https://docs.google.com/document/d/14RjZrGGIZS_RbsAe_N8tq_VAM_mueTBd8AHFEc0aIUw/edit?usp=sharing","docs.google.com"
"69f788652b085399240c5793","SajoWd6G","Отчет за апрель","План на апрель","False","text","https://trello.com/c/eTPwucCg/266-%D1%82%D0%B7-%D0%B4%D0%BB%D1%8F-%D0%BF%D1%80%D0%BE%D0%B4%D0%B2%D0%B8%D0%BD%D1%83%D1%82%D0%BE%D0%B3%D0%BE-%D0%BF%D0%BB%D0%B0%D1%82%D0%BD%D0%BE%D0%B3%D0%BE-%D1%87%D0%B0%D1%82%D0%B0-20","trello.com"
"69f788652b085399240c5793","SajoWd6G","Отчет за апрель","План на апрель","False","text","https://trello.com/c/LlZWg03H/267-%D0%B2%D0%B5%D1%80%D1%81%D1%82%D0%BA%D0%B0-5-%D1%81%D1%82%D1%80%D0%B0%D0%BD%D0%B8%D1%86-%D0%B4%D0%B8%D0%B7%D0%B0%D0%B9%D0%BD-%D0%BC%D0%B0%D0%BA%D0%B5%D1%82%D0%BE%D0%B2-nebula","trello.com"
"69f788652b085399240c5793","SajoWd6G","Отчет за апрель","План на апрель","False","text","https://trello.com/c/JuHpUYsy/268-%D0%B2%D1%8B%D0%B1%D1%80%D0%B0%D1%82%D1%8C-%D0%B3%D0%B8%D0%BF%D0%BE%D1%82%D0%B5%D0%B7%D1%83-%D0%BF%D1%80%D0%BE%D0%B5%D0%BA%D1%82-%D0%B4%D0%BB%D1%8F-mvp-%D0%B7%D0%B0%D0%BF%D1%83%D1%81%D0%BA%D0%B0","trello.com"
"69f788652b085399240c5793","SajoWd6G","Отчет за апрель","План на апрель","False","text","https://trello.com/c/ZwaxxfU7/279-%D0%BF%D1%80%D0%BE%D0%B2%D0%B5%D1%80%D0%BA%D0%B0-%D0%B3%D0%B8%D0%BF%D0%BE%D1%82%D0%B5%D0%B7%D1%8B-%D0%B2%D0%B0%D0%BB%D0%B8%D0%B4%D0%B0%D1%86%D0%B8%D1%8F","trello.com"
"69f788652b085399240c5793","SajoWd6G","Отчет за апрель","План на апрель","False","text","https://trello.com/c/FqIXJa1T/272-%D0%B2%D0%BD%D0%B5%D0%B4%D1%80%D0%B5%D0%BD%D0%B8%D0%B5-codex-%D0%B2-%D0%B8%D0%B3%D0%BE%D1%80%D1%8F","trello.com"
"69f788652b085399240c5793","SajoWd6G","Отчет за апрель","План на апрель","False","text","https://trello.com/c/ZjzlDJnF/273-%D0%B4%D0%BE%D1%80%D0%B0%D0%B1%D0%BE%D1%82%D0%BA%D0%B0-%D0%BF%D0%BE-%D1%8E%D1%80%D0%B8%D0%B4%D0%B8%D0%B5%D1%81%D0%BA%D0%B8%D0%BC-%D0%B2%D0%BE%D0%BF%D1%80%D0%BE%D1%81%D0%B0%D0%BC","trello.com"
"69f788652b085399240c5793","SajoWd6G","Отчет за апрель","План на апрель","False","text","https://trello.com/c/4hV0eVRd/209-13-%D1%84%D0%B8%D0%BD%D0%B0%D0%BD%D1%81%D0%BE%D0%B2%D0%B0%D1%8F-%D0%BC%D0%BE%D0%B4%D0%B5%D0%BB%D1%8C","trello.com"
"69f788652b085399240c5793","SajoWd6G","Отчет за апрель","План на апрель","False","text","https://trello.com/c/whZiCsxv/277-%D1%82%D0%B7-%D0%B0%D0%BD%D0%B0%D0%BB%D0%B8%D1%82%D0%B8%D0%BA%D0%B0-%D0%BD%D0%B0-%D0%B4%D0%B0%D1%88%D0%B1%D0%BE%D1%80%D0%B4%D0%B5","trello.com"
"69f788652b085399240c5793","SajoWd6G","Отчет за апрель","План на апрель","False","text","https://trello.com/c/GP2CEfXt/280-%D0%B4%D0%B5%D1%82%D0%B5%D0%BA%D1%82%D0%BE%D1%80-%D0%B8%D0%B8-%D1%82%D0%B5%D0%BA%D1%81%D1%82%D0%BE%D0%B2-%D0%B4%D0%BB%D1%8F-%D0%BA%D1%81%D0%B5%D0%BD%D0%B8%D0%B8","trello.com"
"69f788652b085399240c5793","SajoWd6G","Отчет за апрель","План на апрель","False","text","https://trello.com/c/kc6DFwoU/282-%D0%BD%D0%B5%D0%BE%D0%B1%D1%85%D0%BE%D0%B4%D0%B8%D0%BC%D0%BE-%D0%BF%D1%80%D0%BE%D0%B4%D1%83%D0%BC%D0%B0%D1%82%D1%8C-%D0%B4%D0%B8%D0%B7%D0%B0%D0%B9%D0%BD-%D0%BC%D0%B0%D0%BA%D0%B5%D1%82-%D1%81%D1%82%D0%B0%D0%BD%D0%B8%D1%86%D1%8B-%D1%87%D0%B0%D1%82%D0%B0-%D0%B2-%D0%BB%D0%BA-%D0%BD%D0%B5%D0%B1%D1%83%D0%BB%D0%B0","trello.com"
"69f788652b085399240c5793","SajoWd6G","Отчет за апрель","План на апрель","False","text","https://trello.com/c/EwJQvLq3/274-2-%D0%B4%D0%BD%D1%8F-%D0%BD%D0%B0-%D0%BA%D1%81%D0%B5%D0%BD%D0%B8%D1%8E","trello.com"
"69f788652b085399240c5793","SajoWd6G","Отчет за апрель","План на апрель","False","text","https://trello.com/c/coRkZtVW/275-2-%D0%B4%D0%BD%D1%8F-%D0%BD%D0%B0-%D0%B8%D0%B3%D0%BE%D1%80%D1%8F","trello.com"
"69d2cd9524a40152fb001dbf","eTPwucCg","ТЗ для продвинутого платного чата 2.0","План на апрель","False","text","https://docs.google.com/document/d/1ocUT4WGOALsn4NFPbHE-Q-H1w0hz_Oc-cQg7WMmX3S4/edit?usp=sharing","docs.google.com"
"69d2cd9524a40152fb001dbf","eTPwucCg","ТЗ для продвинутого платного чата 2.0","План на апрель","False","text","https://docs.google.com/spreadsheets/d/13vKtjQhORzCIJr3UHWK55qzjU67r6eVQ/edit?usp=sharing&ouid=117865673662155780117&rtpof=true&sd=true","docs.google.com"
"69d2cd9524a40152fb001dbf","eTPwucCg","ТЗ для продвинутого платного чата 2.0","План на апрель","False","attachment","https://trello.com/c/vg9MhRVz/253-%D0%BE%D0%BF%D0%B8%D1%81%D0%B0%D0%BD%D0%B8%D0%B5-%D1%84%D1%83%D0%BD%D0%BA%D1%86%D0%B8%D0%BE%D0%BD%D0%B0%D0%BB%D0%B0-%D0%BF%D0%BE-%D0%BF%D1%80%D0%BE%D0%B5%D0%BA%D1%82%D1%83-nebula-pbexpertpro","trello.com"
"69d2cd9524a40152fb001dbf","eTPwucCg","ТЗ для продвинутого платного чата 2.0","План на апрель","False","attachment","https://trello.com/c/Jq50a4t8/256-%D1%82%D0%B7-%D1%87%D0%B0%D1%82-%D0%BF%D1%80%D0%BE%D0%B4%D0%B2%D0%B8%D0%BD%D1%83%D1%82%D0%B0%D1%8F-%D0%B2%D0%B5%D1%80%D1%81%D0%B8%D1%8F","trello.com"
"69d2cd9524a40152fb001dbf","eTPwucCg","ТЗ для продвинутого платного чата 2.0","План на апрель","False","attachment","https://trello.com/1/cards/69d2cd9524a40152fb001dbf/attachments/69f78b3ba4ddbf872f0a80a4/download/admin-chat-stage1.rar","trello.com"
"69d2dfab686615f9a8e61e14","LlZWg03H","Верстка 5 страниц дизайн-макетов Nebula","План на апрель","False","text","https://cutthreat.github.io/nebula-pages-public/home.html","cutthreat.github.io"
"69d2dfab686615f9a8e61e14","LlZWg03H","Верстка 5 страниц дизайн-макетов Nebula","План на апрель","False","attachment","https://trello.com/c/uLoe5Euq/254-%D0%BF%D1%80%D0%BE%D0%B1%D0%BD%D0%B0%D1%8F-%D0%B2%D0%B5%D1%80%D1%81%D1%82%D0%BA%D0%B0-%D0%B4%D0%B8%D0%B7%D0%B0%D0%B9%D0%BD%D0%B0-%D1%81%D1%82%D1%80%D0%B0%D0%BD%D0%B8%D1%86-nebula","trello.com"
"69d4e98280ed47ae5fb73883","ZwaxxfU7","Проверка гипотезы / валидация","План на апрель","False","text","https://docs.google.com/spreadsheets/d/1_oMseBPq2CJeusUnHaY7VJo-U5vgDWnmm6hfeuDMAtY/edit?gid=0#gid=0","docs.google.com"
"69d4b99e051109167ce1a3a7","ZjzlDJnF","Доработка по юридиеским вопросам","План на апрель","False","text","https://cutthreat.github.io/confideline/legal-docs-ru/index.html","cutthreat.github.io"
"69d4b99e051109167ce1a3a7","ZjzlDJnF","Доработка по юридиеским вопросам","План на апрель","False","attachment","https://trello.com/c/9mcDFqLL/216-16-%D1%8E%D1%80%D0%B8%D0%B4%D0%B8%D1%87%D0%B5%D1%81%D0%BA%D0%B8%D0%B5-%D0%B2%D0%BE%D0%BF%D1%80%D0%BE%D1%81%D1%8B","trello.com"
"69415a6637091f5e1cd07874","4hV0eVRd","1.3. Финансовая модель","План на апрель","False","attachment","https://trello.com/1/cards/69415a6637091f5e1cd07874/attachments/69f7976b5c64fbc83f63983d/download/SEO%2C_off-page_%D0%B8_digital_PR_%D1%81%D1%82%D1%80%D0%B0%D1%82%D0%B5%D0%B3%D0%B8%D1%8F_%D0%B4%D0%BB%D1%8F_Confideline.md","trello.com"
"69415a6637091f5e1cd07874","4hV0eVRd","1.3. Финансовая модель","План на апрель","False","attachment","https://trello.com/1/cards/69415a6637091f5e1cd07874/attachments/69f7976c0552afe707b5a231/download/%D0%9F%D1%80%D0%B0%D0%BA%D1%82%D0%B8%D1%87%D0%B5%D1%81%D0%BA%D0%B8%D0%B9_launch_research_pack_%D0%B4%D0%BB%D1%8F_Confideline.md","trello.com"
"69415a6637091f5e1cd07874","4hV0eVRd","1.3. Финансовая модель","План на апрель","False","attachment","https://trello.com/1/cards/69415a6637091f5e1cd07874/attachments/69f7976d1b5eac7f004cefca/download/Confideline_marketing_validation_roadmap.md","trello.com"
"69415a6637091f5e1cd07874","4hV0eVRd","1.3. Финансовая модель","План на апрель","False","attachment","https://trello.com/1/cards/69415a6637091f5e1cd07874/attachments/69f7976d01abd8f919b62aa1/download/Confideline_validation_research_pack.md","trello.com"
"69415a6637091f5e1cd07874","4hV0eVRd","1.3. Финансовая модель","План на апрель","False","attachment","https://trello.com/1/cards/69415a6637091f5e1cd07874/attachments/69f7976ea0b4b44f3f60ccd1/download/Confideline_Stage_2_Research.md","trello.com"
"69415a6637091f5e1cd07874","4hV0eVRd","1.3. Финансовая модель","План на апрель","False","attachment","https://trello.com/1/cards/69415a6637091f5e1cd07874/attachments/69f7976fd47fabca3384a774/download/%D0%A0%D1%8B%D0%BD%D0%BE%D0%BA_%D1%8D%D0%B7%D0%BE%D1%82%D0%B5%D1%80%D0%B8%D1%87%D0%B5%D1%81%D0%BA%D0%B8%D1%85_%D0%BA%D0%BE%D0%BD%D1%81%D1%83%D0%BB%D1%8C%D1%82%D0%B0%D1%86%D0%B8%D0%B9_%D1%87%D0%B5%D1%80%D0%B5%D0%B7_%D1%82%D0%B5%D0%BA%D1%81%D1%82%D0%BE%D0%B2%D1%8B%D0%B9_%D1%87%D0%B0%D1%82_%D0%B4%D0%BB%D1%8F_Confideline.md","trello.com"
"69415a6637091f5e1cd07874","4hV0eVRd","1.3. Финансовая модель","План на апрель","False","attachment","https://trello.com/1/cards/69415a6637091f5e1cd07874/attachments/69f7976f7f78a9f56fcb7007/download/%D0%A3%D0%B3%D0%BB%D1%83%D0%B1%D0%BB%D0%B5%D0%BD%D0%BD%D1%8B%D0%B9_%D0%B8%D1%81%D1%81%D0%BB%D0%B5%D0%B4%D0%BE%D0%B2%D0%B0%D1%82%D0%B5%D0%BB%D1%8C%D1%81%D0%BA%D0%B8%D0%B9_%D0%BE%D1%82%D1%87%D0%B5%D1%82.md","trello.com"
"69415a6637091f5e1cd07874","4hV0eVRd","1.3. Финансовая модель","План на апрель","False","attachment","https://trello.com/1/cards/69415a6637091f5e1cd07874/attachments/69f79770c4bb80a41de91018/download/%D0%A3%D1%82%D0%BE%D1%87%D0%BD%D0%B5%D0%BD%D0%B8%D0%B5_%D1%82%D0%B5%D0%BC%D1%8B_%D0%B8_%D1%82%D1%80%D0%B8_%D1%80%D0%B0%D0%B1%D0%BE%D1%87%D0%B8%D1%85_%D1%84%D0%BE%D0%BA%D1%83%D1%81%D0%B0_%D0%B8%D1%81%D1%81%D0%BB%D0%B5%D0%B4%D0%BE%D0%B2%D0%B0%D0%BD%D0%B8%D1%8F_%D1%80%D1%8B%D0%BD%D0%BA%D0%B0_%D1%8D%D0%B7%D0%BE%D1%82%D0%B5%D1%80%D0%B8%D1%87%D0%B5%D1%81%D0%BA%D0%B8%D1%85_%D1%87%D0%B0%D1%82-%D1%81%D0%B5%D1%80%D0%B2%D0%B8%D1%81%D0%BE%D0%B2.md","trello.com"
"69415a6637091f5e1cd07874","4hV0eVRd","1.3. Финансовая модель","План на апрель","False","attachment","https://trello.com/1/cards/69415a6637091f5e1cd07874/attachments/69f7977163db5d2d3984a1cf/download/Legal_Compliance_Launch_Pack_%D0%B4%D0%BB%D1%8F_Confideline.md","trello.com"
"69415a6637091f5e1cd07874","4hV0eVRd","1.3. Финансовая модель","План на апрель","False","attachment","https://trello.com/1/cards/69415a6637091f5e1cd07874/attachments/69f7977149e70e87fc562f47/download/Confideline_Advisor_Supply_and_QA_Operating_Model.md","trello.com"
"69415a6637091f5e1cd07874","4hV0eVRd","1.3. Финансовая модель","План на апрель","False","attachment","https://trello.com/1/cards/69415a6637091f5e1cd07874/attachments/69f7977271be3ab597ae34fa/download/Local_Counsel_Question_Pack_%D0%B4%D0%BB%D1%8F_Confideline.md","trello.com"
"69415a6637091f5e1cd07874","4hV0eVRd","1.3. Финансовая модель","План на апрель","False","attachment","https://trello.com/1/cards/69415a6637091f5e1cd07874/attachments/69f797733cc014dad586087b/download/Payment_risk_pack_for_Confideline.md","trello.com"
"69415a6637091f5e1cd07874","4hV0eVRd","1.3. Финансовая модель","План на апрель","False","attachment","https://trello.com/1/cards/69415a6637091f5e1cd07874/attachments/69f797737a6b2a5b6ca6559e/download/Phase_1_execution_pack_%D0%B4%D0%BB%D1%8F_Confideline_%D0%B2_UK_%D0%B8_France.md","trello.com"
"69415a6637091f5e1cd07874","4hV0eVRd","1.3. Финансовая модель","План на апрель","False","attachment","https://trello.com/1/cards/69415a6637091f5e1cd07874/attachments/69f79774e1625176f97cee69/download/%D0%A1%D0%BE%D1%86%D0%B8%D0%B0%D0%BB%D1%8C%D0%BD%D0%B0%D1%8F_acquisition-%D1%81%D1%82%D1%80%D0%B0%D1%82%D0%B5%D0%B3%D0%B8%D1%8F_%D0%B4%D0%BB%D1%8F_Confideline.md","trello.com"
"69415a6637091f5e1cd07874","4hV0eVRd","1.3. Финансовая модель","План на апрель","False","attachment","https://trello.com/1/cards/69415a6637091f5e1cd07874/attachments/69f79775f6e2a578f452345a/download/Argentina_%D0%B8_Arabic-MENA_%D0%B4%D0%BB%D1%8F_Confideline.md","trello.com"
"69415a6637091f5e1cd07874","4hV0eVRd","1.3. Финансовая модель","План на апрель","False","attachment","https://trello.com/1/cards/69415a6637091f5e1cd07874/attachments/69f79775160a18d15860c1d2/download/CRM_-_Retention_-_Same-Advisor_Follow-Up_Pack_%D0%B4%D0%BB%D1%8F_Confideline.md","trello.com"
"69415a6637091f5e1cd07874","4hV0eVRd","1.3. Финансовая модель","План на апрель","False","attachment","https://trello.com/1/cards/69415a6637091f5e1cd07874/attachments/69f79776ddf897d3760cd05d/download/Financial_Model_and_Unit_Economics_Pack_for_Confideline.md","trello.com"
"69415a6637091f5e1cd07874","4hV0eVRd","1.3. Финансовая модель","План на апрель","False","attachment","https://trello.com/1/cards/69415a6637091f5e1cd07874/attachments/69f79777c8bb9740941bb1bb/download/Competitor_Funnel_Teardown_%D0%B4%D0%BB%D1%8F_Confideline.md","trello.com"
"69415a6637091f5e1cd07874","4hV0eVRd","1.3. Финансовая модель","План на апрель","False","attachment","https://trello.com/1/cards/69415a6637091f5e1cd07874/attachments/69f797771c3c7af34dbaf24b/download/Language-market_SEO_opportunity_matrix_%D0%B4%D0%BB%D1%8F_Confideline.md","trello.com"
"69dc89f9996ec44adcaee9f7","GP2CEfXt","Детектор ИИ текстов для Ксении","План на апрель","False","text","https://docs.google.com/document/d/13BC0dmzAVFrE7Y9B2iZP6lHwQ_1elmzSDXUOwfiav1c/edit?usp=sharing","docs.google.com"
"69e7180aee98a89258192be0","kc6DFwoU","Необходимо продумать дизайн-макет станицы чата в ЛК (Небула)","План на апрель","False","text","https://docs.google.com/document/d/1I7WmcdGxNKP4_Us_FtPCF56wacBYzB9-hRvYsUtnMYU/edit?tab=t.0","docs.google.com"
"69e7180aee98a89258192be0","kc6DFwoU","Необходимо продумать дизайн-макет станицы чата в ЛК (Небула)","План на апрель","False","text","https://docs.google.com/spreadsheets/d/13_4Fj6LGUI0omzjYprnC-RxzcHE1meY6o4wbzrhSrlw/edit?usp=sharing","docs.google.com"
"69e7180aee98a89258192be0","kc6DFwoU","Необходимо продумать дизайн-макет станицы чата в ЛК (Небула)","План на апрель","False","attachment","https://trello.com/1/cards/69e7180aee98a89258192be0/attachments/69e7182f85028e33b09d2afd/download/image.png","trello.com"
"69e7180aee98a89258192be0","kc6DFwoU","Необходимо продумать дизайн-макет станицы чата в ЛК (Небула)","План на апрель","False","attachment","https://trello.com/1/cards/69e7180aee98a89258192be0/attachments/69e729fea09f6e6d3ad88034/download/image.png","trello.com"
"69f78b660ccb6c7139cc16b7","YyUljXJ0","Список доработок для Chat Advance","План на май","False","text","https://cutthreat.github.io/confideline/web/admin-chat-workspace-v2/","cutthreat.github.io"
"69f78b660ccb6c7139cc16b7","YyUljXJ0","Список доработок для Chat Advance","План на май","False","text","https://cutthreat.github.io/confideline/web/admin-chat-workspace-v2/CHAT\_WORKSPACE\_V2\_MIGRATION\_GUIDE.md","cutthreat.github.io"
"69f78b660ccb6c7139cc16b7","YyUljXJ0","Список доработок для Chat Advance","План на май","False","text","https://cutthreat.github.io/confideline/web/admin-chat-workspace-v2/CHAT_WORKSPACE_V2_MIGRATION_GUIDE.md","cutthreat.github.io"
"69f78b660ccb6c7139cc16b7","YyUljXJ0","Список доработок для Chat Advance","План на май","False","attachment","https://trello.com/c/eTPwucCg/266-%D1%82%D0%B7-%D0%B4%D0%BB%D1%8F-%D0%BF%D1%80%D0%BE%D0%B4%D0%B2%D0%B8%D0%BD%D1%83%D1%82%D0%BE%D0%B3%D0%BE-%D0%BF%D0%BB%D0%B0%D1%82%D0%BD%D0%BE%D0%B3%D0%BE-%D1%87%D0%B0%D1%82%D0%B0-20","trello.com"
"69d4da3675d0d48d7fdee469","dNbWGDkm","MVP для тестирование гипотезы (PreSale)","План на май","False","text","https://tumor-streaming-acre-informative.trycloudflare.com/autodirect-refactor/palmistry/","tumor-streaming-acre-informative.trycloudflare.com"
"69d4da3675d0d48d7fdee469","dNbWGDkm","MVP для тестирование гипотезы (PreSale)","План на май","False","text","https://cutthreat.github.io/ai-tarot-journal-preview/","cutthreat.github.io"
"69f79363b0d1e49c922fa045","EsBbyMOL","ИИ-тестировщик","План на май","False","text","https://cutthreat.github.io/confideline/web/qa-reports/","cutthreat.github.io"
"69d4e1c90280857f3f0a2fc2","LU7bhqD1","ТЗ по детальнйо аналитике","План на май","False","text","https://cutthreat.github.io/confideline/web/partner-interactions-analytics/","cutthreat.github.io"
"69f79420f45fdb9617a83939","4nzfjUBq","ТЗ по ролям админ-панели","План на май","False","text","https://cutthreat.github.io/confideline/web/admin-roles-tz-panel.html","cutthreat.github.io"
"6a1e9e304092efae7dc65343","YVFB8NoL","Скрипт для загрузки текстов на сайт Confideline","План на май","False","text","http://Confideline.com","confideline.com"
"6a1e9e304092efae7dc65343","YVFB8NoL","Скрипт для загрузки текстов на сайт Confideline","План на май","False","text","https://confideline.com/ru/country/united-states","confideline.com"
"6a1e9e304092efae7dc65343","YVFB8NoL","Скрипт для загрузки текстов на сайт Confideline","План на май","False","text","https://confideline.com/ru/country","confideline.com"
"6a1ea2a1a574de2f87472eaf","PrkrhWqN","Новый макет страны / города","План на май","False","text","https://cutthreat.github.io/confideline/web/geo-india-country-preview.html","cutthreat.github.io"
"6a1ea2a1a574de2f87472eaf","PrkrhWqN","Новый макет страны / города","План на май","False","text","https://cutthreat.github.io/confideline/web/geo-delhi-city-preview.html","cutthreat.github.io"
"69fb210fb346711b4d130945","awgleR9M","Прогнать все макеты готовых ТЗ через Codex","План на Июнь","False","attachment","https://trello.com/c/whZiCsxv/277-%D1%82%D0%B7-%D0%B0%D0%BD%D0%B0%D0%BB%D0%B8%D1%82%D0%B8%D0%BA%D0%B0-%D0%BD%D0%B0-%D0%B4%D0%B0%D1%88%D0%B1%D0%BE%D1%80%D0%B4%D0%B5","trello.com"
"69fb210fb346711b4d130945","awgleR9M","Прогнать все макеты готовых ТЗ через Codex","План на Июнь","False","attachment","https://trello.com/c/hFPIK4R5/252-%D1%81%D1%82%D0%B0%D1%82%D0%B8%D1%81%D1%82%D0%B8%D0%BA%D0%B0-%D0%B0%D0%BD%D0%B0%D0%BB%D0%B8%D1%82%D0%B8%D0%BA%D0%B0","trello.com"
"69fb210fb346711b4d130945","awgleR9M","Прогнать все макеты готовых ТЗ через Codex","План на Июнь","False","attachment","https://trello.com/c/RX4P6jw5/236-%D0%BC%D0%B0%D0%BA%D0%B5%D1%82%D1%8B-%D0%B4%D0%BB%D1%8F-%D0%BF%D0%BE%D1%87%D1%82%D0%BE%D0%B2%D1%8B%D1%85-%D1%80%D0%B0%D1%81%D1%81%D1%8B%D0%BB%D0%BE%D0%BA-%D0%B8%D0%B8","trello.com"
"69fb210fb346711b4d130945","awgleR9M","Прогнать все макеты готовых ТЗ через Codex","План на Июнь","False","attachment","https://trello.com/c/IRQiN429/233-%D1%82%D0%B7-%D0%BF%D0%BE-%D1%82%D0%B5%D1%85-%D0%BF%D0%BE%D0%B4%D0%B4%D0%B5%D1%80%D0%B6%D0%BA%D0%B5-%D0%BD%D0%B0-%D1%81%D0%B0%D0%B9%D1%82%D0%B5-%D1%81%D1%83%D0%BF%D0%BF%D0%BE%D1%80%D1%82","trello.com"
"69fb210fb346711b4d130945","awgleR9M","Прогнать все макеты готовых ТЗ через Codex","План на Июнь","False","attachment","https://trello.com/c/5cU9gpqd/251-%D0%BF%D0%B5%D1%80%D0%B5%D0%B2%D0%BE%D0%B4%D1%87%D0%B8%D0%BA-%D0%B2-%D1%87%D0%B0%D1%82%D0%B5-%D0%BF%D0%BE%D0%BB%D1%8C%D0%B7%D0%BE%D0%B2%D0%B0%D1%82%D0%B5%D0%BB%D1%8C-%D0%B0%D0%B3%D0%B5%D0%BD%D1%82","trello.com"
"69fb210fb346711b4d130945","awgleR9M","Прогнать все макеты готовых ТЗ через Codex","План на Июнь","False","attachment","https://trello.com/c/LYz7x7QS/212-%D1%82%D0%B7-%D0%BE%D0%B3%D1%80%D0%B0%D0%BD%D0%B8%D1%87%D0%B5%D0%BD%D0%B8%D0%B5-%D0%BE%D1%82%D0%BF%D1%80%D0%B0%D0%B2%D0%BA%D0%B8-%D0%BA%D0%BE%D0%BD%D1%82%D0%B0%D0%BA%D1%82%D0%BE%D0%B2-%D0%B2-%D1%87%D0%B0%D1%82%D0%B5","trello.com"
"69fb210fb346711b4d130945","awgleR9M","Прогнать все макеты готовых ТЗ через Codex","План на Июнь","False","text","https://trello.com/c/GVvW2vR6/210-%D1%82%D0%B7-%D0%BE%D1%82%D0%B7%D1%8B%D0%B2%D1%8B-%D0%B8-%D1%80%D0%B5%D0%B9%D1%82%D0%B8%D0%BD%D0%B3-%D1%81%D0%BF%D0%B5%D1%86%D0%B8%D0%B0%D0%BB%D0%B8%D1%81%D1%82%D0%BE%D0%B2-%D0%BA%D0%B0%D1%80%D1%82%D0%BE%D1%87%D0%B5%D0%BA-","trello.com"
"69fb210fb346711b4d130945","awgleR9M","Прогнать все макеты готовых ТЗ через Codex","План на Июнь","False","attachment","https://trello.com/c/GVvW2vR6/210-%D1%82%D0%B7-%D0%BE%D1%82%D0%B7%D1%8B%D0%B2%D1%8B-%D0%B8-%D1%80%D0%B5%D0%B9%D1%82%D0%B8%D0%BD%D0%B3-%D1%81%D0%BF%D0%B5%D1%86%D0%B8%D0%B0%D0%BB%D0%B8%D1%81%D1%82%D0%BE%D0%B2-%D0%BA%D0%B0%D1%80%D1%82%D0%BE%D1%87%D0%B5%D0%BA-%D1%81%D0%BF%D0%B5%D1%86%D0%B8%D0%B0%D0%BB%D0%B8%D1%81%D1%82%D0%BE%D0%B2","trello.com"
"69fb210fb346711b4d130945","awgleR9M","Прогнать все макеты готовых ТЗ через Codex","План на Июнь","False","attachment","https://trello.com/c/tHaAg57o/192-%D1%82%D0%B7-%D0%BF%D0%BE-%D1%83%D0%BF%D1%80%D0%B0%D0%B2%D0%BB%D0%B5%D0%BD%D0%B8%D1%8E-email-%D1%80%D0%B0%D1%81%D1%81%D1%8B%D0%BB%D0%BA%D0%B8-%D0%B8%D0%B7-%D0%B0%D0%B4%D0%BC%D0%B8%D0%BD%D0%BA%D0%B8","trello.com"
"69fb210fb346711b4d130945","awgleR9M","Прогнать все макеты готовых ТЗ через Codex","План на Июнь","False","attachment","https://trello.com/c/CxEVl1q3/166-%D0%BE%D1%82%D1%80%D0%B8%D1%81%D0%BE%D0%B2%D0%BA%D0%B0-%D1%81%D1%82%D1%80%D0%B0%D0%BD%D0%B8%D1%86%D1%83-%D0%B3%D0%BE%D1%80%D0%BE%D0%B4%D0%B0","trello.com"
"69fb210fb346711b4d130945","awgleR9M","Прогнать все макеты готовых ТЗ через Codex","План на Июнь","False","attachment","https://trello.com/c/PiXjxgGt/225-%D0%BF%D0%B5%D1%80%D0%B5%D0%B4%D0%B5%D0%BB%D0%B0%D1%82%D1%8C-%D0%B4%D0%B8%D0%B0%D0%BB%D0%BE%D0%B3%D0%BE%D0%B2%D1%8B%D0%B5-%D0%BE%D0%BA%D0%BD%D0%B0","trello.com"
"68e23272356978581e7534ca","W5Ov5djR","1.0 Составление стратегии продвижении и рекламы","Стратегия","False","text","https://docs.google.com/spreadsheets/d/13paNBjr5ZShsu-HkhI-46YiU9E54FEbS4FFd7YhbdbU/edit?gid=2126563891#gid=2126563891","docs.google.com"
"68e23272356978581e7534ca","W5Ov5djR","1.0 Составление стратегии продвижении и рекламы","Стратегия","False","text","https://trello.com/c/oc253ky4/172-%D1%81%D0%BE%D1%81%D1%82%D0%B0%D0%B2%D0%B8%D1%82%D1%8C-%D0%BA%D0%BE%D0%BD%D1%86%D0%B5%D0%BF%D1%82%D1%83%D0%B0%D0%BB%D1%8C%D0%BD%D1%8B%D0%B9-%D0%BF%D0%BB%D0%B0%D0%BD-%D0%BF%D0%BE-%D0%BF%D1%80%D0%BE%D0%B4%D0%B2%D0%B8%D0%B6%D","trello.com"
"68e23272356978581e7534ca","W5Ov5djR","1.0 Составление стратегии продвижении и рекламы","Стратегия","False","attachment","https://trello.com/c/oc253ky4/172-%D1%81%D0%BE%D1%81%D1%82%D0%B0%D0%B2%D0%B8%D1%82%D1%8C-%D0%BA%D0%BE%D0%BD%D1%86%D0%B5%D0%BF%D1%82%D1%83%D0%B0%D0%BB%D1%8C%D0%BD%D1%8B%D0%B9-%D0%BF%D0%BB%D0%B0%D0%BD-%D0%BF%D0%BE-%D0%BF%D1%80%D0%BE%D0%B4%D0%B2%D0%B8%D0%B6%D0%B5%D0%BD%D0%B8%D1%8E-%D0%BF%D1%80%D0%BE%D0%B5%D0%BA%D1%82%D0%B0-nebula","trello.com"
"68e23272356978581e7534ca","W5Ov5djR","1.0 Составление стратегии продвижении и рекламы","Стратегия","False","attachment","https://trello.com/c/T5o0gWEu/70-%D0%BD%D0%B5%D0%B1%D1%83%D0%BB%D0%B0-%D0%BF%D0%BE%D0%B4%D0%B3%D0%BE%D1%82%D0%BE%D0%B2%D0%B8%D1%82%D0%B5%D0%BB%D1%8C%D0%BD%D1%8B%D0%B9-%D1%8D%D1%82%D0%B0%D0%BF","trello.com"
"6941595a19ce4d4b6ba74fba","6VTMTt7b","1.1 Анализ рынка и целевой аудитории","Стратегия","False","text","https://docs.google.com/spreadsheets/d/13paNBjr5ZShsu-HkhI-46YiU9E54FEbS4FFd7YhbdbU/edit?usp=sharing","docs.google.com"
"69415d2a6da9a8051f44d784","zQW2Htac","1.2. Анализ конкурентов","Стратегия","False","text","https://docs.google.com/spreadsheets/d/1Kjw7vR85aia-bKbN6ThjWlPDg9uNZUcfqXZtp1OsUDE/edit?usp=sharing","docs.google.com"
"69415d2a6da9a8051f44d784","zQW2Htac","1.2. Анализ конкурентов","Стратегия","False","text","https://docs.google.com/document/d/1D3SkM0YOYzu4axT6qxBybyzBXar0cmLq4Z4bqr-7m-U/edit?usp=sharing","docs.google.com"
"69415d9ddffed8b1d49efb3a","9mcDFqLL","1.6. Юридические вопросы","Стратегия","False","text","https://docs.google.com/document/d/1toWq6tVqTXmH3CBiqaDgLaMKC7HpUPkncA3iJrD0jpE/edit?usp=sharing","docs.google.com"
"677bdd22fd7004035c8a594f","N8GBzNgc","Составить 10 ТЗ для прогера","На проверке","False","text","https://docs.google.com/document/d/1o5AJftkDxOG5cmmDeqmsAIOGOaJ6Fku1SSkt1Angzqo/edit?usp=sharing","docs.google.com"
"677bdd22fd7004035c8a594f","N8GBzNgc","Составить 10 ТЗ для прогера","На проверке","False","text","https://docs.google.com/document/d/150xwL7XSnArcklCUSmlMpmjes44tXT8ToQI_6s4dC7Y/edit?usp=sharing","docs.google.com"
"677bdd22fd7004035c8a594f","N8GBzNgc","Составить 10 ТЗ для прогера","На проверке","False","text","https://docs.google.com/document/d/1igA7Y3mMd4-AfgAhsW5eVS81S9bRk9QOiaPyu06kzwM/edit?usp=sharing","docs.google.com"
"677bdd22fd7004035c8a594f","N8GBzNgc","Составить 10 ТЗ для прогера","На проверке","False","text","https://docs.google.com/document/d/1YZroK_raS86SNcL_W5zZ72f_cVKSabWJixToGT8yjPA/edit?usp=sharing","docs.google.com"
"677bdd22fd7004035c8a594f","N8GBzNgc","Составить 10 ТЗ для прогера","На проверке","False","text","https://docs.google.com/document/d/1uqxU2aue-Tdr3DV6qt97cmXhiVbYzy1_bTytbO2oPns/edit?usp=sharing","docs.google.com"
"677bdd22fd7004035c8a594f","N8GBzNgc","Составить 10 ТЗ для прогера","На проверке","False","text","https://docs.google.com/document/d/1I8MqRhF30jnyIngcDO60WVc0RfyH5iTJpBC7vkqbK5Q/edit?tab=t.0","docs.google.com"
"677bdd22fd7004035c8a594f","N8GBzNgc","Составить 10 ТЗ для прогера","На проверке","False","text","https://docs.google.com/document/d/18EWmUD64J30VVevRyrCpD4gogzjO6tukX4Ylyzl-XWI/edit?usp=sharing","docs.google.com"
"677bdd22fd7004035c8a594f","N8GBzNgc","Составить 10 ТЗ для прогера","На проверке","False","text","https://docs.google.com/document/d/1qFcgipDdoiR9OvTaI05FmH3cLvyEXr4EnRs6HGMG0tw/edit?usp=sharing","docs.google.com"
"677bdd22fd7004035c8a594f","N8GBzNgc","Составить 10 ТЗ для прогера","На проверке","False","text","https://docs.google.com/document/d/1HYM5h1h8y03rd9V2tRnoRRo-MtNnf6NR3vPRaPotLTE/edit?usp=sharing","docs.google.com"
"677bdd22fd7004035c8a594f","N8GBzNgc","Составить 10 ТЗ для прогера","На проверке","False","text","https://docs.google.com/document/d/1BbezsAlrrZPNJG0rcRgEN-p_Qwa1pnxRU659y5kKAnU/edit?usp=sharing","docs.google.com"
"677bdd22fd7004035c8a594f","N8GBzNgc","Составить 10 ТЗ для прогера","На проверке","False","text","https://docs.google.com/document/d/19Rk-Mkx5ODMVSCpLdLPh8xVfUtTKvBaNEnXI7BWVGAE/edit?usp=sharing","docs.google.com"
"677bdd22fd7004035c8a594f","N8GBzNgc","Составить 10 ТЗ для прогера","На проверке","False","text","https://docs.google.com/document/d/1aezJjoNF4JDn7aO4FHWnf5hJMRC203C_Ufi6oKCrrwg/edit?tab=t.0#heading=h.paf8sxptaxdw","docs.google.com"
"677bdd22fd7004035c8a594f","N8GBzNgc","Составить 10 ТЗ для прогера","На проверке","False","text","https://docs.google.com/document/d/1lez6V5Jsuv-MODGFx-FfFtc9BMpj_bOFTvfqmmYmGOg/edit?tab=t.0#heading=h.77cezoh835","docs.google.com"
"677bdd22fd7004035c8a594f","N8GBzNgc","Составить 10 ТЗ для прогера","На проверке","False","text","https://docs.google.com/document/d/1SWn6BPcX22qbowfSny295YPza4U0\_d3ke\_xnhtL2F3A/edit?usp=sharing","docs.google.com"
"677bdd22fd7004035c8a594f","N8GBzNgc","Составить 10 ТЗ для прогера","На проверке","False","text","https://docs.google.com/document/d/1SWn6BPcX22qbowfSny295YPza4U0_d3ke_xnhtL2F3A/edit?usp=sharing","docs.google.com"
"6880fdd23089cc90a3fc95b3","v5cjZiFY","Поиск программиста на YII2 (10$/h)","На проверке","False","text","https://robota.ua/my/vacancies/10407783/candidates?id=87058328-prof","robota.ua"
"6880fdd23089cc90a3fc95b3","v5cjZiFY","Поиск программиста на YII2 (10$/h)","На проверке","False","text","https://t.me/katrazhenko","t.me"
"6880fdd23089cc90a3fc95b3","v5cjZiFY","Поиск программиста на YII2 (10$/h)","На проверке","False","text","https://robota.ua/my/vacancies/10407783/candidates?id=86091665-prof&statusIds=4","robota.ua"
"6880fdd23089cc90a3fc95b3","v5cjZiFY","Поиск программиста на YII2 (10$/h)","На проверке","False","text","https://t.me/+38%20(099","t.me"
"6880fdd23089cc90a3fc95b3","v5cjZiFY","Поиск программиста на YII2 (10$/h)","На проверке","False","text","https://t.me/+380664306614","t.me"
"6880fdd23089cc90a3fc95b3","v5cjZiFY","Поиск программиста на YII2 (10$/h)","На проверке","False","text","https://trello.com/1/cards/6880fdd23089cc90a3fc95b3/attachments/68c883c6d5d0fd4ebc8f87d5/download/Oleksandr_Danch.docx","trello.com"
"6880fdd23089cc90a3fc95b3","v5cjZiFY","Поиск программиста на YII2 (10$/h)","На проверке","False","text","https://t.me/+0995460270","t.me"
"6880fdd23089cc90a3fc95b3","v5cjZiFY","Поиск программиста на YII2 (10$/h)","На проверке","False","text","http://￼￼Rabota.ua","￼￼rabota.ua"
"6880fdd23089cc90a3fc95b3","v5cjZiFY","Поиск программиста на YII2 (10$/h)","На проверке","False","text","https://robota.ua","robota.ua"
"6880fdd23089cc90a3fc95b3","v5cjZiFY","Поиск программиста на YII2 (10$/h)","На проверке","False","text","https://robota.ua/","robota.ua"
"6880fdd23089cc90a3fc95b3","v5cjZiFY","Поиск программиста на YII2 (10$/h)","На проверке","False","text","https://freelancehunt.com/freelancer/a_kondrat.html","freelancehunt.com"
"6880fdd23089cc90a3fc95b3","v5cjZiFY","Поиск программиста на YII2 (10$/h)","На проверке","False","text","https://freelancehunt.com/freelancer/jekanito_dev.html","freelancehunt.com"
"6880fdd23089cc90a3fc95b3","v5cjZiFY","Поиск программиста на YII2 (10$/h)","На проверке","False","attachment","https://trello.com/1/cards/6880fdd23089cc90a3fc95b3/attachments/68c882e0d94dd09d8a748645/download/Borys_Lavrentiv-Furdas.pdf","trello.com"
"6880fdd23089cc90a3fc95b3","v5cjZiFY","Поиск программиста на YII2 (10$/h)","На проверке","False","attachment","https://trello.com/1/cards/6880fdd23089cc90a3fc95b3/attachments/68c883c0a166a8f15279df50/download/Oleksandr_Danch.docx","trello.com"
"6880fdd23089cc90a3fc95b3","v5cjZiFY","Поиск программиста на YII2 (10$/h)","На проверке","False","attachment","https://trello.com/1/cards/6880fdd23089cc90a3fc95b3/attachments/68c8846e4050a413703ae7aa/download/%D0%9F%D0%B5%D1%82%D1%80%D0%BE_%D0%92%D0%B0%D0%BD%D0%BA%D0%B5%D0%B2%D0%B8%D1%87.pdf","trello.com"
"6880fdd23089cc90a3fc95b3","v5cjZiFY","Поиск программиста на YII2 (10$/h)","На проверке","False","attachment","https://trello.com/1/cards/6880fdd23089cc90a3fc95b3/attachments/68c884caac10bc99132aa710/download/%D0%9C%D0%B0%D0%BD%D1%8C%D0%BA%D0%BE_%D0%90%D0%BB%D0%B5%D0%BA%D1%81%D0%B5%D0%B9.pdf","trello.com"
"6948388fa6bf36c378848685","RYh3TU7Y","ВЫПОЛНЕНА _ ТЗ заполненность профиля 30%","На проверке","False","attachment","https://trello.com/1/cards/6948388fa6bf36c378848685/attachments/69832c59887a0a980a96a497/download/image.png","trello.com"
"6948388fa6bf36c378848685","RYh3TU7Y","ВЫПОЛНЕНА _ ТЗ заполненность профиля 30%","На проверке","False","attachment","https://trello.com/1/cards/6948388fa6bf36c378848685/attachments/694abd994f0d7d7225ff79ec/download/image.png","trello.com"
"6948388fa6bf36c378848685","RYh3TU7Y","ВЫПОЛНЕНА _ ТЗ заполненность профиля 30%","На проверке","False","attachment","https://trello.com/1/cards/6948388fa6bf36c378848685/attachments/69483a0784b7c31712f26f3a/download/image.png","trello.com"
"6948388fa6bf36c378848685","RYh3TU7Y","ВЫПОЛНЕНА _ ТЗ заполненность профиля 30%","На проверке","False","attachment","https://trello.com/1/cards/6948388fa6bf36c378848685/attachments/69832c74a7c9c424f015945a/download/image.png","trello.com"
"694aa78da0cac021ee6301f1","OoR5CmRO","Список премиум-городов и ТЗ","На проверке","False","text","https://docs.google.com/spreadsheets/d/1sUv7nyubCHIDF5p2bCqIsGFZcYqwTjtD2ZLVFeZjbJo/edit?gid=0#gid=0","docs.google.com"
"694aa78da0cac021ee6301f1","OoR5CmRO","Список премиум-городов и ТЗ","На проверке","False","text","https://www.duplichecker.com/ru","www.duplichecker.com"
"694acc0b1408568a1b3db61b","PiXjxgGt","Переделать диалоговые окна","Фоновые задачи","False","text","https://trello.com/1/cards/694acc0b1408568a1b3db61b/attachments/69ad53ab6581f17078c26ffe/previews/69ad53ab6581f17078c270b5/download/image.webp","trello.com"
"694acc0b1408568a1b3db61b","PiXjxgGt","Переделать диалоговые окна","Фоновые задачи","False","text","https://confideline.com/ru/admin/message/index","confideline.com"
"694acc0b1408568a1b3db61b","PiXjxgGt","Переделать диалоговые окна","Фоновые задачи","False","attachment","https://trello.com/1/cards/694acc0b1408568a1b3db61b/attachments/6979d2b21f12ac9e1a01068d/download/image.png","trello.com"
"694acc0b1408568a1b3db61b","PiXjxgGt","Переделать диалоговые окна","Фоновые задачи","False","text","https://confideline.com/ru/admin/group/","confideline.com"
"694acc0b1408568a1b3db61b","PiXjxgGt","Переделать диалоговые окна","Фоновые задачи","False","attachment","https://trello.com/1/cards/694acc0b1408568a1b3db61b/attachments/6979d220d342fa642cd0d081/download/image.png","trello.com"
"694acc0b1408568a1b3db61b","PiXjxgGt","Переделать диалоговые окна","Фоновые задачи","False","attachment","https://trello.com/1/cards/694acc0b1408568a1b3db61b/attachments/6979d27977f5c00df34a7335/download/image.png","trello.com"
"694acc0b1408568a1b3db61b","PiXjxgGt","Переделать диалоговые окна","Фоновые задачи","False","text","https://confideline.com/ru/admin/chief-under/index?userId=2","confideline.com"
"694acc0b1408568a1b3db61b","PiXjxgGt","Переделать диалоговые окна","Фоновые задачи","False","attachment","https://trello.com/1/cards/694acc0b1408568a1b3db61b/attachments/6979d1c53c7857062b40ef76/download/image.png","trello.com"
"694acc0b1408568a1b3db61b","PiXjxgGt","Переделать диалоговые окна","Фоновые задачи","False","attachment","https://trello.com/1/cards/694acc0b1408568a1b3db61b/attachments/6979d1edd2ff9278bdae70dd/download/image.png","trello.com"
"694acc0b1408568a1b3db61b","PiXjxgGt","Переделать диалоговые окна","Фоновые задачи","False","text","https://confideline.com/ru/admin/user/info?id=82","confideline.com"
"694acc0b1408568a1b3db61b","PiXjxgGt","Переделать диалоговые окна","Фоновые задачи","False","attachment","https://trello.com/1/cards/694acc0b1408568a1b3db61b/attachments/6979d11d3f861b3b002ef609/download/image.png","trello.com"
"694acc0b1408568a1b3db61b","PiXjxgGt","Переделать диалоговые окна","Фоновые задачи","False","attachment","https://trello.com/1/cards/694acc0b1408568a1b3db61b/attachments/6979d13bdbbccfb1c2e08567/download/image.png","trello.com"
"694acc0b1408568a1b3db61b","PiXjxgGt","Переделать диалоговые окна","Фоновые задачи","False","attachment","https://trello.com/1/cards/694acc0b1408568a1b3db61b/attachments/6979d15933a82ab5c52053fd/download/image.png","trello.com"
"694acc0b1408568a1b3db61b","PiXjxgGt","Переделать диалоговые окна","Фоновые задачи","False","attachment","https://trello.com/1/cards/694acc0b1408568a1b3db61b/attachments/6979d16a5bd746d01992d80f/download/image.png","trello.com"
"694acc0b1408568a1b3db61b","PiXjxgGt","Переделать диалоговые окна","Фоновые задачи","False","attachment","https://trello.com/1/cards/694acc0b1408568a1b3db61b/attachments/6979d12cf9ad922507b3c32c/download/image.png","trello.com"
"694acc0b1408568a1b3db61b","PiXjxgGt","Переделать диалоговые окна","Фоновые задачи","False","attachment","https://trello.com/1/cards/694acc0b1408568a1b3db61b/attachments/69ad44ecb4f4d03596771937/download/image.png","trello.com"
"694acc0b1408568a1b3db61b","PiXjxgGt","Переделать диалоговые окна","Фоновые задачи","False","attachment","https://trello.com/1/cards/694acc0b1408568a1b3db61b/attachments/69ad53ab6581f17078c26ffe/download/image.png","trello.com"
"6983264a38f9206df3ef4168","8UrRCiud","Список мелких правок на сайте для Игоря","Фоновые задачи","False","text","https://trello.com/b/CJdouqNE/confideline-dev","trello.com"
"6983264a38f9206df3ef4168","8UrRCiud","Список мелких правок на сайте для Игоря","Фоновые задачи","False","attachment","https://trello.com/1/cards/6983264a38f9206df3ef4168/attachments/69901d590e12091e7181ebdd/download/image.png","trello.com"
"6983264a38f9206df3ef4168","8UrRCiud","Список мелких правок на сайте для Игоря","Фоновые задачи","False","text","https://trello.com/1/cards/6983264a38f9206df3ef4168/attachments/698329514cb4fee6038513b1/download/image.png","trello.com"
"68012d408a8a174d4096a35f","NCQsbhGS","Реестр задач для программиста","Фоновые задачи","False","attachment","https://docs.google.com/spreadsheets/d/1xbSjJPnBAF7bxtxmYxXs4fmJ0-78Mo0LfzAG2LNFGiE/edit?gid=0#gid=0","docs.google.com"
"68012d408a8a174d4096a35f","NCQsbhGS","Реестр задач для программиста","Фоновые задачи","False","text","https://trello.com/c/MlB0pH2x/119-%D1%82%D0%B7-%D0%BF%D0%BE-%D1%83%D0%BF%D1%80%D0%B0%D0%B2%D0%BB%D0%B5%D0%BD%D0%B8%D1%8E-%D0%BF%D0%BB%D0%B0%D1%82%D0%BD%D1%8B%D0%BC%D0%B8-%D1%84%D1%83%D0%BD%D0%BA%D1%86%D0%B8%D1%8F%D0%BC%D0%B8-%D0%B8%D0%B7-%D1%80%D0%B5%D0%B5%D1%81%D1%82%D1%80%D0%B0","trello.com"
"68012d408a8a174d4096a35f","NCQsbhGS","Реестр задач для программиста","Фоновые задачи","False","text","https://trello.com/c/qfz50mtc/113-%D0%BE%D0%BF%D0%B8%D1%81%D0%B0%D1%82%D1%8C-%D1%82%D0%B5%D0%B7%D0%B8%D1%81%D0%BD%D0%BE-%D0%BF%D0%BB%D0%B0%D1%82%D0%BD%D1%8B%D0%B9-%D1%87%D0%B0%D1%82-%D0%BA%D0%B0%D0%BA-%D0%B2-%D0%BD%D0%B5%D0%B1%D1%83%D0%BB%D0%B0-%D0%B8%D0%B7-%D1%80%D0%B5%D0%B5%D1%81%D1%82%D1%80%D0%B0-%D0%B7%D0%B0%D0%B4%D0%B0%D1%87","trello.com"
"68012d408a8a174d4096a35f","NCQsbhGS","Реестр задач для программиста","Фоновые задачи","False","text","https://trello.com/c/vxnR2rPw/125-%D1%82%D0%B7-%D0%B4%D0%BE%D1%81%D0%BA%D0%B0-%D0%BE%D0%B1%D1%8A%D1%8F%D0%B2%D0%BB%D0%B5%D0%BD%D0%B8%D0%B9-%D0%BD%D0%B0-%D1%81%D0%B0%D0%B9%D1%82-s-%D0%B8%D0%B7-%D1%80%D0%B5%D0%B5%D1%81%D1%82%D1%80%D0%B0-%D0%B7%D0%B0%D0%B4%D0%B0%D1%87","trello.com"
"68b167aefa82c079f4a92540","pAkpaKzI","Подобрать название и URL проекта NEBULA","Фоновые задачи","False","text","https://docs.google.com/spreadsheets/d/1eGu-gK5wde642fSh9beKnMOfl5e3P2FTFJGq_Ta18Wk/edit?gid=1833761823#gid=1833761823","docs.google.com"
"68b167aefa82c079f4a92540","pAkpaKzI","Подобрать название и URL проекта NEBULA","Фоновые задачи","False","text","https://docs.google.com/spreadsheets/d/1eGu-gK5wde642fSh9beKnMOfl5e3P2FTFJGq_Ta18Wk/edit?usp=sharing","docs.google.com"
"68b167aefa82c079f4a92540","pAkpaKzI","Подобрать название и URL проекта NEBULA","Фоновые задачи","False","text","http://xn--80ajjnfcffc5a0c.xn--axions-2z78a.com","xn--80ajjnfcffc5a0c.xn--axions-2z78a.com"
"68d15d38e85d1dacaec91e30","CxEVl1q3","Отрисовка страницу ""Города""","Фоновые задачи","False","attachment","https://trello.com/1/cards/68d15d38e85d1dacaec91e30/attachments/68f6834606dd97626d3a3e35/download/%D0%A1%D1%82%D1%80%D0%B0%D0%BD%D0%B8%D1%86%D0%B0_%D0%B3%D0%BE%D1%80%D0%BE%D0%B4%D0%B0.png","trello.com"
"68d15d38e85d1dacaec91e30","CxEVl1q3","Отрисовка страницу ""Города""","Фоновые задачи","False","attachment","https://trello.com/c/zFhiX6PL/173-%D1%82%D0%B7-%D0%BF%D0%BE-%D0%B3%D0%BE%D1%80%D0%BE%D0%B4%D0%B0%D0%BC-%D1%81%D1%82%D1%80%D0%B0%D0%BD%D0%B0%D0%BC","trello.com"
"68d15d38e85d1dacaec91e30","CxEVl1q3","Отрисовка страницу ""Города""","Фоновые задачи","False","attachment","https://trello.com/1/cards/68d15d38e85d1dacaec91e30/attachments/68f63cb80ea4767afe9ced18/download/%D0%93%D0%BE%D1%80%D0%BE%D0%B4%D0%B0.docx","trello.com"
"69085b3351530aff8657a353","6DbNCbTi","Распределить функции в админ-панели по соответствующим блокам","Фоновые задачи","False","attachment","https://trello.com/1/cards/69085b3351530aff8657a353/attachments/69273b41fae2ae99d43025f1/download/image.png","trello.com"
"68e4266c47259611bcd6d042","tczbE5jy","Натянуть лендинг","Фоновые задачи","False","attachment","https://trello.com/c/qWEPb34Z/157-%D0%B7%D0%B0%D0%B2%D0%B5%D1%80%D1%81%D1%82%D0%B0%D1%82%D1%8C-%D0%BB%D0%B5%D0%BD%D0%B4%D0%B8%D0%BD%D0%B3-s","trello.com"
"6959714d973d633b90ae2681","VzWZEa6e","Дизайн лендинга Антоном","Фоновые задачи","False","text","https://www.figma.com/design/RwxYQBLDns7T9X3bnVmVBl/YouDate?node-id=0-1&p=f&t=IP7jJYvBCaR8qOZ2-0","www.figma.com"
"67ed1c08d1418893ff17a4e4","0wi8cZ4y","Устроить на работу Ксению в другие сервисы для разведки","Фоновые задачи","False","text","https://moonx.app/","moonx.app"
"67ed1c08d1418893ff17a4e4","0wi8cZ4y","Устроить на работу Ксению в другие сервисы для разведки","Фоновые задачи","False","text","https://lunaro.ru/ekspertam","lunaro.ru"
"68b5453fac89de34bde473a1","b4r95XGk","Найти готовый чат-бот на PHP","Фоновые задачи","False","text","https://habr.com/ru/articles/696864/","habr.com"
"68b5453fac89de34bde473a1","b4r95XGk","Найти готовый чат-бот на PHP","Фоновые задачи","False","text","https://github.com/Nikidzawa/GorodX_Telebot","github.com"
"6a1d87d385eb31bd44a7a399","kZWn8Zn9","P0-06 — Expert Application Flow: public-заявка эксперта + admin очередь заявок","Codex task","False","attachment","https://trello.com/1/cards/6a1d87d385eb31bd44a7a399/attachments/6a1d94239a045431a0e9587a/download/README.md","trello.com"
