url,domain,occurrences,firstList,firstCard,firstShortLink,status,accessClass,contentType,finalUrl,error
"http://￼￼Rabota.ua","￼￼rabota.ua","1","На проверке","Поиск программиста на YII2 (10$/h)","v5cjZiFY","","error_or_timeout","","","Failed to parse URL from http://￼￼Rabota.ua"
"http://AfroIntroductions.com","afrointroductions.com","1","Архив (Выполнено)","Список сайтов знакомств","ftSfC62I","","error_or_timeout","","","This operation was aborted"
"http://AsianDating.com","asiandating.com","1","Архив (Выполнено)","Список сайтов знакомств","ftSfC62I","","error_or_timeout","","","This operation was aborted"
"http://AstroCupid.com","astrocupid.com","1","Архив (Выполнено)","Список сайтов знакомств","ftSfC62I","","error_or_timeout","","","This operation was aborted"
"http://Astrology.com","astrology.com","1","Архив (Выполнено)","Небула. Подготовительный этап","T5o0gWEu","","error_or_timeout","","","This operation was aborted"
"http://BBWCupid.com","bbwcupid.com","1","Архив (Выполнено)","Список сайтов знакомств","ftSfC62I","","error_or_timeout","","","This operation was aborted"
"http://BlackCupid.com","blackcupid.com","1","Архив (Выполнено)","Список сайтов знакомств","ftSfC62I","","error_or_timeout","","","This operation was aborted"
"http://BrazilCupid.com","brazilcupid.com","1","Архив (Выполнено)","Список сайтов знакомств","ftSfC62I","","error_or_timeout","","","This operation was aborted"
"http://CambodianCupid.com","cambodiancupid.com","1","Архив (Выполнено)","Список сайтов знакомств","ftSfC62I","","error_or_timeout","","","This operation was aborted"
"http://CaribbeanCupid.com","caribbeancupid.com","1","Архив (Выполнено)","Список сайтов знакомств","ftSfC62I","","error_or_timeout","","","This operation was aborted"
"http://ChinaLoveCupid.com","chinalovecupid.com","1","Архив (Выполнено)","Список сайтов знакомств","ftSfC62I","","error_or_timeout","","","This operation was aborted"
"http://ChristianCupid.com","christiancupid.com","1","Архив (Выполнено)","Список сайтов знакомств","ftSfC62I","","error_or_timeout","","","This operation was aborted"
"http://ColombianCupid.com","colombiancupid.com","1","Архив (Выполнено)","Список сайтов знакомств","ftSfC62I","","error_or_timeout","","","This operation was aborted"
"http://ConfideLine.com","confideline.com","2","Архив (Выполнено)","Политики на сайт Юдейт","NoOHV9NV","200","reachable","text/html; charset=UTF-8","http://confideline.com/",""
"http://DominicanCupid.com","dominicancupid.com","1","Архив (Выполнено)","Список сайтов знакомств","ftSfC62I","","error_or_timeout","","","This operation was aborted"
"http://EliteCupid.com","elitecupid.com","1","Архив (Выполнено)","Список сайтов знакомств","ftSfC62I","","error_or_timeout","","","This operation was aborted"
"http://FilipinoCupid.com","filipinocupid.com","1","Архив (Выполнено)","Список сайтов знакомств","ftSfC62I","","error_or_timeout","","","This operation was aborted"
"http://gmail.com","gmail.com","1","Backend in process","Case 63 - API map / geo","0F1rgMNQ","","error_or_timeout","","","This operation was aborted"
"http://HongKongCupid.com","hongkongcupid.com","1","Архив (Выполнено)","Список сайтов знакомств","ftSfC62I","","error_or_timeout","","","This operation was aborted"
"http://IndianCupid.com","indiancupid.com","1","Архив (Выполнено)","Список сайтов знакомств","ftSfC62I","","error_or_timeout","","","This operation was aborted"
"http://IndonesianCupid.com","indonesiancupid.com","1","Архив (Выполнено)","Список сайтов знакомств","ftSfC62I","","error_or_timeout","","","This operation was aborted"
"http://InternationalCupid.com","internationalcupid.com","1","Архив (Выполнено)","Список сайтов знакомств","ftSfC62I","","error_or_timeout","","","This operation was aborted"
"http://InterracialCupid.com","interracialcupid.com","1","Архив (Выполнено)","Список сайтов знакомств","ftSfC62I","","error_or_timeout","","","This operation was aborted"
"http://JapanCupid.com","japancupid.com","2","Архив (Выполнено)","Регистрация на JapanCupid.com с Румынии","5m8rJJNp","","error_or_timeout","","","This operation was aborted"
"http://KenyanCupid.com","kenyancupid.com","1","Архив (Выполнено)","Список сайтов знакомств","ftSfC62I","","error_or_timeout","","","This operation was aborted"
"http://KoreanCupid.com","koreancupid.com","1","Архив (Выполнено)","Список сайтов знакомств","ftSfC62I","","error_or_timeout","","","This operation was aborted"
"http://LatinAmericanCupid.com","latinamericancupid.com","1","Архив (Выполнено)","Список сайтов знакомств","ftSfC62I","","error_or_timeout","","","This operation was aborted"
"http://MalaysianCupid.com","malaysiancupid.com","1","Архив (Выполнено)","Список сайтов знакомств","ftSfC62I","200","reachable","text/html;charset=UTF-8","https://www.malaysiancupid.com/",""
"http://MexicanCupid.com","mexicancupid.com","1","Архив (Выполнено)","Список сайтов знакомств","ftSfC62I","","error_or_timeout","","","This operation was aborted"
"http://MilitaryCupid.com","militarycupid.com","1","Архив (Выполнено)","Список сайтов знакомств","ftSfC62I","","error_or_timeout","","","This operation was aborted"
"http://Muslima.com","muslima.com","1","Архив (Выполнено)","Список сайтов знакомств","ftSfC62I","200","reachable","text/html;charset=UTF-8","https://www.muslima.com/",""
"http://NataliDate.com","natalidate.com","1","Архив (Выполнено)","Политики на сайт Юдейт","NoOHV9NV","200","reachable","text/html","https://nataliedate.com/",""
"http://nataliedate.com/","nataliedate.com","1","Информация","Политика / terms","MSZQtXaS","200","reachable","text/html","https://nataliedate.com/",""
"http://PinkCupid.com","pinkcupid.com","1","Архив (Выполнено)","Список сайтов знакомств","ftSfC62I","200","reachable","text/html;charset=UTF-8","https://www.pinkcupid.com/",""
"http://project11542495.tilda.ws/","project11542495.tilda.ws","1","Архив (Выполнено)","Сохранить лендинг по анализам","GhCqaXXl","403","access_blocked","text/html","http://project11542495.tilda.ws/",""
"http://Reg.Nr","reg.nr","1","Архив (Выполнено)","Политики на сайт Юдейт","NoOHV9NV","","error_or_timeout","","","fetch failed"
"http://reg.nr/","reg.nr","1","Информация","Политика / terms","MSZQtXaS","","error_or_timeout","","","fetch failed"
"http://russianhugs.com/","russianhugs.com","1","Backend in process","Case 64 - авторизация ТГ","04tGMQ4T","200","reachable","text/html","https://russianhugs.com/",""
"http://SilverLove.com","silverlove.com","1","Архив (Выполнено)","Список сайтов знакомств","ftSfC62I","200","reachable","text/html;charset=UTF-8","https://www.silverlove.com/",""
"http://SingaporeLoveLinks.com","singaporelovelinks.com","1","Архив (Выполнено)","Список сайтов знакомств","ftSfC62I","200","reachable","text/html;charset=UTF-8","https://www.singaporelovelinks.com/",""
"http://SouthAfricanCupid.com","southafricancupid.com","1","Архив (Выполнено)","Список сайтов знакомств","ftSfC62I","200","reachable","text/html;charset=UTF-8","https://www.southafricancupid.com/",""
"http://Stripe.com","stripe.com","1","Полка (Когда-нибудь)","Подключ [redacted] платежные системы","o5xgYdus","200","reachable","text/html; charset=utf-8","https://stripe.com/en-lt",""
"http://ThaiCupid.com","thaicupid.com","1","Архив (Выполнено)","Список сайтов знакомств","ftSfC62I","200","reachable","text/html;charset=UTF-8","https://www.thaicupid.com/",""
"http://UkraineDate.com","ukrainedate.com","1","Архив (Выполнено)","Список сайтов знакомств","ftSfC62I","200","reachable","text/html;charset=UTF-8","https://www.ukrainedate.com/",""
"http://validator.w3.org","validator.w3.org","1","Полка (Когда-нибудь)","HTML5/CSS3. HTML - должен содержать минимум ошибок","NijwhmEL","200","reachable","text/html; charset=utf-8","https://validator.w3.org/",""
"http://VietnamCupid.com","vietnamcupid.com","1","Архив (Выполнено)","Список сайтов знакомств","ftSfC62I","200","reachable","text/html;charset=UTF-8","https://www.vietnamcupid.com/",""
"http://xn--80ajjnfcffc5a0c.xn--axions-2z78a.com","xn--80ajjnfcffc5a0c.xn--axions-2z78a.com","1","Фоновые задачи","Подобрать название и URL проекта NEBULA","pAkpaKzI","","error_or_timeout","","","Failed to parse URL from http://xn--80ajjnfcffc5a0c.xn--axions-2z78a.com"
"https://admin24.app/register","admin24.app","1","На проверке","ТЗ по тех поддержке на сайте (суппорт)","IRQiN429","200","reachable","text/html; charset=utf-8","https://admin24.app/register",""
"https://ads.tiktok.com/help/article?aid=10005714","ads.tiktok.com","1","На проверке","Гипотезы по сборку email-базы потенциальных клиентов","rlJphNyY","200","reachable","text/html; charset=utf-8","https://ads.tiktok.com/help/article?aid=10005714&redirected=2",""
"https://adsterra.com/","adsterra.com","1","На проверке","Гипотезы по сборку email-базы потенциальных клиентов","rlJphNyY","200","reachable","text/html","https://adsterra.com/",""
"https://afflift.com/","afflift.com","1","На проверке","Гипотезы по сборку email-базы потенциальных клиентов","rlJphNyY","403","access_blocked","text/html; charset=UTF-8","https://afflift.com/",""
"https://alisaclub.vercel.app/","alisaclub.vercel.app","1","Архив (Выполнено)","Найти верстальщика для Главной страницы S","uMDT6uPU","200","reachable","text/html; charset=utf-8","https://alisaclub.vercel.app/",""
"https://app.intercom.com/a/inbox/fflona9j/inbox/admin/9606819/conversation/215472467556223?view=List","app.intercom.com","1","На проверке","Примеры админок","PegKaCje","200","reachable","text/html; charset=utf-8","https://app.intercom.com/a/inbox/fflona9j/inbox/admin/9606819/conversation/215472467556223?view=List",""
"https://apps.apple.com/us/app/freelancehunt-messenger/id1663920676","apps.apple.com","1","На проверке","ТЗ Ограничение отправки контактов в чате","LYz7x7QS","200","reachable","text/html","https://apps.apple.com/us/app/freelancehunt-messenger/id1663920676",""
"https://asknebula.com/","asknebula.com","2","Архив (Выполнено)","Платная консультация по эзотерике (как клиент)","1jG8Hv4M","200","reachable","text/html; charset=utf-8","https://www.asknebula.com/",""
"https://asknebula.com/charts/life-path-calculator","asknebula.com","1","Полка (Когда-нибудь)","Квис-гороскоп + спецпредложение","yBeq6u8C","200","reachable","text/html; charset=utf-8","https://www.asknebula.com/charts/life-path-calculator",""
"https://astro7.su","astro7.su","1","Архив (Выполнено)","Регистрация на сайтах типа небулы","sDaz0HWN","200","reachable","text/html; charset=UTF-8","https://astro7.su/",""
"https://astro7.su/","astro7.su","1","Архив (Выполнено)","Регистрация на сайтах типа небулы","sDaz0HWN","200","reachable","text/html; charset=UTF-8","https://astro7.su/",""
"https://Astrology.com","astrology.com","1","Архив (Выполнено)","Регистрация на сайтах типа небулы","sDaz0HWN","200","reachable","text/html; charset=utf-8","https://www.astrology.com/us/home.aspx",""
"https://botfather.telegram.org/","botfather.telegram.org","1","На проверке","Гипотезы по сборку email-базы потенциальных клиентов","rlJphNyY","200","reachable","text/html; charset=utf-8","https://core.telegram.org/",""
"https://collabstr.com/","collabstr.com","1","На проверке","Гипотезы по сборку email-базы потенциальных клиентов","rlJphNyY","403","access_blocked","text/html; charset=UTF-8","https://collabstr.com/",""
"https://confideline.com","confideline.com","1","Архив (Выполнено)","Политики на сайт Юдейт","NoOHV9NV","200","reachable","text/html; charset=UTF-8","https://confideline.com/",""
"https://confideline.com/","confideline.com","2","План на февраль","Отчет за февраль","cDsRWxoU","200","reachable","text/html; charset=UTF-8","https://confideline.com/",""
"https://confideline.com/admin/page/index?currentPage=1.php","confideline.com","1","Архив (Выполнено)","Политики на сайт Юдейт","NoOHV9NV","404","not_found","text/html; charset=UTF-8","https://confideline.com/admin/page/index?currentPage=1.php",""
"https://confideline.com/page/AntiScam","confideline.com","2","Архив (Выполнено)","Перепроверить политики и тд","IJpuYbJg","404","not_found","text/html; charset=UTF-8","https://confideline.com/page/AntiScam",""
"https://confideline.com/page/Cancellation-and-Refund","confideline.com","1","Архив (Выполнено)","Политики на сайт Юдейт","NoOHV9NV","404","not_found","text/html; charset=UTF-8","https://confideline.com/page/Cancellation-and-Refund",""
"https://confideline.com/page/cancellation-refund","confideline.com","2","Архив (Выполнено)","Перепроверить политики и тд","IJpuYbJg","404","not_found","text/html; charset=UTF-8","https://confideline.com/page/cancellation-refund",""
"https://confideline.com/page/cookie-policy","confideline.com","3","Архив (Выполнено)","Политики на сайт Юдейт","NoOHV9NV","200","reachable","text/html; charset=UTF-8","https://confideline.com/page/cookie-policy",""
"https://confideline.com/page/legal-safety-center","confideline.com","2","Архив (Выполнено)","Перепроверить политики и тд","IJpuYbJg","404","not_found","text/html; charset=UTF-8","https://confideline.com/page/legal-safety-center",""
"https://confideline.com/page/policy-content","confideline.com","2","Архив (Выполнено)","Перепроверить политики и тд","IJpuYbJg","404","not_found","text/html; charset=UTF-8","https://confideline.com/page/policy-content",""
"https://confideline.com/page/privacy-policy","confideline.com","3","Архив (Выполнено)","Политики на сайт Юдейт","NoOHV9NV","200","reachable","text/html; charset=UTF-8","https://confideline.com/page/privacy-policy",""
"https://confideline.com/page/Safety","confideline.com","2","Архив (Выполнено)","Перепроверить политики и тд","IJpuYbJg","404","not_found","text/html; charset=UTF-8","https://confideline.com/page/Safety",""
"https://confideline.com/page/terms-and-conditions","confideline.com","3","Архив (Выполнено)","Политики на сайт Юдейт","NoOHV9NV","200","reachable","text/html; charset=UTF-8","https://confideline.com/page/terms-and-conditions",""
"https://confideline.com/ru/admin/chief-under/index?userId=2","confideline.com","1","Фоновые задачи","Переделать диалоговые окна","PiXjxgGt","404","not_found","text/html; charset=UTF-8","https://confideline.com/ru/admin/chief-under/index?userId=2",""
"https://confideline.com/ru/admin/group/","confideline.com","1","Фоновые задачи","Переделать диалоговые окна","PiXjxgGt","404","not_found","text/html; charset=UTF-8","https://confideline.com/ru/admin/group/",""
"https://confideline.com/ru/admin/message/index","confideline.com","2","На проверке","ТЗ Ограничение отправки контактов в чате","LYz7x7QS","404","not_found","text/html; charset=UTF-8","https://confideline.com/ru/admin/message/index",""
"https://confideline.com/ru/admin/settings/social","confideline.com","1","На проверке","ТЗ Авторизация через соцсети","RB7eDSz8","404","not_found","text/html; charset=UTF-8","https://confideline.com/ru/admin/settings/social",""
"https://confideline.com/ru/admin/support/index","confideline.com","1","На проверке","ТЗ по тех поддержке на сайте (суппорт)","IRQiN429","404","not_found","text/html; charset=UTF-8","https://confideline.com/ru/admin/support/index",""
"https://confideline.com/ru/admin/user","confideline.com","1","План на январь","отчет за январь","bSQ9qBix","404","not_found","text/html; charset=UTF-8","https://confideline.com/ru/admin/user",""
"https://confideline.com/ru/admin/user/index","confideline.com","1","На проверке","ТЗ по управлению email-рассылки из админки","tHaAg57o","404","not_found","text/html; charset=UTF-8","https://confideline.com/ru/admin/user/index",""
"https://confideline.com/ru/admin/user/info?id=82","confideline.com","1","Фоновые задачи","Переделать диалоговые окна","PiXjxgGt","404","not_found","text/html; charset=UTF-8","https://confideline.com/ru/admin/user/info?id=82",""
"https://confideline.com/ru/country","confideline.com","1","План на май","Скрипт для загрузки текстов на сайт Confideline","YVFB8NoL","200","reachable","text/html; charset=UTF-8","https://confideline.com/ru/login",""
"https://confideline.com/ru/country/united-states","confideline.com","1","План на май","Скрипт для загрузки текстов на сайт Confideline","YVFB8NoL","200","reachable","text/html; charset=UTF-8","https://confideline.com/ru/login",""
"https://confideline.com/settings/upload","confideline.com","1","План на июль","ТЗ обрезка фото под шаблон (из реестра)","pxVeimmh","200","reachable","text/html; charset=UTF-8","https://confideline.com/en/login",""
"https://console.cloud.google.com/google/maps-apis/onboard?run=disco&authuser=3","console.cloud.google.com","1","Backend in process","Case 63 - API map / geo","0F1rgMNQ","200","reachable","text/html; charset=utf-8","https://accounts.google.com/v3/signin/identifier?continue=https%3A%2F%2Fconsole.cloud.google.com%2Fgoogle%2Fmaps-apis%2Fonboard%3Frun%3Ddisco%26authuser%3D3&dsh=S1057806745%3A1780561568230672&followup=https%3A%2F%2Fconsole.cloud.google.com%2Fgoogle%2Fmaps-apis%2Fonboard%3Frun%3Ddisco%26authuser%3D3&osid=1&passive=1209600&service=cloudconsole&flowName=WebLiteSignIn&flowEntry=ServiceLogin&ifkv=AWa2Pauh4WWwfzlgWJy4mmlTbr8OeQe6inyg_ByS4gRmLEf4QyVAbMTN0is83o6dx-gTufXLGitDUQ",""
"https://core.telegram.org/api","core.telegram.org","1","Backend in process","Case 64 - авторизация ТГ","04tGMQ4T","200","reachable","text/html; charset=utf-8","https://core.telegram.org/api",""
"https://core.telegram.org/widgets/login","core.telegram.org","1","Backend in process","Case 64 - авторизация ТГ","04tGMQ4T","200","reachable","text/html; charset=utf-8","https://core.telegram.org/bots/telegram-login",""
"https://cpa.rip/","cpa.rip","1","На проверке","Гипотезы по сборку email-базы потенциальных клиентов","rlJphNyY","","error_or_timeout","","","This operation was aborted"
"https://creativemarket.com/blogoodf/2167516-Romantic-Icons-Set-Concept","creativemarket.com","1","Архив (Выполнено)","Готовый предложенный стикерпак","2gmwj5dL","403","access_blocked","text/html; charset=UTF-8","https://creativemarket.com/blogoodf/2167516-Romantic-Icons-Set-Concept",""
"https://creativemarket.com/kmgdesignid/6618760-50-Romance-Lineal-Color","creativemarket.com","1","Архив (Выполнено)","Готовый предложенный стикерпак","2gmwj5dL","403","access_blocked","text/html; charset=UTF-8","https://creativemarket.com/kmgdesignid/6618760-50-Romance-Lineal-Color",""
"https://creativemarket.com/prosymbols/282452313-Dating-App-Icons-Collection","creativemarket.com","1","Архив (Выполнено)","Готовый предложенный стикерпак","2gmwj5dL","","error_or_timeout","","","This operation was aborted"
"https://creativemarket.com/search/stickers","creativemarket.com","1","Архив (Выполнено)","Готовый предложенный стикерпак","2gmwj5dL","403","access_blocked","text/html; charset=UTF-8","https://creativemarket.com/search/stickers",""
"https://creativemarket.com/vostockshop/5802677-60-Valentines-Day-Color-Icons","creativemarket.com","1","Архив (Выполнено)","Готовый предложенный стикерпак","2gmwj5dL","403","access_blocked","text/html; charset=UTF-8","https://creativemarket.com/vostockshop/5802677-60-Valentines-Day-Color-Icons",""
"https://cutthreat.github.io/ai-tarot-journal-preview/","cutthreat.github.io","1","План на май","MVP для тестирование гипотезы (PreSale)","dNbWGDkm","200","reachable","text/html; charset=utf-8","https://cutthreat.github.io/ai-tarot-journal-preview/",""
"https://cutthreat.github.io/confideline/legal-docs-ru/index.html","cutthreat.github.io","1","План на апрель","Доработка по юридиеским вопросам","ZjzlDJnF","200","reachable","text/html; charset=utf-8","https://cutthreat.github.io/confideline/legal-docs-ru/index.html",""
"https://cutthreat.github.io/confideline/translator-spec.html","cutthreat.github.io","1","На проверке","Переводчик в чате (пользователь/агент)","5cU9gpqd","","error_or_timeout","","","This operation was aborted"
"https://cutthreat.github.io/confideline/web/admin-chat-workspace-v2/","cutthreat.github.io","1","План на май","Список доработок для Chat Advance","YyUljXJ0","200","reachable","text/html; charset=utf-8","https://cutthreat.github.io/confideline/web/admin-chat-workspace-v2/",""
"https://cutthreat.github.io/confideline/web/admin-chat-workspace-v2/CHAT_WORKSPACE_V2_MIGRATION_GUIDE.md","cutthreat.github.io","1","План на май","Список доработок для Chat Advance","YyUljXJ0","200","reachable","text/markdown; charset=utf-8","https://cutthreat.github.io/confideline/web/admin-chat-workspace-v2/CHAT_WORKSPACE_V2_MIGRATION_GUIDE.md",""
"https://cutthreat.github.io/confideline/web/admin-chat-workspace-v2/CHAT\_WORKSPACE\_V2\_MIGRATION\_GUIDE.md","cutthreat.github.io","1","План на май","Список доработок для Chat Advance","YyUljXJ0","","error_or_timeout","","","This operation was aborted"
"https://cutthreat.github.io/confideline/web/admin-roles-tz-panel.html","cutthreat.github.io","1","План на май","ТЗ по ролям админ-панели","4nzfjUBq","200","reachable","text/html; charset=utf-8","https://cutthreat.github.io/confideline/web/admin-roles-tz-panel.html",""
"https://cutthreat.github.io/confideline/web/dashboard-analytics-mockup.html","cutthreat.github.io","1","На проверке","ТЗ аналитика на Дашборде","whZiCsxv","200","reachable","text/html; charset=utf-8","https://cutthreat.github.io/confideline/web/dashboard-analytics-mockup.html",""
"https://cutthreat.github.io/confideline/web/expert-registration-mockup.html","cutthreat.github.io","1","План на март","ТЗ регистрации эксперта","YK8WzA8i","200","reachable","text/html; charset=utf-8","https://cutthreat.github.io/confideline/web/expert-registration-mockup.html",""
"https://cutthreat.github.io/confideline/web/geo-delhi-city-preview.html","cutthreat.github.io","1","План на май","Новый макет страны / города","PrkrhWqN","200","reachable","text/html; charset=utf-8","https://cutthreat.github.io/confideline/web/geo-delhi-city-preview.html",""
"https://cutthreat.github.io/confideline/web/geo-india-country-preview.html","cutthreat.github.io","1","План на май","Новый макет страны / города","PrkrhWqN","200","reachable","text/html; charset=utf-8","https://cutthreat.github.io/confideline/web/geo-india-country-preview.html",""
"https://cutthreat.github.io/confideline/web/partner-interactions-analytics/","cutthreat.github.io","1","План на май","ТЗ по детальнйо аналитике","LU7bhqD1","200","reachable","text/html; charset=utf-8","https://cutthreat.github.io/confideline/web/partner-interactions-analytics/",""
"https://cutthreat.github.io/confideline/web/qa-reports/","cutthreat.github.io","1","План на май","ИИ-тестировщик","EsBbyMOL","200","reachable","text/html; charset=utf-8","https://cutthreat.github.io/confideline/web/qa-reports/",""
"https://cutthreat.github.io/nebula-pages-public/home.html","cutthreat.github.io","1","План на апрель","Верстка 5 страниц дизайн-макетов Nebula","LlZWg03H","200","reachable","text/html; charset=utf-8","https://cutthreat.github.io/nebula-pages-public/home.html",""
"https://cutthreat.github.io/nebula-pages-public/site-map.html","cutthreat.github.io","1","План на март","Пробная верстка дизайна страниц Nebula","uLoe5Euq","","error_or_timeout","","","This operation was aborted"
"https://dating.gwangi-theme.com/","dating.gwangi-theme.com","2","Архив (Выполнено)","ТЗ по сайду содержанок (для обсуждения и корректировок)","PXhFYUGF","","error_or_timeout","","","fetch failed"
"https://demo.skadate.com/","demo.skadate.com","1","На проверке","Примеры админок","PegKaCje","200","reachable","text/html; charset=UTF-8","https://demo.skadate.com/",""
"https://demo.templatemonster.com/ru/demo/389106.html","demo.templatemonster.com","2","Архив (Выполнено)","Выбрать одну из 3-х страниц шаблона","rqQ7rxIP","200","reachable","text/html; charset=UTF-8","https://www.templatemonster.com/ru/website-templates-type/389106.html",""
"https://demo.templatemonster.com/ru/demo/466865.html","demo.templatemonster.com","1","Архив (Выполнено)","ТЗ по сайду содержанок (для обсуждения и корректировок)","PXhFYUGF","200","reachable","text/html; charset=UTF-8","https://demo.templatemonster.com/ru/demo/466865.html",""
"https://demos.codexcoder.com/themeforest/html/ollya/assets/images/transport/bg.png","demos.codexcoder.com","1","Архив (Выполнено)","Макет главной страницы S","kmkP67pK","200","reachable","image/png","https://demos.codexcoder.com/themeforest/html/ollya/assets/images/transport/bg.png",""
"https://demos.codexcoder.com/themeforest/html/ollya/index-2.html","demos.codexcoder.com","1","Архив (Выполнено)","ТЗ по сайду содержанок (для обсуждения и корректировок)","PXhFYUGF","200","reachable","text/html","https://demos.codexcoder.com/themeforest/html/ollya/index-2.html",""
"https://demos.codexcoder.com/themeforest/html/ollya/index.html","demos.codexcoder.com","2","План декабрь","Главная страница сайта содержанок","ruMprvP5","200","reachable","text/html","https://demos.codexcoder.com/themeforest/html/ollya/index.html",""
"https://demos.codexcoder.com/themeforest/html/ollya/index.html?me=on&me2=on&country=Bangladesh#","demos.codexcoder.com","1","Архив (Выполнено)","Купить шаблоны сайтов","VrcCVwIe","200","reachable","text/html","https://demos.codexcoder.com/themeforest/html/ollya/index.html?me=on&me2=on&country=Bangladesh",""
"https://developers.google.com/maps/documentation/javascript/error-messages?hl=ru#invalid-key-map-error","developers.google.com","1","Backend in process","Case 63 - API map / geo","0F1rgMNQ","200","reachable","text/html; charset=utf-8","https://developers.google.com/maps/documentation/javascript/error-messages?hl=ru",""
"https://developers.google.com/speed/pagespeed/","developers.google.com","1","Полка (Когда-нибудь)","HTML5/CSS3. HTML - должен содержать минимум ошибок","NijwhmEL","200","reachable","text/html; charset=utf-8","https://developers.google.com/speed?hl=id",""
"https://docs.google.com/document/d/13BC0dmzAVFrE7Y9B2iZP6lHwQ_1elmzSDXUOwfiav1c/edit?usp=sharing","docs.google.com","1","План на апрель","Детектор ИИ текстов для Ксении","GP2CEfXt","200","reachable","text/html; charset=utf-8","https://docs.google.com/document/d/13BC0dmzAVFrE7Y9B2iZP6lHwQ_1elmzSDXUOwfiav1c/edit?usp=sharing",""
"https://docs.google.com/document/d/14RjZrGGIZS_RbsAe_N8tq_VAM_mueTBd8AHFEc0aIUw/edit?usp=sharing","docs.google.com","1","План на март","Концепт работы сайта по предоплаченным картам","K1tPYkKy","200","reachable","text/html; charset=utf-8","https://docs.google.com/document/d/14RjZrGGIZS_RbsAe_N8tq_VAM_mueTBd8AHFEc0aIUw/edit?usp=sharing",""
"https://docs.google.com/document/d/150xwL7XSnArcklCUSmlMpmjes44tXT8ToQI_6s4dC7Y/edit?usp=sharing","docs.google.com","1","На проверке","Составить 10 ТЗ для прогера","N8GBzNgc","200","reachable","text/html; charset=utf-8","https://docs.google.com/document/d/150xwL7XSnArcklCUSmlMpmjes44tXT8ToQI_6s4dC7Y/edit?usp=sharing",""
"https://docs.google.com/document/d/18EWmUD64J30VVevRyrCpD4gogzjO6tukX4Ylyzl-XWI/edit?tab=t.0#heading=h.8qt8jnpwsqhd","docs.google.com","2","План на май","Отчет за май","Qd3T5Hzp","200","reachable","text/html; charset=utf-8","https://docs.google.com/document/d/18EWmUD64J30VVevRyrCpD4gogzjO6tukX4Ylyzl-XWI/edit?tab=t.0",""
"https://docs.google.com/document/d/18EWmUD64J30VVevRyrCpD4gogzjO6tukX4Ylyzl-XWI/edit?usp=sharing","docs.google.com","1","На проверке","Составить 10 ТЗ для прогера","N8GBzNgc","200","reachable","text/html; charset=utf-8","https://docs.google.com/document/d/18EWmUD64J30VVevRyrCpD4gogzjO6tukX4Ylyzl-XWI/edit?usp=sharing",""
"https://docs.google.com/document/d/19Rk-Mkx5ODMVSCpLdLPh8xVfUtTKvBaNEnXI7BWVGAE/edit?usp=sharing","docs.google.com","1","На проверке","Составить 10 ТЗ для прогера","N8GBzNgc","200","reachable","text/html; charset=utf-8","https://docs.google.com/document/d/19Rk-Mkx5ODMVSCpLdLPh8xVfUtTKvBaNEnXI7BWVGAE/edit?usp=sharing",""
"https://docs.google.com/document/d/1aezJjoNF4JDn7aO4FHWnf5hJMRC203C_Ufi6oKCrrwg/edit?tab=t.0#heading=h.paf8sxptaxdw","docs.google.com","1","На проверке","Составить 10 ТЗ для прогера","N8GBzNgc","200","reachable","text/html; charset=utf-8","https://docs.google.com/document/d/1aezJjoNF4JDn7aO4FHWnf5hJMRC203C_Ufi6oKCrrwg/edit?tab=t.0",""
"https://docs.google.com/document/d/1appXvKwHWoogd2ZavEgrTe9tJDoso4o4C6O8QXxzkJg/edit?tab=t.0","docs.google.com","1","Архив (Выполнено)","Тестирование сайта Юдейт по премиум","lngbLfNo","200","reachable","text/html; charset=utf-8","https://docs.google.com/document/d/1appXvKwHWoogd2ZavEgrTe9tJDoso4o4C6O8QXxzkJg/edit?tab=t.0",""
"https://docs.google.com/document/d/1appXvKwHWoogd2ZavEgrTe9tJDoso4o4C6O8QXxzkJg/edit?tab=t.0#heading=h.4j2t6kfocr99","docs.google.com","2","Архив (Выполнено)","ТЗ для премиум функций (из реестра задач)","SlTHhSJp","200","reachable","text/html; charset=utf-8","https://docs.google.com/document/d/1appXvKwHWoogd2ZavEgrTe9tJDoso4o4C6O8QXxzkJg/edit?tab=t.0",""
"https://docs.google.com/document/d/1BbezsAlrrZPNJG0rcRgEN-p_Qwa1pnxRU659y5kKAnU/edit?usp=sharing","docs.google.com","1","На проверке","Составить 10 ТЗ для прогера","N8GBzNgc","200","reachable","text/html; charset=utf-8","https://docs.google.com/document/d/1BbezsAlrrZPNJG0rcRgEN-p_Qwa1pnxRU659y5kKAnU/edit?usp=sharing",""
"https://docs.google.com/document/d/1biMWPgF12dD_WHNOUmjRgwR4dCvg9zkBYYdw0eN5wvY/edit?tab=t.0","docs.google.com","1","Полка (Когда-нибудь)","Найти и сработаться с прогером","aM3yiOA6","200","reachable","text/html; charset=utf-8","https://docs.google.com/document/d/1biMWPgF12dD_WHNOUmjRgwR4dCvg9zkBYYdw0eN5wvY/edit?tab=t.0",""
"https://docs.google.com/document/d/1BQ01hADfevuCQgx_6XnHN9qzjzCIvqbatu02dDdsSUo/edit?usp=sharing","docs.google.com","1","На проверке","ТЗ для доработок шаблона S","ipujgjLt","200","reachable","text/html; charset=utf-8","https://docs.google.com/document/d/1BQ01hADfevuCQgx_6XnHN9qzjzCIvqbatu02dDdsSUo/edit?usp=sharing",""
"https://docs.google.com/document/d/1cxfteHUjdkjlbVSsEvBtYENXC7rKPZF6yF8zUjnNfG8/edit?tab=t.0","docs.google.com","1","Архив (Выполнено)","ТЗ по управлению платными функциями (из реестра)","MlB0pH2x","401","access_blocked","text/html; charset=utf-8","https://docs.google.com/document/d/1cxfteHUjdkjlbVSsEvBtYENXC7rKPZF6yF8zUjnNfG8/edit?tab=t.0",""
"https://docs.google.com/document/d/1CxyoOIOnXU1dAHMsl8Eqf9GjARRyZBmTzSWXoDLzQQg/edit?usp=sharing","docs.google.com","1","Архив (Выполнено)","Прототип чат-бота","sQE044pT","200","reachable","text/html; charset=utf-8","https://docs.google.com/document/d/1CxyoOIOnXU1dAHMsl8Eqf9GjARRyZBmTzSWXoDLzQQg/edit?usp=sharing",""
"https://docs.google.com/document/d/1D3SkM0YOYzu4axT6qxBybyzBXar0cmLq4Z4bqr-7m-U/edit?usp=sharing","docs.google.com","1","Стратегия","1.2. Анализ конкурентов","zQW2Htac","200","reachable","text/html; charset=utf-8","https://docs.google.com/document/d/1D3SkM0YOYzu4axT6qxBybyzBXar0cmLq4Z4bqr-7m-U/edit?usp=sharing",""
"https://docs.google.com/document/d/1EangjBnRT3bO2CiFZs10WU0vyEUOCn2-Fh27sDqIIBg/edit?tab=t.0","docs.google.com","2","План на ноябрь","ТЗ регистрация анкет из админки YouDate","SclXGnR0","200","reachable","text/html; charset=utf-8","https://docs.google.com/document/d/1EangjBnRT3bO2CiFZs10WU0vyEUOCn2-Fh27sDqIIBg/edit?tab=t.0",""
"https://docs.google.com/document/d/1EnF0eejr3qyLarNPTTXxpTCA62a_IpSshjyu8WYfcZo/edit?usp=sharing","docs.google.com","1","Архив (Выполнено)","Небула. Подготовительный этап","T5o0gWEu","200","reachable","text/html; charset=utf-8","https://docs.google.com/document/d/1EnF0eejr3qyLarNPTTXxpTCA62a_IpSshjyu8WYfcZo/edit?usp=sharing",""
"https://docs.google.com/document/d/1eTV_SmzDgaDt3hmC4QszH4PATRUHiZ0-h9AYk1YM3xk/edit?tab=t.0","docs.google.com","2","Полка (Когда-нибудь)","Описать систему начислений партнерам за действия","fGgovEA0","200","reachable","text/html; charset=utf-8","https://docs.google.com/document/d/1eTV_SmzDgaDt3hmC4QszH4PATRUHiZ0-h9AYk1YM3xk/edit?tab=t.0",""
"https://docs.google.com/document/d/1eTV_SmzDgaDt3hmC4QszH4PATRUHiZ0-h9AYk1YM3xk/edit?usp=sharing","docs.google.com","1","Полка (Когда-нибудь)","Описать систему начислений партнерам за действия","fGgovEA0","200","reachable","text/html; charset=utf-8","https://docs.google.com/document/d/1eTV_SmzDgaDt3hmC4QszH4PATRUHiZ0-h9AYk1YM3xk/edit?usp=sharing",""
"https://docs.google.com/document/d/1fdKsIi-i6JKCwgwN23duHlC4_28zGuSz/edit?usp=sharing&ouid=117865673662155780117&rtpof=true&sd=true","docs.google.com","1","Архив (Выполнено)","ТЗ по SEO (из реестра)","UIh5ipt1","200","reachable","text/html; charset=utf-8","https://docs.google.com/document/d/1fdKsIi-i6JKCwgwN23duHlC4_28zGuSz/edit?usp=sharing&ouid=117865673662155780117&rtpof=true&sd=true",""
"https://docs.google.com/document/d/1FjRScFs1LZJi0OsF1E0cKOw_hwKmmwyeGyq8JpmzM3c/edit?tab=t.0","docs.google.com","3","Архив (Выполнено)","Прототип главной страницы S","Y9GGGw4Q","200","reachable","text/html; charset=utf-8","https://docs.google.com/document/d/1FjRScFs1LZJi0OsF1E0cKOw_hwKmmwyeGyq8JpmzM3c/edit?tab=t.0",""
"https://docs.google.com/document/d/1FjRScFs1LZJi0OsF1E0cKOw_hwKmmwyeGyq8JpmzM3c/edit?usp=sharing","docs.google.com","1","Архив (Выполнено)","Макет главной страницы S","kmkP67pK","200","reachable","text/html; charset=utf-8","https://docs.google.com/document/d/1FjRScFs1LZJi0OsF1E0cKOw_hwKmmwyeGyq8JpmzM3c/edit?usp=sharing",""
"https://docs.google.com/document/d/1HHeEervj3s8Cpm7rS5yyUc914GmhNXbnalJplpfsuNk/edit?usp=sharing","docs.google.com","1","Полка (Когда-нибудь)","Используется ли у нас какойнибудь МемКеш. Если нет то надо делать.","8nSBLmmv","200","reachable","text/html; charset=utf-8","https://docs.google.com/document/d/1HHeEervj3s8Cpm7rS5yyUc914GmhNXbnalJplpfsuNk/edit?usp=sharing",""
"https://docs.google.com/document/d/1HYM5h1h8y03rd9V2tRnoRRo-MtNnf6NR3vPRaPotLTE/edit?usp=sharing","docs.google.com","1","На проверке","Составить 10 ТЗ для прогера","N8GBzNgc","200","reachable","text/html; charset=utf-8","https://docs.google.com/document/d/1HYM5h1h8y03rd9V2tRnoRRo-MtNnf6NR3vPRaPotLTE/edit?usp=sharing",""
"https://docs.google.com/document/d/1I7WmcdGxNKP4_Us_FtPCF56wacBYzB9-hRvYsUtnMYU/edit?tab=t.0","docs.google.com","1","План на апрель","Необходимо продумать дизайн-макет станицы чата в ЛК (Небула)","kc6DFwoU","200","reachable","text/html; charset=utf-8","https://docs.google.com/document/d/1I7WmcdGxNKP4_Us_FtPCF56wacBYzB9-hRvYsUtnMYU/edit?tab=t.0",""
"https://docs.google.com/document/d/1I8MqRhF30jnyIngcDO60WVc0RfyH5iTJpBC7vkqbK5Q/edit?tab=t.0","docs.google.com","1","На проверке","Составить 10 ТЗ для прогера","N8GBzNgc","200","reachable","text/html; charset=utf-8","https://docs.google.com/document/d/1I8MqRhF30jnyIngcDO60WVc0RfyH5iTJpBC7vkqbK5Q/edit?tab=t.0",""
"https://docs.google.com/document/d/1igA7Y3mMd4-AfgAhsW5eVS81S9bRk9QOiaPyu06kzwM/edit?usp=sharing","docs.google.com","1","На проверке","Составить 10 ТЗ для прогера","N8GBzNgc","200","reachable","text/html; charset=utf-8","https://docs.google.com/document/d/1igA7Y3mMd4-AfgAhsW5eVS81S9bRk9QOiaPyu06kzwM/edit?usp=sharing",""
"https://docs.google.com/document/d/1kf-o471zgd4WTYmoOq8oJCg7onrksP8C8jLTo27iFJM/edit?usp=sharing","docs.google.com","1","Архив (Выполнено)","Работа с дизайнером по страницам H","SbEOcTaR","200","reachable","text/html; charset=utf-8","https://docs.google.com/document/d/1kf-o471zgd4WTYmoOq8oJCg7onrksP8C8jLTo27iFJM/edit?usp=sharing",""
"https://docs.google.com/document/d/1kxpfx89ZVkn5LVQsgxYzWD9Ovkz1HlcU8Tc72WJp6Kg/edit?usp=sharing","docs.google.com","2","Архив (Выполнено)","Описание необходимого функционала для аналога Nebula","ScHSOeqV","200","reachable","text/html; charset=utf-8","https://docs.google.com/document/d/1kxpfx89ZVkn5LVQsgxYzWD9Ovkz1HlcU8Tc72WJp6Kg/edit?usp=sharing",""
"https://docs.google.com/document/d/1L2bDeqhUCNbHoQ6sfDY1p3PGL-qZKjQM/edit?usp=sharing&ouid=117865673662155780117&rtpof=true&sd=true","docs.google.com","1","Архив (Выполнено)","ТЗ по добавлению видео в группы (из реестра)","Zpf4j7Q7","200","reachable","text/html; charset=utf-8","https://docs.google.com/document/d/1L2bDeqhUCNbHoQ6sfDY1p3PGL-qZKjQM/edit?usp=sharing&ouid=117865673662155780117&rtpof=true&sd=true",""
"https://docs.google.com/document/d/1lez6V5Jsuv-MODGFx-FfFtc9BMpj_bOFTvfqmmYmGOg/edit?tab=t.0#heading=h.77cezoh835","docs.google.com","1","На проверке","Составить 10 ТЗ для прогера","N8GBzNgc","200","reachable","text/html; charset=utf-8","https://docs.google.com/document/d/1lez6V5Jsuv-MODGFx-FfFtc9BMpj_bOFTvfqmmYmGOg/edit?tab=t.0",""
"https://docs.google.com/document/d/1LoVsGKI6e9Xa480sZxWojGFzgNXfoEprNUn__hOzou4/edit?tab=t.0","docs.google.com","1","План на ноябрь","Тестовая среда для дизайнера","9SXjNiTD","200","reachable","text/html; charset=utf-8","https://docs.google.com/document/d/1LoVsGKI6e9Xa480sZxWojGFzgNXfoEprNUn__hOzou4/edit?tab=t.0",""
"https://docs.google.com/document/d/1NSc_fAHTv_Y7jzHjlUSoZrLU9s-C1boJkF6VipYmxo0/edit?usp=sharing","docs.google.com","1","На проверке","Сформировать тарифные планы для H и для S","HhB8ES6c","200","reachable","text/html; charset=utf-8","https://docs.google.com/document/d/1NSc_fAHTv_Y7jzHjlUSoZrLU9s-C1boJkF6VipYmxo0/edit?usp=sharing",""
"https://docs.google.com/document/d/1o5AJftkDxOG5cmmDeqmsAIOGOaJ6Fku1SSkt1Angzqo/edit?usp=sharing","docs.google.com","1","На проверке","Составить 10 ТЗ для прогера","N8GBzNgc","200","reachable","text/html; charset=utf-8","https://docs.google.com/document/d/1o5AJftkDxOG5cmmDeqmsAIOGOaJ6Fku1SSkt1Angzqo/edit?usp=sharing",""
"https://docs.google.com/document/d/1ocUT4WGOALsn4NFPbHE-Q-H1w0hz_Oc-cQg7WMmX3S4/edit?usp=sharing","docs.google.com","1","План на апрель","ТЗ для продвинутого платного чата 2.0","eTPwucCg","200","reachable","text/html; charset=utf-8","https://docs.google.com/document/d/1ocUT4WGOALsn4NFPbHE-Q-H1w0hz_Oc-cQg7WMmX3S4/edit?usp=sharing",""
"https://docs.google.com/document/d/1oWB5htMSMbrHLCUPaleygckM9xbOwSsRXmrJlEG4JAY/edit?tab=t.0#heading=h.327m7ywp3hmy","docs.google.com","1","Архив (Выполнено)","Ревизия всех страниц Юдейт для проекта S","G11mfR6V","200","reachable","text/html; charset=utf-8","https://docs.google.com/document/d/1oWB5htMSMbrHLCUPaleygckM9xbOwSsRXmrJlEG4JAY/edit?tab=t.0",""
"https://docs.google.com/document/d/1oWB5htMSMbrHLCUPaleygckM9xbOwSsRXmrJlEG4JAY/edit?usp=sharing","docs.google.com","1","Архив (Выполнено)","Ревизия всех страниц Юдейт для проекта S","G11mfR6V","200","reachable","text/html; charset=utf-8","https://docs.google.com/document/d/1oWB5htMSMbrHLCUPaleygckM9xbOwSsRXmrJlEG4JAY/edit?usp=sharing",""
"https://docs.google.com/document/d/1qFcgipDdoiR9OvTaI05FmH3cLvyEXr4EnRs6HGMG0tw/edit?tab=t.0","docs.google.com","1","Архив (Выполнено)","Макет главной страницы S","kmkP67pK","200","reachable","text/html; charset=utf-8","https://docs.google.com/document/d/1qFcgipDdoiR9OvTaI05FmH3cLvyEXr4EnRs6HGMG0tw/edit?tab=t.0",""
"https://docs.google.com/document/d/1qFcgipDdoiR9OvTaI05FmH3cLvyEXr4EnRs6HGMG0tw/edit?tab=t.0#heading=h.jhnjxknqeno","docs.google.com","1","Архив (Выполнено)","Описать главную страницу для S","tjpYVtrk","200","reachable","text/html; charset=utf-8","https://docs.google.com/document/d/1qFcgipDdoiR9OvTaI05FmH3cLvyEXr4EnRs6HGMG0tw/edit?tab=t.0",""
"https://docs.google.com/document/d/1qFcgipDdoiR9OvTaI05FmH3cLvyEXr4EnRs6HGMG0tw/edit?usp=sharing","docs.google.com","1","На проверке","Составить 10 ТЗ для прогера","N8GBzNgc","200","reachable","text/html; charset=utf-8","https://docs.google.com/document/d/1qFcgipDdoiR9OvTaI05FmH3cLvyEXr4EnRs6HGMG0tw/edit?usp=sharing",""
"https://docs.google.com/document/d/1qKZLzSx1oZopi37UIZgRORccKnVrVhzsv9Tx1kA_FRY/edit?usp=sharing","docs.google.com","1","На проверке","Переводчик в чате (пользователь/агент)","5cU9gpqd","200","reachable","text/html; charset=utf-8","https://docs.google.com/document/d/1qKZLzSx1oZopi37UIZgRORccKnVrVhzsv9Tx1kA_FRY/edit?usp=sharing",""
"https://docs.google.com/document/d/1QYigXSk4NHY0h0FRFqSvHDpER2RiDBQIJAQV8XicCiA/edit?usp=sharing","docs.google.com","1","Архив (Выполнено)","Расшифровка анализов AI","3vV2c2wr","200","reachable","text/html; charset=utf-8","https://docs.google.com/document/d/1QYigXSk4NHY0h0FRFqSvHDpER2RiDBQIJAQV8XicCiA/edit?usp=sharing",""
"https://docs.google.com/document/d/1S2kVqdq_gV8xsmnoWiVNByQiNAHGqPxgIdIvUWO_ex0/edit?tab=t.0","docs.google.com","3","Архив (Выполнено)","Тестовая среда для программиста","eZoNmx3h","200","reachable","text/html; charset=utf-8","https://docs.google.com/document/d/1S2kVqdq_gV8xsmnoWiVNByQiNAHGqPxgIdIvUWO_ex0/edit?tab=t.0",""
"https://docs.google.com/document/d/1SWn6BPcX22qbowfSny295YPza4U0_d3ke_xnhtL2F3A/edit?usp=sharing","docs.google.com","2","Архив (Выполнено)","Тестовая среда для прогера на Yii2","73h0MgwU","200","reachable","text/html; charset=utf-8","https://docs.google.com/document/d/1SWn6BPcX22qbowfSny295YPza4U0_d3ke_xnhtL2F3A/edit?usp=sharing",""
"https://docs.google.com/document/d/1SWn6BPcX22qbowfSny295YPza4U0\_d3ke\_xnhtL2F3A/edit?usp=sharing","docs.google.com","1","На проверке","Составить 10 ТЗ для прогера","N8GBzNgc","404","not_found","text/html; charset=utf-8","https://docs.google.com/document/d/1SWn6BPcX22qbowfSny295YPza4U0/_d3ke/_xnhtL2F3A/edit?usp=sharing",""
"https://docs.google.com/document/d/1toWq6tVqTXmH3CBiqaDgLaMKC7HpUPkncA3iJrD0jpE/edit?usp=sharing","docs.google.com","1","Стратегия","1.6. Юридические вопросы","9mcDFqLL","200","reachable","text/html; charset=utf-8","https://docs.google.com/document/d/1toWq6tVqTXmH3CBiqaDgLaMKC7HpUPkncA3iJrD0jpE/edit?usp=sharing",""
"https://docs.google.com/document/d/1U2oybi6bOr5mDvgohOU98vo8YWI3p23IytUqH8sV78w/edit?usp=sharing","docs.google.com","2","Архив (Выполнено)","Сформировать дорожную карту","D3O2PNch","200","reachable","text/html; charset=utf-8","https://docs.google.com/document/d/1U2oybi6bOr5mDvgohOU98vo8YWI3p23IytUqH8sV78w/edit?usp=sharing",""
"https://docs.google.com/document/d/1uqxU2aue-Tdr3DV6qt97cmXhiVbYzy1_bTytbO2oPns/edit?tab=t.0","docs.google.com","3","На проверке","ТЗ доска объявлений на сайт S (из реестра задач)","vxnR2rPw","200","reachable","text/html; charset=utf-8","https://docs.google.com/document/d/1uqxU2aue-Tdr3DV6qt97cmXhiVbYzy1_bTytbO2oPns/edit?tab=t.0",""
"https://docs.google.com/document/d/1uqxU2aue-Tdr3DV6qt97cmXhiVbYzy1_bTytbO2oPns/edit?usp=sharing","docs.google.com","1","На проверке","Составить 10 ТЗ для прогера","N8GBzNgc","200","reachable","text/html; charset=utf-8","https://docs.google.com/document/d/1uqxU2aue-Tdr3DV6qt97cmXhiVbYzy1_bTytbO2oPns/edit?usp=sharing",""
"https://docs.google.com/document/d/1VU380jl8SVhySYBRwzDJZhhVCjU5SV2NxpXqzcyuT6w/edit?usp=sharing","docs.google.com","1","Архив (Выполнено)","Описание необходимого функционала для аналога Nebula","ScHSOeqV","200","reachable","text/html; charset=utf-8","https://docs.google.com/document/d/1VU380jl8SVhySYBRwzDJZhhVCjU5SV2NxpXqzcyuT6w/edit?usp=sharing",""
"https://docs.google.com/document/d/1XprGJMC0lV6FVVtiNwthFrw-1p9PB7_fmTzxO-fYb9A/edit?tab=t.0#heading=h.78wxfmz3qagg","docs.google.com","1","На проверке","ТЗ для доработок шаблона H","J9hGbu0m","200","reachable","text/html; charset=utf-8","https://docs.google.com/document/d/1XprGJMC0lV6FVVtiNwthFrw-1p9PB7_fmTzxO-fYb9A/edit?tab=t.0",""
"https://docs.google.com/document/d/1YZroK_raS86SNcL_W5zZ72f_cVKSabWJixToGT8yjPA/edit?usp=sharing","docs.google.com","1","На проверке","Составить 10 ТЗ для прогера","N8GBzNgc","200","reachable","text/html; charset=utf-8","https://docs.google.com/document/d/1YZroK_raS86SNcL_W5zZ72f_cVKSabWJixToGT8yjPA/edit?usp=sharing",""
"https://docs.google.com/forms/d/e/1FAIpQLScba4Swe7wsiANmb8kvdMTav-gdgzMi9zcmqJCVHaiCddutUw/viewform","docs.google.com","1","План на июль","Отчет за июль","q6oLbD5V","200","reachable","text/html; charset=utf-8","https://docs.google.com/forms/d/e/1FAIpQLScba4Swe7wsiANmb8kvdMTav-gdgzMi9zcmqJCVHaiCddutUw/viewform",""
"https://docs.google.com/forms/d/e/1FAIpQLScdzXwexeHzMSKfvALyYO1mzSaSiaH8bAuywWc1-YUZOFR2mA/viewform?usp=sharing&ouid=109420775549921833761","docs.google.com","1","План на июль","Отчет за июль","q6oLbD5V","200","reachable","text/html; charset=utf-8","https://docs.google.com/forms/d/e/1FAIpQLScdzXwexeHzMSKfvALyYO1mzSaSiaH8bAuywWc1-YUZOFR2mA/viewform?usp=sharing&ouid=109420775549921833761",""
"https://docs.google.com/forms/d/e/1FAIpQLSclRWYBYgedruM_86FY8I4r7f0E9MbBOpFr2kiOh6M-F0SQ4w/viewform?usp=sharing&ouid=109420775549921833761","docs.google.com","1","План на июль","Отчет за июль","q6oLbD5V","200","reachable","text/html; charset=utf-8","https://docs.google.com/forms/d/e/1FAIpQLSclRWYBYgedruM_86FY8I4r7f0E9MbBOpFr2kiOh6M-F0SQ4w/viewform?usp=sharing&ouid=109420775549921833761",""
"https://docs.google.com/forms/d/e/1FAIpQLSdMTXKx7U6tWSc2QwfsoBqtPNli4n1ZU64Zv_l2y6S21yWHgg/viewform?usp=sharing&ouid=109420775549921833761","docs.google.com","1","План на июль","Отчет за июль","q6oLbD5V","200","reachable","text/html; charset=utf-8","https://docs.google.com/forms/d/e/1FAIpQLSdMTXKx7U6tWSc2QwfsoBqtPNli4n1ZU64Zv_l2y6S21yWHgg/viewform?usp=sharing&ouid=109420775549921833761",""
"https://docs.google.com/forms/d/e/1FAIpQLSeB6RPfgPxanFB-1MlRxIQpm_XsGAup6rKMLozuffReD96f8Q/viewform?usp=sharing&ouid=109420775549921833761","docs.google.com","1","План на июль","Отчет за июль","q6oLbD5V","200","reachable","text/html; charset=utf-8","https://docs.google.com/forms/d/e/1FAIpQLSeB6RPfgPxanFB-1MlRxIQpm_XsGAup6rKMLozuffReD96f8Q/viewform?usp=sharing&ouid=109420775549921833761",""
"https://docs.google.com/forms/d/e/1FAIpQLSebZFfrkPwAZ-xbwFcNnPKVsWIlrgZUCPU9YFk_KENvxw1aVQ/viewform?usp=sharing&ouid=109420775549921833761","docs.google.com","1","План на июль","Отчет за июль","q6oLbD5V","200","reachable","text/html; charset=utf-8","https://docs.google.com/forms/d/e/1FAIpQLSebZFfrkPwAZ-xbwFcNnPKVsWIlrgZUCPU9YFk_KENvxw1aVQ/viewform?usp=sharing&ouid=109420775549921833761",""
"https://docs.google.com/forms/d/e/1FAIpQLSeII7wn1lvN9Zk3gZ3YZzIVi7uJ5Esmsv6Cn4VlNuuHMZPtGQ/viewform?usp=sharing&ouid=109420775549921833761","docs.google.com","1","План на июль","Отчет за июль","q6oLbD5V","200","reachable","text/html; charset=utf-8","https://docs.google.com/forms/d/e/1FAIpQLSeII7wn1lvN9Zk3gZ3YZzIVi7uJ5Esmsv6Cn4VlNuuHMZPtGQ/viewform?usp=sharing&ouid=109420775549921833761",""
"https://docs.google.com/forms/d/e/1FAIpQLSf7TmHZXRR2zVVCbcteNJ0DZRDnSc3vfDHgLHQeNwn7jYA8dQ/viewform","docs.google.com","1","План на июль","Отчет за июль","q6oLbD5V","200","reachable","text/html; charset=utf-8","https://docs.google.com/forms/d/e/1FAIpQLSf7TmHZXRR2zVVCbcteNJ0DZRDnSc3vfDHgLHQeNwn7jYA8dQ/viewform",""
"https://docs.google.com/presentation/d/1dWGHiBFm8rJJZgh9iJw8Cj0wSdStoKGB/edit?usp=sharing&ouid=109420775549921833761&rtpof=true&sd=true","docs.google.com","1","План на июль","Отчет за июль","q6oLbD5V","200","reachable","text/html; charset=utf-8","https://docs.google.com/presentation/d/1dWGHiBFm8rJJZgh9iJw8Cj0wSdStoKGB/edit?usp=sharing&ouid=109420775549921833761&rtpof=true&sd=true",""
"https://docs.google.com/presentation/d/1rshaY5Tq0GJtaYBPC4lDyIBvSPYEUGed/edit?usp=drive_link&ouid=117865673662155780117&rtpof=true&sd=true","docs.google.com","1","Архив (Выполнено)","Адаптация обучающего материала от Nebula","Z3gdn6rU","200","reachable","text/html; charset=utf-8","https://docs.google.com/presentation/d/1rshaY5Tq0GJtaYBPC4lDyIBvSPYEUGed/edit?usp=drive_link&ouid=117865673662155780117&rtpof=true&sd=true",""
"https://docs.google.com/spreadsheets/d/1_oMseBPq2CJeusUnHaY7VJo-U5vgDWnmm6hfeuDMAtY/edit?gid=0#gid=0","docs.google.com","1","План на апрель","Проверка гипотезы / валидация","ZwaxxfU7","200","reachable","text/html; charset=utf-8","https://docs.google.com/spreadsheets/d/1_oMseBPq2CJeusUnHaY7VJo-U5vgDWnmm6hfeuDMAtY/edit?gid=0",""
"https://docs.google.com/spreadsheets/d/1_RgP4ntifEIN0dO2OhTjq-Zpoq9s-gTB/edit?usp=sharing&ouid=117865673662155780117&rtpof=true&sd=true","docs.google.com","2","Архив (Выполнено)","Окончательное ТЗ по чат боту!","jhP7Mbpg","200","reachable","text/html; charset=utf-8","https://docs.google.com/spreadsheets/d/1_RgP4ntifEIN0dO2OhTjq-Zpoq9s-gTB/edit?usp=sharing&ouid=117865673662155780117&rtpof=true&sd=true",""
"https://docs.google.com/spreadsheets/d/100VmslglZbrKtSrtvgkMDY3UGzqqWkwdS3rkjW1_ySk/edit?usp=sharing","docs.google.com","1","План на март","Пробная верстка дизайна страниц Nebula","uLoe5Euq","200","reachable","text/html; charset=utf-8","https://docs.google.com/spreadsheets/d/100VmslglZbrKtSrtvgkMDY3UGzqqWkwdS3rkjW1_ySk/edit?usp=sharing",""
"https://docs.google.com/spreadsheets/d/11ETvyj60q4bfQ3DedEB-tSWRKMK19t-uA3f4O0OrqAg/edit?usp=sharing","docs.google.com","1","Архив (Выполнено)","Расшифровка анализов AI","3vV2c2wr","200","reachable","text/html; charset=utf-8","https://docs.google.com/spreadsheets/d/11ETvyj60q4bfQ3DedEB-tSWRKMK19t-uA3f4O0OrqAg/edit?usp=sharing",""
"https://docs.google.com/spreadsheets/d/12AU3WWm3TA7nGj2xW9i0ZqbiWB41-G8P2R9dO9L0mI0/edit?gid=1214502664#gid=1214502664","docs.google.com","1","План на апрель","Отчет за апрель","7W2hOFiA","200","reachable","text/html; charset=utf-8","https://docs.google.com/spreadsheets/d/12AU3WWm3TA7nGj2xW9i0ZqbiWB41-G8P2R9dO9L0mI0/edit?gid=1214502664",""
"https://docs.google.com/spreadsheets/d/12AU3WWm3TA7nGj2xW9i0ZqbiWB41-G8P2R9dO9L0mI0/edit?usp=sharing","docs.google.com","1","Архив (Выполнено)","Небула. Подготовительный этап","T5o0gWEu","200","reachable","text/html; charset=utf-8","https://docs.google.com/spreadsheets/d/12AU3WWm3TA7nGj2xW9i0ZqbiWB41-G8P2R9dO9L0mI0/edit?usp=sharing",""
"https://docs.google.com/spreadsheets/d/13_4Fj6LGUI0omzjYprnC-RxzcHE1meY6o4wbzrhSrlw/edit?usp=sharing","docs.google.com","1","План на апрель","Необходимо продумать дизайн-макет станицы чата в ЛК (Небула)","kc6DFwoU","200","reachable","text/html; charset=utf-8","https://docs.google.com/spreadsheets/d/13_4Fj6LGUI0omzjYprnC-RxzcHE1meY6o4wbzrhSrlw/edit?usp=sharing",""
"https://docs.google.com/spreadsheets/d/13paNBjr5ZShsu-HkhI-46YiU9E54FEbS4FFd7YhbdbU/edit?gid=2126563891#gid=2126563891","docs.google.com","1","Стратегия","1.0 Составление стратегии продвижении и рекламы","W5Ov5djR","200","reachable","text/html; charset=utf-8","https://docs.google.com/spreadsheets/d/13paNBjr5ZShsu-HkhI-46YiU9E54FEbS4FFd7YhbdbU/edit?gid=2126563891",""
"https://docs.google.com/spreadsheets/d/13paNBjr5ZShsu-HkhI-46YiU9E54FEbS4FFd7YhbdbU/edit?usp=sharing","docs.google.com","1","Стратегия","1.1 Анализ рынка и целевой аудитории","6VTMTt7b","200","reachable","text/html; charset=utf-8","https://docs.google.com/spreadsheets/d/13paNBjr5ZShsu-HkhI-46YiU9E54FEbS4FFd7YhbdbU/edit?usp=sharing",""
"https://docs.google.com/spreadsheets/d/13vKtjQhORzCIJr3UHWK55qzjU67r6eVQ/edit?usp=sharing&ouid=117865673662155780117&rtpof=true&sd=true","docs.google.com","1","План на апрель","ТЗ для продвинутого платного чата 2.0","eTPwucCg","200","reachable","text/html; charset=utf-8","https://docs.google.com/spreadsheets/d/13vKtjQhORzCIJr3UHWK55qzjU67r6eVQ/edit?usp=sharing&ouid=117865673662155780117&rtpof=true&sd=true",""
"https://docs.google.com/spreadsheets/d/1A5iurwmGnRXM03oc25xw-XJBdy-UjPiLQVb7OueFIEI/edit?usp=sharing","docs.google.com","1","Информация","Карта проекта для Содержанок","2YF1MPkU","200","reachable","text/html; charset=utf-8","https://docs.google.com/spreadsheets/d/1A5iurwmGnRXM03oc25xw-XJBdy-UjPiLQVb7OueFIEI/edit?usp=sharing",""
"https://docs.google.com/spreadsheets/d/1A7GuqXbo3ud2cRTJe2wNf2MSnf2QNApFq3GzhPzrNHo/edit?gid=0#gid=0","docs.google.com","1","На проверке","ТЗ по модерациям по типам","iJ9ZORCY","200","reachable","text/html; charset=utf-8","https://docs.google.com/spreadsheets/d/1A7GuqXbo3ud2cRTJe2wNf2MSnf2QNApFq3GzhPzrNHo/edit?gid=0",""
"https://docs.google.com/spreadsheets/d/1AsU4TkGEHMJXWr_HyQIzVLEQU9jIRw2ETJeUcQTCMrg/edit?gid=1802756230#gid=1802756230","docs.google.com","2","Не актуально","ТЗ для дизайнера по RH","PnrET9qO","200","reachable","text/html; charset=utf-8","https://docs.google.com/spreadsheets/d/1AsU4TkGEHMJXWr_HyQIzVLEQU9jIRw2ETJeUcQTCMrg/edit?gid=1802756230",""
"https://docs.google.com/spreadsheets/d/1bT41K4o6ttgIIiYYLw5PeFDxUdgDIKHyDy5BD-raiDs/edit?usp=sharing","docs.google.com","2","Архив (Выполнено)","Небула. Подготовительный этап","T5o0gWEu","200","reachable","text/html; charset=utf-8","https://docs.google.com/spreadsheets/d/1bT41K4o6ttgIIiYYLw5PeFDxUdgDIKHyDy5BD-raiDs/edit?usp=sharing",""
"https://docs.google.com/spreadsheets/d/1c6pd-EF_KP3UVB5xkP9P4uSVkRDEqILr/edit?gid=566707907#gid=566707907","docs.google.com","1","План на март","Описание функционала по проекту nebula / pbexpert.pro","vg9MhRVz","200","reachable","text/html; charset=utf-8","https://docs.google.com/spreadsheets/d/1c6pd-EF_KP3UVB5xkP9P4uSVkRDEqILr/edit?gid=566707907",""
"https://docs.google.com/spreadsheets/d/1c6pd-EF_KP3UVB5xkP9P4uSVkRDEqILr/edit?usp=sharing&ouid=112752333312614828791&rtpof=true&sd=true","docs.google.com","1","Информация","Карта чатов NEbula / Casual","6tuZ8sB5","200","reachable","text/html; charset=utf-8","https://docs.google.com/spreadsheets/d/1c6pd-EF_KP3UVB5xkP9P4uSVkRDEqILr/edit?usp=sharing&ouid=112752333312614828791&rtpof=true&sd=true",""
"https://docs.google.com/spreadsheets/d/1eGu-gK5wde642fSh9beKnMOfl5e3P2FTFJGq_Ta18Wk/edit?gid=1833761823#gid=1833761823","docs.google.com","1","Фоновые задачи","Подобрать название и URL проекта NEBULA","pAkpaKzI","200","reachable","text/html; charset=utf-8","https://docs.google.com/spreadsheets/d/1eGu-gK5wde642fSh9beKnMOfl5e3P2FTFJGq_Ta18Wk/edit?gid=1833761823",""
"https://docs.google.com/spreadsheets/d/1eGu-gK5wde642fSh9beKnMOfl5e3P2FTFJGq_Ta18Wk/edit?usp=sharing","docs.google.com","1","Фоновые задачи","Подобрать название и URL проекта NEBULA","pAkpaKzI","200","reachable","text/html; charset=utf-8","https://docs.google.com/spreadsheets/d/1eGu-gK5wde642fSh9beKnMOfl5e3P2FTFJGq_Ta18Wk/edit?usp=sharing",""
"https://docs.google.com/spreadsheets/d/1IzTZm4FI9PxIDfr0_FIk0UJxzohkEJcQFTilXM8TLMg/edit?pli=1&gid=2086146308#gid=2086146308","docs.google.com","1","Backend in process","Сase 70 - нотификации","gtKjUKQK","200","reachable","text/html; charset=utf-8","https://docs.google.com/spreadsheets/d/1IzTZm4FI9PxIDfr0_FIk0UJxzohkEJcQFTilXM8TLMg/edit?pli=1&gid=2086146308",""
"https://docs.google.com/spreadsheets/d/1IzTZm4FI9PxIDfr0_FIk0UJxzohkEJcQFTilXM8TLMg/edit?pli=1&gid=80824715#gid=80824715","docs.google.com","1","Полка (Когда-нибудь)","Case 61 - оплата за лайки","RxpFcHXl","200","reachable","text/html; charset=utf-8","https://docs.google.com/spreadsheets/d/1IzTZm4FI9PxIDfr0_FIk0UJxzohkEJcQFTilXM8TLMg/edit?pli=1&gid=80824715",""
"https://docs.google.com/spreadsheets/d/1Kjw7vR85aia-bKbN6ThjWlPDg9uNZUcfqXZtp1OsUDE/edit?usp=sharing","docs.google.com","1","Стратегия","1.2. Анализ конкурентов","zQW2Htac","200","reachable","text/html; charset=utf-8","https://docs.google.com/spreadsheets/d/1Kjw7vR85aia-bKbN6ThjWlPDg9uNZUcfqXZtp1OsUDE/edit?usp=sharing",""
"https://docs.google.com/spreadsheets/d/1KyzIFz2mTLsCs9GDgy6vo9_ylRjWnfO0X6s52sJA5PU/edit?usp=sharing","docs.google.com","1","План на октябрь","Найти программиста на Рашен","4Hz1pI9j","200","reachable","text/html; charset=utf-8","https://docs.google.com/spreadsheets/d/1KyzIFz2mTLsCs9GDgy6vo9_ylRjWnfO0X6s52sJA5PU/edit?usp=sharing",""
"https://docs.google.com/spreadsheets/d/1mMYjHg5W2olRmz_6ofX6ObBOZUio-KK76ukcXwgfs6U/edit?gid=1282128275#gid=1282128275","docs.google.com","2","На проверке","Макеты для почтовых рассылок (ИИ)","RX4P6jw5","200","reachable","text/html; charset=utf-8","https://docs.google.com/spreadsheets/d/1mMYjHg5W2olRmz_6ofX6ObBOZUio-KK76ukcXwgfs6U/edit?gid=1282128275",""
"https://docs.google.com/spreadsheets/d/1mMYjHg5W2olRmz_6ofX6ObBOZUio-KK76ukcXwgfs6U/edit?usp=sharing","docs.google.com","1","На проверке","ТЗ по управлению email-рассылки из админки","tHaAg57o","200","reachable","text/html; charset=utf-8","https://docs.google.com/spreadsheets/d/1mMYjHg5W2olRmz_6ofX6ObBOZUio-KK76ukcXwgfs6U/edit?usp=sharing",""
"https://docs.google.com/spreadsheets/d/1my4Go6lw926mPI0x1CrCAxlgYViawsBPTxqQ3T20bqQ/edit?gid=0#gid=0","docs.google.com","1","План на апрель","Отчет за апрель","7W2hOFiA","200","reachable","text/html; charset=utf-8","https://docs.google.com/spreadsheets/d/1my4Go6lw926mPI0x1CrCAxlgYViawsBPTxqQ3T20bqQ/edit?gid=0",""
"https://docs.google.com/spreadsheets/d/1my4Go6lw926mPI0x1CrCAxlgYViawsBPTxqQ3T20bqQ/edit?usp=sharing","docs.google.com","1","Архив (Выполнено)","Описание необходимого функционала для аналога Nebula","ScHSOeqV","200","reachable","text/html; charset=utf-8","https://docs.google.com/spreadsheets/d/1my4Go6lw926mPI0x1CrCAxlgYViawsBPTxqQ3T20bqQ/edit?usp=sharing",""
"https://docs.google.com/spreadsheets/d/1nJpD4wvfC-sS9dykTwIHlJKTEXEH5FnrNuDWGp9F7_g/edit?usp=sharing","docs.google.com","1","План на ноябрь","Разработка дизайна сайта NEBULA","IZI4uF30","200","reachable","text/html; charset=utf-8","https://docs.google.com/spreadsheets/d/1nJpD4wvfC-sS9dykTwIHlJKTEXEH5FnrNuDWGp9F7_g/edit?usp=sharing",""
"https://docs.google.com/spreadsheets/d/1O5kn0tTa99NpNeaCjYSMynik8Tk0t0Q8/edit?gid=1617259558#gid=1617259558","docs.google.com","1","План на ноябрь","Внедрения кропа на YouDate","sDxIjOFK","200","reachable","text/html; charset=utf-8","https://docs.google.com/spreadsheets/d/1O5kn0tTa99NpNeaCjYSMynik8Tk0t0Q8/edit?gid=1617259558",""
"https://docs.google.com/spreadsheets/d/1PPITm-60_8eC8ro2YwjIheGuQwInGwIAb1ZxQ-r7GvQ/edit?usp=sharing","docs.google.com","1","Архив (Выполнено)","Небула. Подготовительный этап","T5o0gWEu","200","reachable","text/html; charset=utf-8","https://docs.google.com/spreadsheets/d/1PPITm-60_8eC8ro2YwjIheGuQwInGwIAb1ZxQ-r7GvQ/edit?usp=sharing",""
"https://docs.google.com/spreadsheets/d/1R4YOVU6dlxM5BPy4mWwmIcBUNeKczyPZKWcx2WOKd8U/edit?usp=sharing","docs.google.com","1","На проверке","Сформировать список гипотез, которые могут работать по формату AI-ассистента на нашей платформе","RpSO9XLQ","200","reachable","text/html; charset=utf-8","https://docs.google.com/spreadsheets/d/1R4YOVU6dlxM5BPy4mWwmIcBUNeKczyPZKWcx2WOKd8U/edit?usp=sharing",""
"https://docs.google.com/spreadsheets/d/1sUv7nyubCHIDF5p2bCqIsGFZcYqwTjtD2ZLVFeZjbJo/edit?gid=0#gid=0","docs.google.com","1","На проверке","Список премиум-городов и ТЗ","OoR5CmRO","200","reachable","text/html; charset=utf-8","https://docs.google.com/spreadsheets/d/1sUv7nyubCHIDF5p2bCqIsGFZcYqwTjtD2ZLVFeZjbJo/edit?gid=0",""
"https://docs.google.com/spreadsheets/d/1tU4c6gkm6f4oNa4ZX4A43mu_1U_1VzE2CKoxoed_zKo/edit?gid=0#gid=0","docs.google.com","2","На проверке","ТЗ Чат базовый","5vc1MqUB","200","reachable","text/html; charset=utf-8","https://docs.google.com/spreadsheets/d/1tU4c6gkm6f4oNa4ZX4A43mu_1U_1VzE2CKoxoed_zKo/edit?gid=0",""
"https://docs.google.com/spreadsheets/d/1tU4c6gkm6f4oNa4ZX4A43mu_1U_1VzE2CKoxoed_zKo/edit?usp=sharing","docs.google.com","1","Архив (Выполнено)","Описать тезисно платный чат как в небула (из реестра задач)","qfz50mtc","200","reachable","text/html; charset=utf-8","https://docs.google.com/spreadsheets/d/1tU4c6gkm6f4oNa4ZX4A43mu_1U_1VzE2CKoxoed_zKo/edit?usp=sharing",""
"https://docs.google.com/spreadsheets/d/1xbSjJPnBAF7bxtxmYxXs4fmJ0-78Mo0LfzAG2LNFGiE/edit?gid=0#gid=0","docs.google.com","2","План на апрель","Отчет за апрель","7W2hOFiA","200","reachable","text/html; charset=utf-8","https://docs.google.com/spreadsheets/d/1xbSjJPnBAF7bxtxmYxXs4fmJ0-78Mo0LfzAG2LNFGiE/edit?gid=0",""
"https://docs.google.com/spreadsheets/d/1y8Gt8u1a_UAHdkr2XMJXSFGhlbJLMgsN9BBlySkhZMQ/edit?usp=sharing","docs.google.com","1","Информация","Карта проекта для YouDate","YTbUpXyP","200","reachable","text/html; charset=utf-8","https://docs.google.com/spreadsheets/d/1y8Gt8u1a_UAHdkr2XMJXSFGhlbJLMgsN9BBlySkhZMQ/edit?usp=sharing",""
"https://docs.google.com/spreadsheets/d/1ZFIPIBptCEvh1TQdk4iqHWT_x1scM501TF89ZFRu0AE/edit?gid=0#gid=0","docs.google.com","1","Архив (Выполнено)","Таблица сравнения сайтов","T1FgBdRQ","401","access_blocked","text/html; charset=utf-8","https://docs.google.com/spreadsheets/d/1ZFIPIBptCEvh1TQdk4iqHWT_x1scM501TF89ZFRu0AE/edit?gid=0",""
"https://drive.google.com/drive/folders/1c9Sj-tFT4F_EM4g2BukXQ5GpnxzSqInA","drive.google.com","1","Не актуально","Case 8 - обновить дизайн","xKSQx2yH","200","reachable","text/html; charset=utf-8","https://drive.google.com/drive/folders/1c9Sj-tFT4F_EM4g2BukXQ5GpnxzSqInA",""
"https://drive.google.com/drive/folders/1CRoOqYaxaJKH7PWykYakqGaN9sS6qpuP?usp=sharing","drive.google.com","1","На проверке","Макеты для почтовых рассылок (ИИ)","RX4P6jw5","200","reachable","text/html; charset=utf-8","https://drive.google.com/drive/folders/1CRoOqYaxaJKH7PWykYakqGaN9sS6qpuP?usp=sharing",""
"https://drive.google.com/drive/folders/1n10IbWQ_FL3WO5txJ4fwwE0MVW5Abirk?usp=sharing","drive.google.com","1","Архив (Выполнено)","Платная консультация по эзотерике (как клиент)","1jG8Hv4M","200","reachable","text/html; charset=utf-8","https://drive.google.com/drive/folders/1n10IbWQ_FL3WO5txJ4fwwE0MVW5Abirk?usp=sharing",""
"https://drive.google.com/drive/folders/1tJlZNHBfLILszKGbxkACl1xwFHmEZtSd?usp=sharing","drive.google.com","1","Архив (Выполнено)","Платная консультация по эзотерике (как клиент)","1jG8Hv4M","200","reachable","text/html; charset=utf-8","https://drive.google.com/drive/folders/1tJlZNHBfLILszKGbxkACl1xwFHmEZtSd?usp=sharing",""
"https://drive.google.com/drive/u/0/folders/1lcNSSidGUwdye--UTFvzyUyKelgUU48v","drive.google.com","1","План на март","Описание функционала по проекту nebula / pbexpert.pro","vg9MhRVz","200","reachable","text/html; charset=utf-8","https://drive.google.com/drive/folders/1lcNSSidGUwdye--UTFvzyUyKelgUU48v",""
"https://drive.google.com/file/d/194wW-mBYI9rrF3dSW_MAdvGpyrENZnYu/view?usp=drive_link","drive.google.com","1","Архив (Выполнено)","Адаптация обучающего материала от Nebula","Z3gdn6rU","200","reachable","text/html; charset=utf-8","https://drive.google.com/file/d/194wW-mBYI9rrF3dSW_MAdvGpyrENZnYu/view?usp=drive_link",""
"https://drive.google.com/file/d/19z-k8CClRabrseJ1z3_3JPZAQZG7lqTl/view?usp=sharing","drive.google.com","1","Архив (Выполнено)","Тестовая среда для программиста","eZoNmx3h","200","reachable","text/html; charset=utf-8","https://drive.google.com/file/d/19z-k8CClRabrseJ1z3_3JPZAQZG7lqTl/view?usp=sharing",""
"https://drive.google.com/file/d/1ABoL4rnVexKrM21LS8OSbywIIfNYatJA/view?usp=drive_link","drive.google.com","2","Архив (Выполнено)","Тестовая среда для программиста","eZoNmx3h","401","access_blocked","text/html; charset=utf-8","https://drive.google.com/file/d/1ABoL4rnVexKrM21LS8OSbywIIfNYatJA/view?usp=drive_link",""
"https://drive.google.com/file/d/1AS65cywsSVxwhy4Lt8-9Ks7YFqnWrEvu/view?usp=drive_link","drive.google.com","1","Архив (Выполнено)","Тестовая среда для прогера по yii2","FmvNeaOx","200","reachable","text/html; charset=utf-8","https://drive.google.com/file/d/1AS65cywsSVxwhy4Lt8-9Ks7YFqnWrEvu/view?usp=drive_link",""
"https://drive.google.com/file/d/1hA6lgkl5jrAm4CZHMEg3QDjZYtroxIoS/view?usp=drive_link","drive.google.com","1","Архив (Выполнено)","Адаптация обучающего материала от Nebula","Z3gdn6rU","200","reachable","text/html; charset=utf-8","https://drive.google.com/file/d/1hA6lgkl5jrAm4CZHMEg3QDjZYtroxIoS/view?usp=drive_link",""
"https://drive.google.com/file/d/1SbS6OhFBPVO-_1vQxgKw6-YT7nCtcc3X/view?usp=sharing","drive.google.com","1","Архив (Выполнено)","Купить шаблоны сайтов","VrcCVwIe","200","reachable","text/html; charset=utf-8","https://drive.google.com/file/d/1SbS6OhFBPVO-_1vQxgKw6-YT7nCtcc3X/view?usp=sharing",""
"https://drive.google.com/file/d/1T56x1IRC2rOkduvLJtFroUdg17nKWVfN/view?usp=drive_link","drive.google.com","1","Архив (Выполнено)","Адаптация обучающего материала от Nebula","Z3gdn6rU","200","reachable","text/html; charset=utf-8","https://drive.google.com/file/d/1T56x1IRC2rOkduvLJtFroUdg17nKWVfN/view?usp=drive_link",""
"https://drive.usercontent.google.com/download?id=1XC4QUmVWHwnoRlabBJ1SYwpMYverRGxo&export=download&authuser=0","drive.usercontent.google.com","1","Архив (Выполнено)","Работа с дизайнером по страницам H","SbEOcTaR","200","reachable","image/jpeg","https://drive.usercontent.google.com/download?id=1XC4QUmVWHwnoRlabBJ1SYwpMYverRGxo&export=download&authuser=0",""
"https://elements.envato.com/ru/60-dating-app-line-icons-2T3JDN8","elements.envato.com","1","Архив (Выполнено)","Готовый предложенный стикерпак","2gmwj5dL","200","reachable","text/html; charset=utf-8","https://elements.envato.com/60-dating-app-line-icons-2T3JDN8",""
"https://elements.envato.com/ru/dating-app-icons-CVQJCKD","elements.envato.com","1","Архив (Выполнено)","Готовый предложенный стикерпак","2gmwj5dL","200","reachable","text/html; charset=utf-8","https://elements.envato.com/dating-app-icons-CVQJCKD",""
"https://elements.envato.com/ru/graphics/stickers","elements.envato.com","1","Архив (Выполнено)","Готовый предложенный стикерпак","2gmwj5dL","200","reachable","text/html; charset=utf-8","https://elements.envato.com/graphics/stickers",""
"https://elements.envato.com/ru/love-icon-sticker-set-SCZSRSH","elements.envato.com","1","Архив (Выполнено)","Готовый предложенный стикерпак","2gmwj5dL","200","reachable","text/html; charset=utf-8","https://elements.envato.com/love-icon-sticker-set-SCZSRSH",""
"https://elements.envato.com/ru/love-sex-icons-set-DEGLBFH","elements.envato.com","1","Архив (Выполнено)","Готовый предложенный стикерпак","2gmwj5dL","200","reachable","text/html; charset=utf-8","https://elements.envato.com/love-sex-icons-set-DEGLBFH",""
"https://elements.envato.com/ru/romantic-cute-love-sticker-element-EK9WQ9G","elements.envato.com","1","Архив (Выполнено)","Готовый предложенный стикерпак","2gmwj5dL","200","reachable","text/html; charset=utf-8","https://elements.envato.com/romantic-cute-love-sticker-element-EK9WQ9G",""
"https://ezochat.com/","ezochat.com","1","Архив (Выполнено)","Регистрация на сайтах типа небулы","sDaz0HWN","","error_or_timeout","","","This operation was aborted"
"https://ezochat.com/psychic-register","ezochat.com","1","Архив (Выполнено)","Регистрация на сайтах типа небулы","sDaz0HWN","","error_or_timeout","","","This operation was aborted"
"https://freelancehunt.com/freelancer/a_kondrat.html","freelancehunt.com","1","На проверке","Поиск программиста на YII2 (10$/h)","v5cjZiFY","403","access_blocked","text/html; charset=UTF-8","https://freelancehunt.com/freelancer/a_kondrat.html",""
"https://freelancehunt.com/freelancer/alarcon_10.html","freelancehunt.com","1","Полка (Когда-нибудь)","Сделать лендинг для гипотез","b48ZD9sP","403","access_blocked","text/html; charset=UTF-8","https://freelancehunt.com/freelancer/alarcon_10.html",""
"https://freelancehunt.com/freelancer/alevtyna_rudenko.html","freelancehunt.com","1","Информация","Дизайнеры","ndCJvPF7","403","access_blocked","text/html; charset=UTF-8","https://freelancehunt.com/freelancer/alevtyna_rudenko.html",""
"https://freelancehunt.com/freelancer/AlexStinky.html","freelancehunt.com","1","Архив (Выполнено)","Найти программиста для Бота","uLKDQRWY","403","access_blocked","text/html; charset=UTF-8","https://freelancehunt.com/freelancer/AlexStinky.html",""
"https://freelancehunt.com/freelancer/Bondaryoff.html","freelancehunt.com","1","Не актуально","Найти верстальщиков","xBvATSXP","403","access_blocked","text/html; charset=UTF-8","https://freelancehunt.com/freelancer/Bondaryoff.html",""
"https://freelancehunt.com/freelancer/borisrazzr.html","freelancehunt.com","1","Полка (Когда-нибудь)","Программист тг-бота","1rR0JN0f","403","access_blocked","text/html; charset=UTF-8","https://freelancehunt.com/freelancer/borisrazzr.html",""
"https://freelancehunt.com/freelancer/cyber-x.html","freelancehunt.com","2","Полка (Когда-нибудь)","Программист тг-бота","1rR0JN0f","403","access_blocked","text/html; charset=UTF-8","https://freelancehunt.com/freelancer/cyber-x.html",""
"https://freelancehunt.com/freelancer/Elena2810S.html","freelancehunt.com","1","Архив (Выполнено)","Найти верстальшика на RH, Сод, (3 шт)","8niXIR9M","403","access_blocked","text/html; charset=UTF-8","https://freelancehunt.com/freelancer/Elena2810S.html",""
"https://freelancehunt.com/freelancer/Fullstack-developer.html","freelancehunt.com","1","Полка (Когда-нибудь)","Найти и сработаться с прогером","aM3yiOA6","403","access_blocked","text/html; charset=UTF-8","https://freelancehunt.com/freelancer/Fullstack-developer.html",""
"https://freelancehunt.com/freelancer/gormar2110.html","freelancehunt.com","1","Информация","Дизайнеры","ndCJvPF7","403","access_blocked","text/html; charset=UTF-8","https://freelancehunt.com/freelancer/gormar2110.html",""
"https://freelancehunt.com/freelancer/GoroAstx.html","freelancehunt.com","1","Полка (Когда-нибудь)","Найти и сработаться с прогером","aM3yiOA6","403","access_blocked","text/html; charset=UTF-8","https://freelancehunt.com/freelancer/GoroAstx.html",""
"https://freelancehunt.com/freelancer/ImranM.html","freelancehunt.com","1","Информация","Дизайнеры","ndCJvPF7","403","access_blocked","text/html; charset=UTF-8","https://freelancehunt.com/freelancer/ImranM.html",""
"https://freelancehunt.com/freelancer/jekanito_dev.html","freelancehunt.com","1","На проверке","Поиск программиста на YII2 (10$/h)","v5cjZiFY","403","access_blocked","text/html; charset=UTF-8","https://freelancehunt.com/freelancer/jekanito_dev.html",""
"https://freelancehunt.com/freelancer/judgi26.html","freelancehunt.com","1","Не актуально","Найти верстальщиков","xBvATSXP","403","access_blocked","text/html; charset=UTF-8","https://freelancehunt.com/freelancer/judgi26.html",""
"https://freelancehunt.com/freelancer/k_mmria768.html","freelancehunt.com","1","Информация","Дизайнеры","ndCJvPF7","403","access_blocked","text/html; charset=UTF-8","https://freelancehunt.com/freelancer/k_mmria768.html",""
"https://freelancehunt.com/freelancer/maximus_mixik.html","freelancehunt.com","1","Не актуально","Найти верстальщиков","xBvATSXP","403","access_blocked","text/html; charset=UTF-8","https://freelancehunt.com/freelancer/maximus_mixik.html",""
"https://freelancehunt.com/freelancer/Mishael_Bykov.html","freelancehunt.com","1","Архив (Выполнено)","Найти верстальшика на RH, Сод, (3 шт)","8niXIR9M","403","access_blocked","text/html; charset=UTF-8","https://freelancehunt.com/freelancer/Mishael_Bykov.html",""
"https://freelancehunt.com/freelancer/ob163256.html","freelancehunt.com","1","Не актуально","Найти верстальщиков","xBvATSXP","403","access_blocked","text/html; charset=UTF-8","https://freelancehunt.com/freelancer/ob163256.html",""
"https://freelancehunt.com/freelancer/okotovenko.html","freelancehunt.com","1","Не актуально","Найти верстальщиков","xBvATSXP","403","access_blocked","text/html; charset=UTF-8","https://freelancehunt.com/freelancer/okotovenko.html",""
"https://freelancehunt.com/freelancer/olmax04.html","freelancehunt.com","1","Архив (Выполнено)","Найти программиста для Бота","uLKDQRWY","403","access_blocked","text/html; charset=UTF-8","https://freelancehunt.com/freelancer/olmax04.html",""
"https://freelancehunt.com/freelancer/pasharadio.html","freelancehunt.com","1","План на январь","отчет за январь","bSQ9qBix","403","access_blocked","text/html; charset=UTF-8","https://freelancehunt.com/freelancer/pasharadio.html",""
"https://freelancehunt.com/freelancer/romas6ka.html","freelancehunt.com","4","Полка (Когда-нибудь)","Найти и сработаться с прогером","aM3yiOA6","403","access_blocked","text/html; charset=UTF-8","https://freelancehunt.com/freelancer/romas6ka.html",""
"https://freelancehunt.com/freelancer/romas6ka.html#portfolio","freelancehunt.com","3","План на ноябрь","Потенциальный программист","r4uD4KoR","403","access_blocked","text/html; charset=UTF-8","https://freelancehunt.com/freelancer/romas6ka.html",""
"https://freelancehunt.com/freelancer/Saiko_.html","freelancehunt.com","1","Информация","Дизайнеры","ndCJvPF7","403","access_blocked","text/html; charset=UTF-8","https://freelancehunt.com/freelancer/Saiko_.html",""
"https://freelancehunt.com/freelancer/sanyok185.html","freelancehunt.com","1","Архив (Выполнено)","Найти верстальшика на RH, Сод, (3 шт)","8niXIR9M","403","access_blocked","text/html; charset=UTF-8","https://freelancehunt.com/freelancer/sanyok185.html",""
"https://freelancehunt.com/freelancer/sergii13.html","freelancehunt.com","1","Архив (Выполнено)","Найти верстальщика для Главной страницы S","uMDT6uPU","403","access_blocked","text/html; charset=UTF-8","https://freelancehunt.com/freelancer/sergii13.html",""
"https://freelancehunt.com/freelancer/Vladimir_Kravchernko.html","freelancehunt.com","1","Информация","Дизайнеры","ndCJvPF7","403","access_blocked","text/html; charset=UTF-8","https://freelancehunt.com/freelancer/Vladimir_Kravchernko.html",""
"https://freelancehunt.com/freelancer/vladimirkucher.html","freelancehunt.com","1","Информация","Дизайнеры","ndCJvPF7","403","access_blocked","text/html; charset=UTF-8","https://freelancehunt.com/freelancer/vladimirkucher.html",""
"https://freelancehunt.com/freelancer/YURIIKYRYCHENKO.html","freelancehunt.com","2","Архив (Выполнено)","Найти верстальшика на RH, Сод, (3 шт)","8niXIR9M","403","access_blocked","text/html; charset=UTF-8","https://freelancehunt.com/freelancer/YURIIKYRYCHENKO.html",""
"https://freelancehunt.com/freelancer/yuriiskylex.html","freelancehunt.com","2","Архив (Выполнено)","Найти программиста для Бота","uLKDQRWY","403","access_blocked","text/html; charset=UTF-8","https://freelancehunt.com/freelancer/yuriiskylex.html",""
"https://freelancehunt.com/mailbox/read/thread/7743359#last-message","freelancehunt.com","1","Не актуально","Найти верстальщиков","xBvATSXP","403","access_blocked","text/html; charset=UTF-8","https://freelancehunt.com/mailbox/read/thread/7743359",""
"https://freelancehunt.com/my/telegrambot","freelancehunt.com","1","На проверке","ТЗ Ограничение отправки контактов в чате","LYz7x7QS","403","access_blocked","text/html; charset=UTF-8","https://freelancehunt.com/my/telegrambot",""
"https://giphy.com/stickers","giphy.com","1","Архив (Выполнено)","Готовый предложенный стикерпак","2gmwj5dL","200","reachable","text/html; charset=utf-8","https://giphy.com/stickers",""
"https://github.com/AlexanderLukash/dating-telegram-bot-webapp","github.com","1","Полка (Когда-нибудь)","Развернуть чат боты","0GdHnH4S","200","reachable","text/html; charset=utf-8","https://github.com/AlexanderLukash/dating-telegram-bot-webapp",""
"https://github.com/DavidRomanovizc/DatingBot","github.com","1","Полка (Когда-нибудь)","Развернуть чат боты","0GdHnH4S","","error_or_timeout","","","This operation was aborted"
"https://github.com/devvsima/dating-bot","github.com","1","Полка (Когда-нибудь)","ТЗ чат-бота по S (финал)","DGaGZWpm","200","reachable","text/html; charset=utf-8","https://github.com/devvsima/dating-bot",""
"https://github.com/immarklitvinov/telegram_dating_bot","github.com","1","Полка (Когда-нибудь)","Развернуть чат боты","0GdHnH4S","200","reachable","text/html; charset=utf-8","https://github.com/immarklitvinov/telegram_dating_bot",""
"https://github.com/Nikidzawa/GorodX_Telebot","github.com","1","Фоновые задачи","Найти готовый чат-бот на PHP","b4r95XGk","200","reachable","text/html; charset=utf-8","https://github.com/Nikidzawa/GorodX_Telebot",""
"https://github.com/Synthintel0/MyGirlGPT","github.com","1","Полка (Когда-нибудь)","Развернуть чат боты","0GdHnH4S","200","reachable","text/html; charset=utf-8","https://github.com/Synthintel0/MyGirlGPT",""
"https://habr.com/ru/articles/696864/","habr.com","1","Фоновые задачи","Найти готовый чат-бот на PHP","b4r95XGk","200","reachable","text/html; charset=utf-8","https://habr.com/ru/articles/696864/",""
"https://heepsy.com/","heepsy.com","1","На проверке","Гипотезы по сборку email-базы потенциальных клиентов","rlJphNyY","403","access_blocked","text/html; charset=UTF-8","https://heepsy.com/",""
"https://internationalcupid.com/","internationalcupid.com","1","Архив (Выполнено)","Запустить регистрацию на сайтах знакомств в режиме агента","Ibq7eWBK","200","reachable","text/html;charset=UTF-8","https://www.internationalcupid.com/",""
"https://itsm365.com/product/support","itsm365.com","1","На проверке","ТЗ по тех поддержке на сайте (суппорт)","IRQiN429","","error_or_timeout","","","This operation was aborted"
"https://latenode.com/","latenode.com","1","План на ноябрь","Таск-менеджер","TZoWvgMi","200","reachable","text/html; charset=utf-8","https://latenode.com/",""
"https://leadbit.com/","leadbit.com","1","На проверке","Гипотезы по сборку email-базы потенциальных клиентов","rlJphNyY","200","reachable","text/html; charset=UTF-8","https://leadbit.com/",""
"https://lh7-rt.googleusercontent.com/docsz/AD_4nXd0bS2cad6jy45bCa2CKwvBjiK0GBa9jYkNQNB2Th_GSCwaMNTH0sbv9dCy6wL9kuuMe5FAtWPMzW938u5tGz6hinnNv9JS1qWIvD5vT2tra0-mmh9rBehsEyKxwRSCZt2u6QIp8Mxe9zNHXE3moUd9NDkY?key=vOG5UxZZ-a8Kd1p_AlKNlQ","lh7-rt.googleusercontent.com","1","Не актуально","Case 8 - обновить дизайн","xKSQx2yH","200","reachable","image/png","https://lh7-rt.googleusercontent.com/docsz/AD_4nXd0bS2cad6jy45bCa2CKwvBjiK0GBa9jYkNQNB2Th_GSCwaMNTH0sbv9dCy6wL9kuuMe5FAtWPMzW938u5tGz6hinnNv9JS1qWIvD5vT2tra0-mmh9rBehsEyKxwRSCZt2u6QIp8Mxe9zNHXE3moUd9NDkY?key=vOG5UxZZ-a8Kd1p_AlKNlQ",""
"https://lh7-rt.googleusercontent.com/docsz/AD_4nXfcfRqUrGWBdeIrZBlmiIYbSZm5hSM1Qsgzm42r5dOeENyu1GYKn30POijP0eKI4BXlyFGs_ay8A3SgCY7TaoR0R583giWq2IEzBsFEnZn-uicNQQRrYr-wU83my2w1dc1ik1kHMuXSAc6nvoJl40QQp5Vp?key=vOG5UxZZ-a8Kd1p_AlKNlQ","lh7-rt.googleusercontent.com","1","Не актуально","Case 8 - обновить дизайн","xKSQx2yH","200","reachable","image/png","https://lh7-rt.googleusercontent.com/docsz/AD_4nXfcfRqUrGWBdeIrZBlmiIYbSZm5hSM1Qsgzm42r5dOeENyu1GYKn30POijP0eKI4BXlyFGs_ay8A3SgCY7TaoR0R583giWq2IEzBsFEnZn-uicNQQRrYr-wU83my2w1dc1ik1kHMuXSAc6nvoJl40QQp5Vp?key=vOG5UxZZ-a8Kd1p_AlKNlQ",""
"https://liveramp.com/","liveramp.com","1","На проверке","Гипотезы по сборку email-базы потенциальных клиентов","rlJphNyY","200","reachable","text/html; charset=utf-8","https://liveramp.com/",""
"https://login.sendpulse.com/messengers/bots/telegram/673de0b02805ad38e90f1100/triggers/0/chains/673e1910c85cf778160ba9f9/","login.sendpulse.com","1","Архив (Выполнено)","Прототип чат-бота","sQE044pT","200","reachable","text/html; charset=UTF-8","https://login.sendpulse.com/login/index/services/messengers/",""
"https://lottiefiles.com/search?q=love","lottiefiles.com","1","Архив (Выполнено)","Готовый предложенный стикерпак","2gmwj5dL","403","access_blocked","text/html; charset=UTF-8","https://lottiefiles.com/search?q=love",""
"https://lunaro.ru/","lunaro.ru","1","Архив (Выполнено)","Регистрация на сайтах типа небулы","sDaz0HWN","200","reachable","text/html","https://lunaro.ru/",""
"https://lunaro.ru/ekspertam","lunaro.ru","2","Архив (Выполнено)","Регистрация на сайтах типа небулы","sDaz0HWN","200","reachable","text/html","https://lunaro.ru/ekspertam",""
"https://manybot.io/","manybot.io","1","На проверке","Гипотезы по сборку email-базы потенциальных клиентов","rlJphNyY","200","reachable","text/html; charset=UTF-8","https://manybot.io/",""
"https://matchui-revamp.preview.emergentagent.com/","matchui-revamp.preview.emergentagent.com","1","План на ноябрь","Разработать копию сайта NEBULA на Yii2","dEyVMOCG","200","reachable","text/html; charset=utf-8","https://matchui-revamp.preview.emergentagent.com/",""
"https://moonx.app/","moonx.app","1","Фоновые задачи","Устроить на работу Ксению в другие сервисы для разведки","0wi8cZ4y","200","reachable","text/html; charset=utf-8","https://moonx.app/",""
"https://muzz.com","muzz.com","1","Архив (Выполнено)","Список сайтов знакомств","ftSfC62I","","error_or_timeout","","","This operation was aborted"
"https://n8n.io/integrations/telegram/?utm_source=chatgpt.com","n8n.io","1","План на ноябрь","Таск-менеджер","TZoWvgMi","200","reachable","text/html;charset=utf-8","https://n8n.io/integrations/telegram/?utm_source=chatgpt.com",""
"https://nataliedate.com/","nataliedate.com","1","Информация","Политика / terms","MSZQtXaS","200","reachable","text/html","https://nataliedate.com/",""
"https://neiros.ru/blog/marketing/chto-takoe-ban-i-6-ego-vidov/","neiros.ru","1","На проверке","Bans Advanced","cvU1QRIK","200","reachable","text/html; charset=UTF-8","https://neiros.ru/blog/marketing/chto-takoe-ban-i-6-ego-vidov/",""
"https://openmoji.org/","openmoji.org","1","Архив (Выполнено)","Готовый предложенный стикерпак","2gmwj5dL","200","reachable","text/html","https://openmoji.org/",""
"https://pixner.net/peyamba/peyamba/index2.html","pixner.net","1","Архив (Выполнено)","ТЗ по сайду содержанок (для обсуждения и корректировок)","PXhFYUGF","200","reachable","text/html","https://pixner.net/peyamba/peyamba/index2.html",""
"https://play.google.com/store/apps/details?id=com.freelancehunt.app","play.google.com","1","На проверке","ТЗ Ограничение отправки контактов в чате","LYz7x7QS","200","reachable","text/html; charset=utf-8","https://play.google.com/store/apps/details?id=com.freelancehunt.app",""
"https://ploshadka.net/kak-podtjagivat-izmenenija-iz-github/","ploshadka.net","1","Не актуально","Синхронизация кодовой базы с git","3yJTYSBx","200","reachable","text/html; charset=UTF-8","https://ploshadka.net/kak-podtjagivat-izmenenija-iz-github/",""
"https://positionstack.com/documentation","positionstack.com","1","Backend in process","Case 63 - API map / geo","0F1rgMNQ","","error_or_timeout","","","This operation was aborted"
"https://presentsimple.ai/","presentsimple.ai","1","Архив (Выполнено)","Расшифровка анализов AI","3vV2c2wr","200","reachable","text/html","https://presentsimple.ai/",""
"https://prezo.ai/a/e67e1dc1-480f-4973-b845-0e6caedcfb31#b6421ddf-2ba7-4a3b-bd9c-2984d27957f0","prezo.ai","1","Не актуально","ТЗ для дизайнера по RH","PnrET9qO","200","reachable","text/html;charset=utf-8","https://prezo.ai/a/e67e1dc1-480f-4973-b845-0e6caedcfb31",""
"https://prnt.sc/_JfVS7aSyYtm","prnt.sc","1","Архив (Выполнено)","Выбрать одну из 3-х страниц шаблона","rqQ7rxIP","200","reachable","text/html; charset=UTF-8","https://prnt.sc/_JfVS7aSyYtm",""
"https://prnt.sc/7TMeAL90pkfd","prnt.sc","1","Информация","Дизайнеры","ndCJvPF7","503","server_error","text/html","https://prnt.sc/7TMeAL90pkfd",""
"https://prnt.sc/9u4pYpBJNwk8","prnt.sc","1","Архив (Выполнено)","Макет главной страницы S","kmkP67pK","","error_or_timeout","","","This operation was aborted"
"https://prnt.sc/cC21XVUbPq8l","prnt.sc","1","Архив (Выполнено)","Выбрать одну из 3-х страниц шаблона","rqQ7rxIP","","error_or_timeout","","","This operation was aborted"
"https://prnt.sc/dEy3VvOYnKkX","prnt.sc","1","План на ноябрь","ТЗ по городам/странам","zFhiX6PL","","error_or_timeout","","","This operation was aborted"
"https://prnt.sc/ezDgRpDpC5Aw","prnt.sc","1","На проверке","ТЗ по модерациям по типам","iJ9ZORCY","200","reachable","text/html; charset=UTF-8","https://prnt.sc/ezDgRpDpC5Aw",""
"https://prnt.sc/Fa7_hxDVBDJr","prnt.sc","1","Архив (Выполнено)","Макет главной страницы S","kmkP67pK","200","reachable","text/html; charset=UTF-8","https://prnt.sc/Fa7_hxDVBDJr",""
"https://prnt.sc/Gqz2yH_Blk6T","prnt.sc","1","План на ноябрь","ТЗ по городам/странам","zFhiX6PL","503","server_error","text/html","https://prnt.sc/Gqz2yH_Blk6T",""
"https://prnt.sc/HXG9T-Zu-QAf","prnt.sc","1","Архив (Выполнено)","Прототип главной страницы S","Y9GGGw4Q","200","reachable","text/html; charset=UTF-8","https://prnt.sc/HXG9T-Zu-QAf",""
"https://prnt.sc/JQz1E98WEIZ8","prnt.sc","1","Архив (Выполнено)","Макет главной страницы S","kmkP67pK","200","reachable","text/html; charset=UTF-8","https://prnt.sc/JQz1E98WEIZ8",""
"https://prnt.sc/K91Dky43u3Qe","prnt.sc","1","Архив (Выполнено)","Разобраться как работает система email-рассылки (из реестра)","EkF3EKYk","200","reachable","text/html; charset=UTF-8","https://prnt.sc/K91Dky43u3Qe",""
"https://prnt.sc/lJCSG3PSIQgF","prnt.sc","1","Архив (Выполнено)","Макет главной страницы S","kmkP67pK","200","reachable","text/html; charset=UTF-8","https://prnt.sc/lJCSG3PSIQgF",""
"https://prnt.sc/mLMmqxobSE04","prnt.sc","1","Архив (Выполнено)","Макет главной страницы S","kmkP67pK","200","reachable","text/html; charset=UTF-8","https://prnt.sc/mLMmqxobSE04",""
"https://prnt.sc/MN7UoK3buEkM","prnt.sc","1","Архив (Выполнено)","Выбрать одну из 3-х страниц шаблона","rqQ7rxIP","200","reachable","text/html; charset=UTF-8","https://prnt.sc/MN7UoK3buEkM",""
"https://prnt.sc/POn7mR2jp45J","prnt.sc","1","Архив (Выполнено)","Макет главной страницы S","kmkP67pK","","error_or_timeout","","","This operation was aborted"
"https://prnt.sc/Que0dr3Y_JUk","prnt.sc","1","На проверке","ТЗ по модерациям по типам","iJ9ZORCY","","error_or_timeout","","","This operation was aborted"
"https://prnt.sc/R8hG0XtMu0Ib","prnt.sc","1","Архив (Выполнено)","Макет главной страницы S","kmkP67pK","200","reachable","text/html; charset=UTF-8","https://prnt.sc/R8hG0XtMu0Ib",""
"https://prnt.sc/U87GjURxVrSE","prnt.sc","1","Архив (Выполнено)","Прототип главной страницы S","Y9GGGw4Q","200","reachable","text/html; charset=UTF-8","https://prnt.sc/U87GjURxVrSE",""
"https://prnt.sc/V4ii-1O88Vhl","prnt.sc","1","Архив (Выполнено)","Политики на сайт Юдейт","NoOHV9NV","200","reachable","text/html; charset=UTF-8","https://prnt.sc/V4ii-1O88Vhl",""
"https://prnt.sc/wCvoJ5Ikn7OD","prnt.sc","1","На проверке","ТЗ Ограничение отправки контактов в чате","LYz7x7QS","200","reachable","text/html; charset=UTF-8","https://prnt.sc/wCvoJ5Ikn7OD",""
"https://prnt.sc/Y_7XMcqUMVQ_","prnt.sc","1","Архив (Выполнено)","Макет главной страницы S","kmkP67pK","","error_or_timeout","","","This operation was aborted"
"https://prnt.sc/Y\_7XMcqUMVQ\_","prnt.sc","1","Архив (Выполнено)","Макет главной страницы S","kmkP67pK","200","reachable","text/html; charset=UTF-8","https://prnt.sc/",""
"https://robota.ua","robota.ua","2","Информация","Регистрация на сайте rabota.ua","lFuqVm1g","200","reachable","text/html; charset=UTF-8","https://robota.ua/",""
"https://robota.ua/","robota.ua","1","На проверке","Поиск программиста на YII2 (10$/h)","v5cjZiFY","200","reachable","text/html; charset=UTF-8","https://robota.ua/",""
"https://robota.ua/my/vacancies/10407783/candidates?id=86091665-prof&statusIds=4","robota.ua","1","На проверке","Поиск программиста на YII2 (10$/h)","v5cjZiFY","200","reachable","text/html; charset=UTF-8","https://robota.ua/my/vacancies/10407783/candidates?id=86091665-prof&statusIds=4",""
"https://robota.ua/my/vacancies/10407783/candidates?id=87058328-prof","robota.ua","1","На проверке","Поиск программиста на YII2 (10$/h)","v5cjZiFY","200","reachable","text/html; charset=UTF-8","https://robota.ua/my/vacancies/10407783/candidates?id=87058328-prof",""
"https://robota.ua/ru/my/vacancies/10219705/applies?id=93215634-attach","robota.ua","2","План на октябрь","Найти программиста на Рашен","4Hz1pI9j","200","reachable","text/html; charset=UTF-8","https://robota.ua/ru/my/vacancies/10219705/applies?id=93215634-attach",""
"https://robota.ua/ru/my/vacancies/10407783/applies?id=94306098-attach","robota.ua","1","Полка (Когда-нибудь)","Найти и сработаться с прогером","aM3yiOA6","200","reachable","text/html; charset=UTF-8","https://robota.ua/ru/my/vacancies/10407783/applies?id=94306098-attach",""
"https://russianhugs.com","russianhugs.com","1","Не актуально","Case 8 - обновить дизайн","xKSQx2yH","200","reachable","text/html","https://russianhugs.com/",""
"https://russianhugs.com/admin-cp/edit-country?id=250","russianhugs.com","1","Полка (Когда-нибудь)","Перевод стран/городов","OF6o5Az4","200","reachable","text/html","https://russianhugs.com/admin-cp/edit-country?id=250",""
"https://russianhugs.com/admin-cp/edit-lang?id=russian","russianhugs.com","1","Не актуально","Устранить баг по сохранению изменений в языке в панеле администратора","ytzHZP17","200","reachable","text/html","https://russianhugs.com/admin-cp/edit-lang?id=russian",""
"https://russianhugs.com/admin-cp/manage-countries","russianhugs.com","1","Не актуально","Дает создавать дубли стран","RqZgUOP9","200","reachable","text/html","https://russianhugs.com/admin-cp/manage-countries",""
"https://russianhugs.com/admin-cp/manage-own-users","russianhugs.com","2","Не актуально","Case 66 - страница контроля","TJQkuYho","200","reachable","text/html","https://russianhugs.com/admin-cp/manage-own-users",""
"https://russianhugs.com/admin-cp/manage-partners","russianhugs.com","1","Backend in process","Case 56 - аналитика партнеров","f4W5rcCq","200","reachable","text/html","https://russianhugs.com/admin-cp/manage-partners",""
"https://russianhugs.com/admin-cp/manage-photos","russianhugs.com","1","Не актуально","Общий план","0oCdlola","200","reachable","text/html","https://russianhugs.com/admin-cp/manage-photos",""
"https://russianhugs.com/admin-cp/manage-users","russianhugs.com","1","Не актуально","Общий план","0oCdlola","200","reachable","text/html","https://russianhugs.com/admin-cp/manage-users",""
"https://russianhugs.com/admin-cp/partners-earnings-accruals","russianhugs.com","1","Backend in process","Case 56 - аналитика партнеров","f4W5rcCq","200","reachable","text/html","https://russianhugs.com/admin-cp/partners-earnings-accruals",""
"https://russianhugs.com/admin-cp/social-login","russianhugs.com","1","Backend in process","Case 64 - авторизация ТГ","04tGMQ4T","200","reachable","text/html","https://russianhugs.com/admin-cp/social-login",""
"https://russianhugs.com/admin-cp/users-interactions","russianhugs.com","2","Не актуально","Case 66 - страница контроля","TJQkuYho","200","reachable","text/html","https://russianhugs.com/admin-cp/users-interactions",""
"https://russianhugs.com/liked","russianhugs.com","1","Полка (Когда-нибудь)","Case 41 - реакции","wWQyoquC","200","reachable","text/html","https://russianhugs.com/liked",""
"https://russianhugs.com/login","russianhugs.com","1","Backend in process","Case 64 - авторизация ТГ","04tGMQ4T","200","reachable","text/html","https://russianhugs.com/login",""
"https://russianhugs.com/pro","russianhugs.com","1","Не актуально","Case 8 - обновить дизайн","xKSQx2yH","200","reachable","text/html","https://russianhugs.com/pro",""
"https://russianhugs.com/profile/sveta23467","russianhugs.com","1","Полка (Когда-нибудь)","Case 41 - реакции","wWQyoquC","200","reachable","text/html","https://russianhugs.com/profile/sveta23467",""
"https://russianhugs.com/settings-profile/","russianhugs.com","1","Не актуально","8.	Не корректно отображается перевод русского текста на странице “Найти совпадения”","BPRH5CTK","200","reachable","text/html","https://russianhugs.com/settings-profile/",""
"https://russianhugs.com/settings-profile/admin1","russianhugs.com","1","Backend in process","Case 63 - API map / geo","0F1rgMNQ","200","reachable","text/html","https://russianhugs.com/settings-profile/admin1",""
"https://russianhugs.com/settings/u_51ce190c8","russianhugs.com","1","Backend in process","Case 64 - авторизация ТГ","04tGMQ4T","200","reachable","text/html","https://russianhugs.com/settings/u_51ce190c8",""
"https://russianhugs.test:8890","russianhugs.test","1","Не актуально","Синхронизация кодовой базы с git","3yJTYSBx","","error_or_timeout","","","fetch failed"
"https://sandbox.directus.io/admin","sandbox.directus.io","1","На проверке","Примеры админок","PegKaCje","200","reachable","text/html; charset=utf-8","https://sandbox.directus.com/admin",""
"https://secure.iherb.com/rewards/overview","secure.iherb.com","1","Не актуально","Общий план","0oCdlola","200","reachable","text/html; charset=utf-8","https://secure.iherb.com/iherb-rewards",""
"https://seeko.seventhqueen.com/dating/","seeko.seventhqueen.com","1","Архив (Выполнено)","ТЗ по сайду содержанок (для обсуждения и корректировок)","PXhFYUGF","200","reachable","text/html; charset=UTF-8","https://seeko.seventhqueen.com/dating/",""
"https://soulcompanion.net/admin/start","soulcompanion.net","1","На проверке","Примеры админок","PegKaCje","200","reachable","text/html; charset=utf-8","https://soulcompanion.net/admin/ausers/login",""
"https://stmforum.com/","stmforum.com","1","На проверке","Гипотезы по сборку email-базы потенциальных клиентов","rlJphNyY","200","reachable","text/html; charset=utf-8","https://affiliateworldforum.com/",""
"https://stock.adobe.com/","stock.adobe.com","1","Архив (Выполнено)","Готовый предложенный стикерпак","2gmwj5dL","403","access_blocked","text/html;charset=utf-8","https://stock.adobe.com/",""
"https://stock.adobe.com/images/cartoon-hand-line-drawing-love-character-couple/241816393","stock.adobe.com","1","Архив (Выполнено)","Готовый предложенный стикерпак","2gmwj5dL","403","access_blocked","text/html;charset=utf-8","https://stock.adobe.com/images/cartoon-hand-line-drawing-love-character-couple/241816393",""
"https://stock.adobe.com/images/collection-of-hearts-vector-logos-or-icons-set-heart-shapes-of-different-styles-and-concepts-symbols-love-and-care-health-and-cardiology-geometric-and-low-poly/595847614","stock.adobe.com","1","Архив (Выполнено)","Готовый предложенный стикерпак","2gmwj5dL","403","access_blocked","text/html;charset=utf-8","https://stock.adobe.com/images/collection-of-hearts-vector-logos-or-icons-set-heart-shapes-of-different-styles-and-concepts-symbols-love-and-care-health-and-cardiology-geometric-and-low-poly/595847614",""
"https://stock.adobe.com/images/happy-couple-in-love-set-young-people-on-valentine-day/308484420","stock.adobe.com","1","Архив (Выполнено)","Готовый предложенный стикерпак","2gmwj5dL","403","access_blocked","text/html;charset=utf-8","https://stock.adobe.com/images/happy-couple-in-love-set-young-people-on-valentine-day/308484420",""
"https://stock.adobe.com/images/heart-and-love-sticker-set-fashion-patch-collection/464933293","stock.adobe.com","1","Архив (Выполнено)","Готовый предложенный стикерпак","2gmwj5dL","403","access_blocked","text/html;charset=utf-8","https://stock.adobe.com/images/heart-and-love-sticker-set-fashion-patch-collection/464933293",""
"https://stock.adobe.com/images/hugs-hands-arm-embrace-relationship-hugged-hands-heart-shapes/688778301","stock.adobe.com","1","Архив (Выполнено)","Готовый предложенный стикерпак","2gmwj5dL","403","access_blocked","text/html;charset=utf-8","https://stock.adobe.com/images/hugs-hands-arm-embrace-relationship-hugged-hands-heart-shapes/688778301",""
"https://stock.adobe.com/images/retro-valentine-love-icons/714828874","stock.adobe.com","1","Архив (Выполнено)","Готовый предложенный стикерпак","2gmwj5dL","403","access_blocked","text/html;charset=utf-8","https://stock.adobe.com/images/retro-valentine-love-icons/714828874",""
"https://stock.adobe.com/images/vector-pack-of-love-stickers-with-hearts/244892486","stock.adobe.com","1","Архив (Выполнено)","Готовый предложенный стикерпак","2gmwj5dL","403","access_blocked","text/html;charset=utf-8","https://stock.adobe.com/images/vector-pack-of-love-stickers-with-hearts/244892486",""
"https://support.google.com/google-ads/answer/9423238","support.google.com","1","На проверке","Гипотезы по сборку email-базы потенциальных клиентов","rlJphNyY","404","not_found","text/html; charset=UTF-8","https://support.google.com/google-ads/answer/9423238",""
"https://t.me/+0995460270","t.me","1","На проверке","Поиск программиста на YII2 (10$/h)","v5cjZiFY","200","reachable","text/html; charset=utf-8","https://t.me/+0995460270",""
"https://t.me/+38%20(099","t.me","1","На проверке","Поиск программиста на YII2 (10$/h)","v5cjZiFY","200","reachable","text/html; charset=utf-8","https://t.me/+38%20(099",""
"https://t.me/+380664306614","t.me","1","На проверке","Поиск программиста на YII2 (10$/h)","v5cjZiFY","200","reachable","text/html; charset=utf-8","https://t.me/+380664306614",""
"https://t.me/ask_design13","t.me","1","План на октябрь","Найти Дизайнера для ХАГС и запустить процесс редизайна.","NQRdYkmh","200","reachable","text/html; charset=utf-8","https://t.me/ask_design13",""
"https://t.me/BratDobrey","t.me","1","План на октябрь","Найти Дизайнера для ХАГС и запустить процесс редизайна.","NQRdYkmh","200","reachable","text/html; charset=utf-8","https://t.me/BratDobrey",""
"https://t.me/DoggySanRewardBot","t.me","1","Архив (Выполнено)","Найти программиста для Бота","uLKDQRWY","200","reachable","text/html; charset=utf-8","https://t.me/DoggySanRewardBot",""
"https://t.me/katrazhenko","t.me","1","На проверке","Поиск программиста на YII2 (10$/h)","v5cjZiFY","200","reachable","text/html; charset=utf-8","https://t.me/katrazhenko",""
"https://t.me/kokosivino","t.me","1","План на ноябрь","Найти специалиста для ведения инсты","nG3XJU9C","200","reachable","text/html; charset=utf-8","https://t.me/kokosivino",""
"https://t.me/lchstrr","t.me","1","План на июнь","Поискать дизайнера для Nebula","51amszof","200","reachable","text/html; charset=utf-8","https://t.me/lchstrr",""
"https://t.me/michalangelo_bot","t.me","1","Полка (Когда-нибудь)","ТЗ чат-бота по S (финал)","DGaGZWpm","200","reachable","text/html; charset=utf-8","https://t.me/michalangelo_bot",""
"https://t.me/newbot2024_2_bot","t.me","1","План на июль","Отчет за июль","q6oLbD5V","200","reachable","text/html; charset=utf-8","https://t.me/newbot2024_2_bot",""
"https://t.me/Nikitosiquez","t.me","1","План на октябрь","Найти Дизайнера для ХАГС и запустить процесс редизайна.","NQRdYkmh","200","reachable","text/html; charset=utf-8","https://t.me/Nikitosiquez",""
"https://t.me/RussianHugs11_bot","t.me","1","Архив (Выполнено)","Прототип чат-бота","sQE044pT","200","reachable","text/html; charset=utf-8","https://t.me/RussianHugs11_bot",""
"https://telemetr.me/","telemetr.me","1","На проверке","Гипотезы по сборку email-базы потенциальных клиентов","rlJphNyY","200","reachable","text/html; charset=UTF-8","https://telemetr.me/",""
"https://tgstat.com/","tgstat.com","1","На проверке","Гипотезы по сборку email-базы потенциальных клиентов","rlJphNyY","200","reachable","text/html; charset=UTF-8","https://tgstat.com/",""
"https://tinder.com/ru/places/netherlands/amsterdam/","tinder.com","1","План на ноябрь","ТЗ по городам/странам","zFhiX6PL","200","reachable","text/html; charset=utf-8","https://tinder.com/ru/places/netherlands/amsterdam/",""
"https://tumor-streaming-acre-informative.trycloudflare.com/autodirect-refactor/palmistry/","tumor-streaming-acre-informative.trycloudflare.com","1","План на май","MVP для тестирование гипотезы (PreSale)","dNbWGDkm","200","reachable","text/html; charset=utf-8","https://tumor-streaming-acre-informative.trycloudflare.com/autodirect-refactor/palmistry/",""
"https://upservice.com/help/tpost/kak-rabotat-s-ticketami-v-upservice","upservice.com","1","На проверке","ТЗ по тех поддержке на сайте (суппорт)","IRQiN429","200","reachable","text/html; charset=UTF-8","https://upservice.com/help/tpost/kak-rabotat-s-ticketami-v-upservice",""
"https://usemybridge.com/","usemybridge.com","2","Архив (Выполнено)","Политики на сайт Юдейт","NoOHV9NV","200","reachable","text/html; charset=UTF-8","https://usemybridge.com/",""
"https://webim.ru/","webim.ru","1","На проверке","ТЗ по тех поддержке на сайте (суппорт)","IRQiN429","","error_or_timeout","","","This operation was aborted"
"https://www-proprofsdesk-com.translate.goog/blog/help-desk-examples/?_x_tr_sl=en&_x_tr_tl=ru&_x_tr_hl=ru&_x_tr_pto=sge","www-proprofsdesk-com.translate.goog","1","На проверке","ТЗ по тех поддержке на сайте (суппорт)","IRQiN429","200","reachable","text/html; charset=UTF-8","https://www-proprofsdesk-com.translate.goog/blog/help-desk-examples/?_x_tr_sl=en&_x_tr_tl=ru&_x_tr_hl=ru&_x_tr_pto=sge",""
"https://www-proprofsdesk-com.translate.goog/blog/help-desk-examples/?\_x\_tr\_sl=en&\_x\_tr\_tl=ru&\_x\_tr\_hl=ru&\_x\_tr\_pto=sge","www-proprofsdesk-com.translate.goog","1","На проверке","ТЗ по тех поддержке на сайте (суппорт)","IRQiN429","400","unknown","text/html; charset=utf-8","https://www-proprofsdesk-com.translate.goog/blog/help-desk-examples/?\_x\_tr\_sl=en&\_x\_tr\_tl=ru&\_x\_tr\_hl=ru&\_x\_tr\_pto=sge",""
"https://www.adcombo.com/","www.adcombo.com","1","На проверке","Гипотезы по сборку email-базы потенциальных клиентов","rlJphNyY","200","reachable","text/html","https://www.adcombo.com/",""
"https://www.adultfriendfinder.com","www.adultfriendfinder.com","1","Архив (Выполнено)","Список сайтов знакомств","ftSfC62I","200","reachable","text/html;charset=UTF-8","https://adultfriendfinder.com/",""
"https://www.appypieautomate.ai/integrate/apps/meistertask/integrations/telegram-bot?utm_source=chatgpt.com","www.appypieautomate.ai","1","План на ноябрь","Таск-менеджер","TZoWvgMi","410","unknown","text/html; charset=utf-8","https://www.flozic.ai/integrate/apps/meistertask/integrations/telegram-bot?utm_source=chatgpt.com",""
"https://www.asiandating.com/","www.asiandating.com","1","Архив (Выполнено)","Регистрация на JapanCupid.com с Румынии","5m8rJJNp","200","reachable","text/html;charset=UTF-8","https://www.asiandating.com/",""
"https://www.astrology.com/","www.astrology.com","1","Архив (Выполнено)","Регистрация на сайтах типа небулы","sDaz0HWN","200","reachable","text/html; charset=utf-8","https://www.astrology.com/us/home.aspx",""
"https://www.behance.net/ildar-coder","www.behance.net","1","План на июнь","Поискать дизайнера для Nebula","51amszof","200","reachable","text/html; charset=utf-8","https://www.behance.net/ildar-coder",""
"https://www.behance.net/linachesterdesign","www.behance.net","1","План на июнь","Поискать дизайнера для Nebula","51amszof","404","not_found","text/html; charset=utf-8","https://www.behance.net/linachesterdesign",""
"https://www.blackhatworld.com/","www.blackhatworld.com","1","На проверке","Гипотезы по сборку email-базы потенциальных клиентов","rlJphNyY","200","reachable","text/html; charset=utf-8","https://www.blackhatworld.com/",""
"https://www.bumble.com","www.bumble.com","1","Архив (Выполнено)","Список сайтов знакомств","ftSfC62I","200","reachable","text/html; charset=utf-8","https://www.bumble.com/",""
"https://www.c-date.com","www.c-date.com","1","Архив (Выполнено)","Список сайтов знакомств","ftSfC62I","403","access_blocked","text/html; charset=UTF-8","https://www.c-date.com/",""
"https://www.christianmingle.com","www.christianmingle.com","1","Архив (Выполнено)","Список сайтов знакомств","ftSfC62I","200","reachable","text/html","https://www.christianmingle.com/",""
"https://www.clickdealer.com/","www.clickdealer.com","1","На проверке","Гипотезы по сборку email-базы потенциальных клиентов","rlJphNyY","200","reachable","text/html; charset=UTF-8","https://www.clickdealer.com/",""
"https://www.criteo.com/","www.criteo.com","1","На проверке","Гипотезы по сборку email-базы потенциальных клиентов","rlJphNyY","200","reachable","text/html; charset=UTF-8","https://www.criteo.com/",""
"https://www.data-axle.com/","www.data-axle.com","1","На проверке","Гипотезы по сборку email-базы потенциальных клиентов","rlJphNyY","403","access_blocked","text/html; charset=UTF-8","https://www.data-axle.com/",""
"https://www.duplichecker.com/ru","www.duplichecker.com","1","На проверке","Список премиум-городов и ТЗ","OoR5CmRO","403","access_blocked","text/html; charset=UTF-8","https://www.duplichecker.com/ru",""
"https://www.edarling.com","www.edarling.com","1","Архив (Выполнено)","Список сайтов знакомств","ftSfC62I","200","reachable","text/html","https://www.edarling.com/",""
"https://www.eharmony.com","www.eharmony.com","1","Архив (Выполнено)","Список сайтов знакомств","ftSfC62I","200","reachable","text/html; charset=UTF-8","https://www.eharmony.co.uk/",""
"https://www.elitesingles.com","www.elitesingles.com","1","Архив (Выполнено)","Список сайтов знакомств","ftSfC62I","405","unknown","text/html; charset=UTF-8","https://www.elitesingles.com/",""
"https://www.etsy.com/search?q=stickers+digital","www.etsy.com","1","Архив (Выполнено)","Готовый предложенный стикерпак","2gmwj5dL","","error_or_timeout","","","This operation was aborted"
"https://www.exactdata.com/","www.exactdata.com","1","На проверке","Гипотезы по сборку email-базы потенциальных клиентов","rlJphNyY","403","access_blocked","text/html; charset=UTF-8","https://www.exactdata.com/",""
"https://www.experian.com/marketing-services/audiences","www.experian.com","1","На проверке","Гипотезы по сборку email-базы потенциальных клиентов","rlJphNyY","","error_or_timeout","","","This operation was aborted"
"https://www.facebook.com/business/ads/lead-ads","www.facebook.com","1","На проверке","Гипотезы по сборку email-базы потенциальных клиентов","rlJphNyY","200","reachable","text/html; charset=""utf-8""","https://www.facebook.com/login/?next=https%3A%2F%2Fwww.facebook.com%2Fbusiness%2Fads%2Fad-objectives%2Flead-generation",""
"https://www.figma.com/design/0bHuDBrirrsNg6ryxSPOgy/OLLYA?node-id=0-1&p=f","www.figma.com","1","Архив (Выполнено)","Работа с дизайнером по страницам H","5npGPUSO","200","reachable","text/html;charset=utf-8","https://www.figma.com/design/0bHuDBrirrsNg6ryxSPOgy/OLLYA?node-id=0-1&p=f",""
"https://www.figma.com/design/0bHuDBrirrsNg6ryxSPOgy/OLLYA?node-id=0-1&p=f&t=ANyjcnvgXV4vW1XY-0","www.figma.com","1","Архив (Выполнено)","Работа с дизайнером по страницам H","SbEOcTaR","200","reachable","text/html;charset=utf-8","https://www.figma.com/design/0bHuDBrirrsNg6ryxSPOgy/OLLYA?node-id=0-1&p=f&t=ANyjcnvgXV4vW1XY-0",""
"https://www.figma.com/design/0bHuDBrirrsNg6ryxSPOgy/OLLYA?node-id=0-1&p=f&t=LTwNaxt2sqMvNe0R-0","www.figma.com","1","Архив (Выполнено)","Отрисовать недостающие страницы для H","MhIzJjxS","","error_or_timeout","","","This operation was aborted"
"https://www.figma.com/design/0bHuDBrirrsNg6ryxSPOgy/OLLYA?node-id=0-1&p=f&t=mLbAhy1WNK1Xky0q-0","www.figma.com","2","Архив (Выполнено)","Работа с дизайнером по страницам H","5npGPUSO","200","reachable","text/html;charset=utf-8","https://www.figma.com/design/0bHuDBrirrsNg6ryxSPOgy/OLLYA?node-id=0-1&p=f&t=mLbAhy1WNK1Xky0q-0",""
"https://www.figma.com/design/FBjvFqGlYIVTe6jE6o0JSC/new-rh?node-id=0-1&m=dev&t=xBGTTVlfwrBoQEHl-1","www.figma.com","1","План на октябрь","Найти Дизайнера для ХАГС и запустить процесс редизайна.","NQRdYkmh","200","reachable","text/html;charset=utf-8","https://www.figma.com/design/FBjvFqGlYIVTe6jE6o0JSC/new-rh?node-id=0-1&m=dev&t=xBGTTVlfwrBoQEHl-1",""
"https://www.figma.com/design/Kl3BJHNEWvUV6eqmbn1RIz/Untitled?node-id=0-1&node-type=canvas&t=8BkwJjjRwEFCefSn-0","www.figma.com","1","План на октябрь","Найти Дизайнера для ХАГС и запустить процесс редизайна.","NQRdYkmh","200","reachable","text/html;charset=utf-8","https://www.figma.com/design/Kl3BJHNEWvUV6eqmbn1RIz/Untitled?node-id=0-1&node-type=canvas&t=8BkwJjjRwEFCefSn-0",""
"https://www.figma.com/design/qFtgrOGCFiP6NX7ngr8qKq/%D0%9F%D0%BE%D0%B8%D1%81%D0%BA-%D1%80%D0%B5%D0%BF%D0%B5%D1%82%D0%B8%D1%82%D0%BE%D1%80%D0%B0?node-id=301-6563&node-type=frame&t=Wgja7pCIuBXg4Dlm-0","www.figma.com","1","План на октябрь","Найти Дизайнера для ХАГС и запустить процесс редизайна.","NQRdYkmh","200","reachable","text/html;charset=utf-8","https://www.figma.com/design/qFtgrOGCFiP6NX7ngr8qKq/%D0%9F%D0%BE%D0%B8%D1%81%D0%BA-%D1%80%D0%B5%D0%BF%D0%B5%D1%82%D0%B8%D1%82%D0%BE%D1%80%D0%B0?node-id=301-6563&node-type=frame&t=Wgja7pCIuBXg4Dlm-0",""
"https://www.figma.com/design/RwxYQBLDns7T9X3bnVmVBl/YouDate?node-id=0-1&p=f&t=IP7jJYvBCaR8qOZ2-0","www.figma.com","1","Фоновые задачи","Дизайн лендинга Антоном","VzWZEa6e","200","reachable","text/html;charset=utf-8","https://www.figma.com/design/RwxYQBLDns7T9X3bnVmVBl/YouDate?node-id=0-1&p=f&t=IP7jJYvBCaR8qOZ2-0",""
"https://www.figma.com/design/RwxYQBLDns7T9X3bnVmVBl/YouDate?node-id=0-1&p=f&t=jsRJURyopBY1mJc7-0","www.figma.com","2","Архив (Выполнено)","Макет главной страницы S","kmkP67pK","200","reachable","text/html;charset=utf-8","https://www.figma.com/design/RwxYQBLDns7T9X3bnVmVBl/YouDate?node-id=0-1&p=f&t=jsRJURyopBY1mJc7-0",""
"https://www.figma.com/design/RwxYQBLDns7T9X3bnVmVBl/YouDate?node-id=403-2391&p=f&t=42B92YG1bua5NZ71-0","www.figma.com","1","Архив (Выполнено)","Дизайн и функционал сторисов.","0KaDDgWe","200","reachable","text/html;charset=utf-8","https://www.figma.com/design/RwxYQBLDns7T9X3bnVmVBl/YouDate?node-id=403-2391&p=f&t=42B92YG1bua5NZ71-0",""
"https://www.figma.com/design/SYrR02E7Ol6szJD4AbFDkE/%D0%9D%D0%95%D0%91%D0%A3%D0%9B%D0%90-v.01-03-2026?node-id=0-1&t=XaZnNwBwGpssXKsi-1","www.figma.com","1","План на март","Пробная верстка дизайна страниц Nebula","uLoe5Euq","200","reachable","text/html;charset=utf-8","https://www.figma.com/design/SYrR02E7Ol6szJD4AbFDkE/%D0%9D%D0%95%D0%91%D0%A3%D0%9B%D0%90-v.01-03-2026?node-id=0-1&t=XaZnNwBwGpssXKsi-1",""
"https://www.figma.com/proto/91KU4ORjZ5mQUv9PvsucGV/%D0%9D%D0%95%D0%91%D0%A3%D0%9B%D0%90?node-id=22-415&t=WQrvx4EeCvR9zIXg-1","www.figma.com","1","План на ноябрь","Разработка дизайна сайта NEBULA","IZI4uF30","200","reachable","text/html;charset=utf-8","https://www.figma.com/proto/91KU4ORjZ5mQUv9PvsucGV/%D0%9D%D0%95%D0%91%D0%A3%D0%9B%D0%90?node-id=22-415&t=WQrvx4EeCvR9zIXg-1",""
"https://www.figma.com/proto/NKQz7WdwHOWpRD9l2sYCkv/Russian-Hugs?page-id=0%3A1&node-id=2-2&node-type=frame&viewport=440%2C340%2C0.25&t=pAx3ggXxAgsrRt3u-1&scaling=scale-down&content-scaling=fixed","www.figma.com","1","План на октябрь","Найти Дизайнера для ХАГС и запустить процесс редизайна.","NQRdYkmh","403","access_blocked","text/html;charset=utf-8","https://www.figma.com/proto/NKQz7WdwHOWpRD9l2sYCkv/Russian-Hugs?page-id=0%3A1&node-id=2-2&node-type=frame&viewport=440%2C340%2C0.25&t=pAx3ggXxAgsrRt3u-1&scaling=scale-down&content-scaling=fixed",""
"https://www.figma.com/proto/RwxYQBLDns7T9X3bnVmVBl/YouDate?node-id=215-1900&t=5dsHltBFpua4b722-0&scaling=min-zoom&content-scaling=fixed&page-id=0%3A1","www.figma.com","2","Архив (Выполнено)","Макет главной страницы S","kmkP67pK","200","reachable","text/html;charset=utf-8","https://www.figma.com/proto/RwxYQBLDns7T9X3bnVmVBl/YouDate?node-id=215-1900&t=5dsHltBFpua4b722-0&scaling=min-zoom&content-scaling=fixed&page-id=0%3A1",""
"https://www.figma.com/proto/RwxYQBLDns7T9X3bnVmVBl/YouDate?node-id=215-1900&t=EEJqxPFEb7JZ1KIl-0&scaling=min-zoom&content-scaling=fixed&page-id=0%3A1","www.figma.com","1","Архив (Выполнено)","Макет главной страницы S","kmkP67pK","200","reachable","text/html;charset=utf-8","https://www.figma.com/proto/RwxYQBLDns7T9X3bnVmVBl/YouDate?node-id=215-1900&t=EEJqxPFEb7JZ1KIl-0&scaling=min-zoom&content-scaling=fixed&page-id=0%3A1",""
"https://www.figma.com/proto/RwxYQBLDns7T9X3bnVmVBl/YouDate?node-id=215-9932&t=5Ej4rCGGRHHhDU6p-0&scaling=min-zoom&content-scaling=fixed&page-id=0%3A1","www.figma.com","1","Архив (Выполнено)","Макет главной страницы S","kmkP67pK","200","reachable","text/html;charset=utf-8","https://www.figma.com/proto/RwxYQBLDns7T9X3bnVmVBl/YouDate?node-id=215-9932&t=5Ej4rCGGRHHhDU6p-0&scaling=min-zoom&content-scaling=fixed&page-id=0%3A1",""
"https://www.figma.com/proto/RwxYQBLDns7T9X3bnVmVBl/YouDate?node-id=51-1693&t=EEJqxPFEb7JZ1KIl-0&scaling=min-zoom&content-scaling=fixed&page-id=0%3A1","www.figma.com","1","Архив (Выполнено)","Макет главной страницы S","kmkP67pK","200","reachable","text/html;charset=utf-8","https://www.figma.com/proto/RwxYQBLDns7T9X3bnVmVBl/YouDate?node-id=51-1693&t=EEJqxPFEb7JZ1KIl-0&scaling=min-zoom&content-scaling=fixed&page-id=0%3A1",""
"https://www.flaticon.com/packs/stickers","www.flaticon.com","1","Архив (Выполнено)","Готовый предложенный стикерпак","2gmwj5dL","200","reachable","text/html","https://www.flaticon.com/packs/stickers",""
"https://www.flaticon.com/ru/free-icons/dating?word=%D0%B7%D0%BD%D0%B0%D0%BA%D0%BE%D0%BC%D1%81%D1%82%D0%B2%D0%B0&color=red","www.flaticon.com","1","Архив (Выполнено)","Готовый предложенный стикерпак","2gmwj5dL","200","reachable","text/html; charset=UTF-8","https://www.flaticon.com/ru/free-icons/dating?word=%D0%B7%D0%BD%D0%B0%D0%BA%D0%BE%D0%BC%D1%81%D1%82%D0%B2%D0%B0&color=red",""
"https://www.flaticon.com/ru/free-icons/dating?word=знакомства&color=red","www.flaticon.com","1","Архив (Выполнено)","Готовый предложенный стикерпак","2gmwj5dL","200","reachable","text/html; charset=UTF-8","https://www.flaticon.com/ru/free-icons/dating?word=%D0%B7%D0%BD%D0%B0%D0%BA%D0%BE%D0%BC%D1%81%D1%82%D0%B2%D0%B0&color=red",""
"https://www.ibm.com/docs/ru/control-desk/7.6.1?topic=portal-working-tickets","www.ibm.com","1","На проверке","ТЗ по тех поддержке на сайте (суппорт)","IRQiN429","200","reachable","text/html; charset=utf-8","https://www.ibm.com/docs/ru/control-desk/7.6.1?topic=portal-working-tickets",""
"https://www.influencermarketinghub.com/","www.influencermarketinghub.com","1","На проверке","Гипотезы по сборку email-базы потенциальных клиентов","rlJphNyY","200","reachable","text/html; charset=UTF-8","https://influencermarketinghub.com/",""
"https://www.japancupid.com/","www.japancupid.com","1","Архив (Выполнено)","Регистрация на JapanCupid.com с Румынии","5m8rJJNp","200","reachable","text/html;charset=UTF-8","https://www.japancupid.com/",""
"https://www.jdate.com","www.jdate.com","1","Архив (Выполнено)","Список сайтов знакомств","ftSfC62I","200","reachable","text/html","https://www.jdate.com/",""
"https://www.kasamba.com/","www.kasamba.com","1","Архив (Выполнено)","Платная консультация по эзотерике (как клиент)","1jG8Hv4M","200","reachable","text/html; charset=utf-8","https://www.kasamba.com/",""
"https://www.lovescout24.de","www.lovescout24.de","1","Архив (Выполнено)","Список сайтов знакомств","ftSfC62I","200","reachable","text/html; charset=utf-8","https://www.lovescout24.de/",""
"https://www.lovoo.com","www.lovoo.com","1","Архив (Выполнено)","Список сайтов знакомств","ftSfC62I","200","reachable","text/html; charset=UTF-8","https://www.lovoo.com/en/",""
"https://www.magicslides.app/pricing","www.magicslides.app","1","Не актуально","ТЗ для дизайнера по RH","PnrET9qO","200","reachable","text/html; charset=utf-8","https://www.magicslides.app/pricing",""
"https://www.maxbounty.com/","www.maxbounty.com","1","На проверке","Гипотезы по сборку email-базы потенциальных клиентов","rlJphNyY","200","reachable","text/html; charset=UTF-8","https://maxbounty.com/",""
"https://www.meetic.com","www.meetic.com","1","Архив (Выполнено)","Список сайтов знакомств","ftSfC62I","200","reachable","text/html; charset=utf-8","https://www.meetic.fr/?geo-redirection=www.meetic.com",""
"https://www.noxinfluencer.com/","www.noxinfluencer.com","1","На проверке","Гипотезы по сборку email-базы потенциальных клиентов","rlJphNyY","200","reachable","text/html; charset=utf-8","https://www.noxinfluencer.com/",""
"https://www.oracle.com/advertising/","www.oracle.com","1","На проверке","Гипотезы по сборку email-базы потенциальных клиентов","rlJphNyY","403","access_blocked","text/html","https://www.oracle.com/",""
"https://www.outbrain.com/","www.outbrain.com","1","На проверке","Гипотезы по сборку email-базы потенциальных клиентов","rlJphNyY","200","reachable","text/html; charset=utf-8","https://www.outbrain.com/",""
"https://www.parship.com","www.parship.com","1","Архив (Выполнено)","Список сайтов знакомств","ftSfC62I","200","reachable","text/html; charset=UTF-8","https://uk.parship.com/",""
"https://www.pof.com/","www.pof.com","1","Архив (Выполнено)","Запустить регистрацию на сайтах знакомств в режиме агента","Ibq7eWBK","200","reachable","text/html; charset=utf-8","https://www.pof.com/",""
"https://www.purplegarden.co/","www.purplegarden.co","1","Архив (Выполнено)","Платная консультация по эзотерике (как клиент)","1jG8Hv4M","200","reachable","text/html; charset=utf-8","https://www.purplegarden.co/",""
"https://www.quora.com/business/advertising/lead-gen","www.quora.com","1","На проверке","Гипотезы по сборку email-базы потенциальных клиентов","rlJphNyY","403","access_blocked","text/html; charset=UTF-8","https://www.quora.com/business/advertising/lead-gen",""
"https://www.silversingles.com","www.silversingles.com","1","Архив (Выполнено)","Список сайтов знакомств","ftSfC62I","405","unknown","text/html; charset=UTF-8","https://www.silversingles.com/",""
"https://www.taboola.com/","www.taboola.com","1","На проверке","Гипотезы по сборку email-базы потенциальных клиентов","rlJphNyY","200","reachable","text/html; charset=UTF-8","https://www.taboola.com/",""
"https://www.templatemonster.com/ru/website-templates-type/389106.html","www.templatemonster.com","1","План декабрь","Главная страница сайта содержанок","ruMprvP5","200","reachable","text/html; charset=UTF-8","https://www.templatemonster.com/ru/website-templates-type/389106.html",""
"https://www.templatemonster.com/ru/website-templates-type/393017.html","www.templatemonster.com","1","План декабрь","Главная страница сайта содержанок","ruMprvP5","200","reachable","text/html; charset=UTF-8","https://www.templatemonster.com/ru/website-templates-type/393017.html",""
"https://www.templatemonster.com/ru/website-templates-type/432341.html","www.templatemonster.com","1","План декабрь","Главная страница сайта содержанок","ruMprvP5","200","reachable","text/html; charset=UTF-8","https://www.templatemonster.com/ru/website-templates-type/432341.html",""
"https://www.templatemonster.com/ru/website-templates-type/466865.html","www.templatemonster.com","1","План декабрь","Главная страница сайта содержанок","ruMprvP5","200","reachable","text/html; charset=UTF-8","https://www.templatemonster.com/ru/website-templates-type/466865.html",""
"https://www.wooplus.com","www.wooplus.com","1","Архив (Выполнено)","Список сайтов знакомств","ftSfC62I","200","reachable","text/html; charset=utf-8","https://www.wooplus.com/",""
"https://www.wpdating.com/admin-features/","www.wpdating.com","1","На проверке","Примеры админок","PegKaCje","200","reachable","text/html; charset=UTF-8","https://www.wpdating.com/admin-features/",""
"https://www.zoosk.com","www.zoosk.com","1","Архив (Выполнено)","Список сайтов знакомств","ftSfC62I","403","access_blocked","text/html;charset=utf-8","https://www.zoosk.com/",""
"https://you-date-dist.vercel.app/home.html","you-date-dist.vercel.app","1","Полка (Когда-нибудь)","Заверстать лендинг S","qWEPb34Z","200","reachable","text/html; charset=utf-8","https://you-date-dist.vercel.app/home.html",""
"https://you-date.vercel.app/attention.html","you-date.vercel.app","2","Архив (Выполнено)","Дизайн и функционал сторисов.","0KaDDgWe","200","reachable","text/html; charset=utf-8","https://you-date.vercel.app/attention.html",""
"https://youtu.be/-226VZD06Bc","youtu.be","1","На проверке","ТЗ по тех поддержке на сайте (суппорт)","IRQiN429","200","reachable","text/html; charset=utf-8","https://www.youtube.com/watch?v=-226VZD06Bc&feature=youtu.be",""