area;type;access;http;card;list;labels;place;name;url;cardUrl
"email / уведомления";"другое";"доступ не проверен";"";"Регистрация на сайте rabota.ua";"Информация";"В работе";"описание";"";"https://robota.ua";"https://trello.com/c/lFuqVm1g/64-%D1%80%D0%B5%D0%B3%D0%B8%D1%81%D1%82%D1%80%D0%B0%D1%86%D0%B8%D1%8F-%D0%BD%D0%B0-%D1%81%D0%B0%D0%B9%D1%82%D0%B5-rabotaua"
"дизайн / frontend";"Trello-связь";"внутренняя Trello-связь";"";"Дизайнеры";"Информация";"Done. Testing";"вложение";"Desktop - 2 (4).png";"https://trello.com/1/cards/677a67db7f77cd9b87d3bcc8/attachments/67c4ac1f43350cb83d469b4f/download/Desktop_-_2_(4).png";"https://trello.com/c/ndCJvPF7/49-%D0%B4%D0%B8%D0%B7%D0%B0%D0%B9%D0%BD%D0%B5%D1%80%D1%8B"
"дизайн / frontend";"таблица Google";"открывается";"200";"Карта чатов NEbula / Casual";"Информация";"";"описание";"";"https://docs.google.com/spreadsheets/d/1c6pd-EF_KP3UVB5xkP9P4uSVkRDEqILr/edit?usp=sharing&ouid=112752333312614828791&rtpof=true&sd=true";"https://trello.com/c/6tuZ8sB5/262-%D0%BA%D0%B0%D1%80%D1%82%D0%B0-%D1%87%D0%B0%D1%82%D0%BE%D0%B2-nebula-casual"
"общий источник";"другое";"доступ не проверен";"";"Сохранить лендинг по анализам";"Архив (Выполнено)";"В работе";"описание";"";"http://project11542495.tilda.ws/";"https://trello.com/c/GhCqaXXl/63-%D1%81%D0%BE%D1%85%D1%80%D0%B0%D0%BD%D0%B8%D1%82%D1%8C-%D0%BB%D0%B5%D0%BD%D0%B4%D0%B8%D0%BD%D0%B3-%D0%BF%D0%BE-%D0%B0%D0%BD%D0%B0%D0%BB%D0%B8%D0%B7%D0%B0%D0%BC"
"общий источник";"Trello-связь";"внутренняя Trello-связь";"";"Сохранить лендинг по анализам";"Архив (Выполнено)";"В работе";"вложение";"Blank page.pdf";"https://trello.com/1/cards/6799ebc0d66e4258389f87e8/attachments/6799ebc6f0e59070b1bbf2fe/download/Blank_page.pdf";"https://trello.com/c/GhCqaXXl/63-%D1%81%D0%BE%D1%85%D1%80%D0%B0%D0%BD%D0%B8%D1%82%D1%8C-%D0%BB%D0%B5%D0%BD%D0%B4%D0%B8%D0%BD%D0%B3-%D0%BF%D0%BE-%D0%B0%D0%BD%D0%B0%D0%BB%D0%B8%D0%B7%D0%B0%D0%BC"
"общий источник";"Trello-связь";"внутренняя Trello-связь";"";"Сохранить лендинг по анализам";"Архив (Выполнено)";"В работе";"вложение";"Blank page.htm";"https://trello.com/1/cards/6799ebc0d66e4258389f87e8/attachments/6799ebc78fae1c8a48aa11e1/download/Blank_page.htm";"https://trello.com/c/GhCqaXXl/63-%D1%81%D0%BE%D1%85%D1%80%D0%B0%D0%BD%D0%B8%D1%82%D1%8C-%D0%BB%D0%B5%D0%BD%D0%B4%D0%B8%D0%BD%D0%B3-%D0%BF%D0%BE-%D0%B0%D0%BD%D0%B0%D0%BB%D0%B8%D0%B7%D0%B0%D0%BC"
"общий источник";"Trello-связь";"внутренняя Trello-связь";"";"Сохранить лендинг по анализам";"Архив (Выполнено)";"В работе";"вложение";"Blank page.mhtml";"https://trello.com/1/cards/6799ebc0d66e4258389f87e8/attachments/6799ebc999d5ae076a3ffbfd/download/Blank_page.mhtml";"https://trello.com/c/GhCqaXXl/63-%D1%81%D0%BE%D1%85%D1%80%D0%B0%D0%BD%D0%B8%D1%82%D1%8C-%D0%BB%D0%B5%D0%BD%D0%B4%D0%B8%D0%BD%D0%B3-%D0%BF%D0%BE-%D0%B0%D0%BD%D0%B0%D0%BB%D0%B8%D0%B7%D0%B0%D0%BC"
"общий источник";"Trello-связь";"внутренняя Trello-связь";"";"Сохранить лендинг по анализам";"Архив (Выполнено)";"В работе";"вложение";"Downloaded Web Sites.zip";"https://trello.com/1/cards/6799ebc0d66e4258389f87e8/attachments/67adac3f71130a4027e8650d/download/Downloaded_Web_Sites.zip";"https://trello.com/c/GhCqaXXl/63-%D1%81%D0%BE%D1%85%D1%80%D0%B0%D0%BD%D0%B8%D1%82%D1%8C-%D0%BB%D0%B5%D0%BD%D0%B4%D0%B8%D0%BD%D0%B3-%D0%BF%D0%BE-%D0%B0%D0%BD%D0%B0%D0%BB%D0%B8%D0%B7%D0%B0%D0%BC"
"общий источник";"таблица Google";"нет доступа";"401";"Таблица сравнения сайтов";"Архив (Выполнено)";"В работе";"описание";"";"https://docs.google.com/spreadsheets/d/1ZFIPIBptCEvh1TQdk4iqHWT_x1scM501TF89ZFRu0AE/edit?gid=0#gid=0";"https://trello.com/c/T1FgBdRQ/38-%D1%82%D0%B0%D0%B1%D0%BB%D0%B8%D1%86%D0%B0-%D1%81%D1%80%D0%B0%D0%B2%D0%BD%D0%B5%D0%BD%D0%B8%D1%8F-%D1%81%D0%B0%D0%B9%D1%82%D0%BE%D0%B2"
"общий источник";"Trello-связь";"внутренняя Trello-связь";"";"Оценка функционала сайта RH / Содержанки";"Архив (Выполнено)";"";"вложение";"Оценка функционала сайта.docx";"https://trello.com/1/cards/66f2b3eed3313f5201c31280/attachments/66f2b67f557843692e4b8f9d/download/%D0%9E%D1%86%D0%B5%D0%BD%D0%BA%D0%B0_%D1%84%D1%83%D0%BD%D0%BA%D1%86%D0%B8%D0%BE%D0%BD%D0%B0%D0%BB%D0%B0_%D1%81%D0%B0%D0%B9%D1%82%D0%B0.docx";"https://trello.com/c/ANoE9iaC/8-%D0%BE%D1%86%D0%B5%D0%BD%D0%BA%D0%B0-%D1%84%D1%83%D0%BD%D0%BA%D1%86%D0%B8%D0%BE%D0%BD%D0%B0%D0%BB%D0%B0-%D1%81%D0%B0%D0%B9%D1%82%D0%B0-rh-%D1%81%D0%BE%D0%B4%D0%B5%D1%80%D0%B6%D0%B0%D0%BD%D0%BA%D0%B8"
"общий источник";"Trello-связь";"внутренняя Trello-связь";"";"Подготовить примеры анализов";"Архив (Выполнено)";"В работе";"вложение";"Анализ_и_рекомендации_с_лечением_analysis-med.ru.docx";"https://trello.com/1/cards/67685e9e88f2f2686ccc945b/attachments/67685eb00e3d409e731c8233/download/%D0%90%D0%BD%D0%B0%D0%BB%D0%B8%D0%B7_%D0%B8_%D1%80%D0%B5%D0%BA%D0%BE%D0%BC%D0%B5%D0%BD%D0%B4%D0%B0%D1%86%D0%B8%D0%B8_%D1%81_%D0%BB%D0%B5%D1%87%D0%B5%D0%BD%D0%B8%D0%B5%D0%BC_analysis-med.ru.docx";"https://trello.com/c/ePulr9EY/39-%D0%BF%D0%BE%D0%B4%D0%B3%D0%BE%D1%82%D0%BE%D0%B2%D0%B8%D1%82%D1%8C-%D0%BF%D1%80%D0%B8%D0%BC%D0%B5%D1%80%D1%8B-%D0%B0%D0%BD%D0%B0%D0%BB%D0%B8%D0%B7%D0%BE%D0%B2"
"общий источник";"Trello-связь";"внутренняя Trello-связь";"";"Подготовить примеры анализов";"Архив (Выполнено)";"В работе";"вложение";"Анализ_и_рекомендации_с_лечением_analysis-med.ru-2.docx";"https://trello.com/1/cards/67685e9e88f2f2686ccc945b/attachments/67685eb14b38981bcc4bc9b4/download/%D0%90%D0%BD%D0%B0%D0%BB%D0%B8%D0%B7_%D0%B8_%D1%80%D0%B5%D0%BA%D0%BE%D0%BC%D0%B5%D0%BD%D0%B4%D0%B0%D1%86%D0%B8%D0%B8_%D1%81_%D0%BB%D0%B5%D1%87%D0%B5%D0%BD%D0%B8%D0%B5%D0%BC_analysis-med.ru-2.docx";"https://trello.com/c/ePulr9EY/39-%D0%BF%D0%BE%D0%B4%D0%B3%D0%BE%D1%82%D0%BE%D0%B2%D0%B8%D1%82%D1%8C-%D0%BF%D1%80%D0%B8%D0%BC%D0%B5%D1%80%D1%8B-%D0%B0%D0%BD%D0%B0%D0%BB%D0%B8%D0%B7%D0%BE%D0%B2"
"общий источник";"Trello-связь";"внутренняя Trello-связь";"";"Подготовить примеры анализов";"Архив (Выполнено)";"В работе";"вложение";"Анализ_и_рекомендации_с_лечением_analysis-med.ru-4.docx";"https://trello.com/1/cards/67685e9e88f2f2686ccc945b/attachments/67685eb2b2f0988d85094ea1/download/%D0%90%D0%BD%D0%B0%D0%BB%D0%B8%D0%B7_%D0%B8_%D1%80%D0%B5%D0%BA%D0%BE%D0%BC%D0%B5%D0%BD%D0%B4%D0%B0%D1%86%D0%B8%D0%B8_%D1%81_%D0%BB%D0%B5%D1%87%D0%B5%D0%BD%D0%B8%D0%B5%D0%BC_analysis-med.ru-4.docx";"https://trello.com/c/ePulr9EY/39-%D0%BF%D0%BE%D0%B4%D0%B3%D0%BE%D1%82%D0%BE%D0%B2%D0%B8%D1%82%D1%8C-%D0%BF%D1%80%D0%B8%D0%BC%D0%B5%D1%80%D1%8B-%D0%B0%D0%BD%D0%B0%D0%BB%D0%B8%D0%B7%D0%BE%D0%B2"
"общий источник";"Trello-связь";"внутренняя Trello-связь";"";"Подготовить примеры анализов";"Архив (Выполнено)";"В работе";"вложение";"Анализ_и_рекомендации_с_лечением_analysis-med.ru-3.docx";"https://trello.com/1/cards/67685e9e88f2f2686ccc945b/attachments/67685eb23c5729316c1de0db/download/%D0%90%D0%BD%D0%B0%D0%BB%D0%B8%D0%B7_%D0%B8_%D1%80%D0%B5%D0%BA%D0%BE%D0%BC%D0%B5%D0%BD%D0%B4%D0%B0%D1%86%D0%B8%D0%B8_%D1%81_%D0%BB%D0%B5%D1%87%D0%B5%D0%BD%D0%B8%D0%B5%D0%BC_analysis-med.ru-3.docx";"https://trello.com/c/ePulr9EY/39-%D0%BF%D0%BE%D0%B4%D0%B3%D0%BE%D1%82%D0%BE%D0%B2%D0%B8%D1%82%D1%8C-%D0%BF%D1%80%D0%B8%D0%BC%D0%B5%D1%80%D1%8B-%D0%B0%D0%BD%D0%B0%D0%BB%D0%B8%D0%B7%D0%BE%D0%B2"
"чат / коммуникации";"Trello-связь";"внутренняя Trello-связь";"";"Примеры чат-ботов - Дайвинчик";"Архив (Выполнено)";"В работе";"вложение";"Screenshot_1.png";"https://trello.com/1/cards/6744798adc66b3e08d297744/attachments/67448f6e1e01dd68c06c81d9/download/Screenshot_1.png";"https://trello.com/c/xGDQhKrO/31-%D0%BF%D1%80%D0%B8%D0%BC%D0%B5%D1%80%D1%8B-%D1%87%D0%B0%D1%82-%D0%B1%D0%BE%D1%82%D0%BE%D0%B2-%D0%B4%D0%B0%D0%B9%D0%B2%D0%B8%D0%BD%D1%87%D0%B8%D0%BA"
"чат / коммуникации";"Trello-связь";"внутренняя Trello-связь";"";"Примеры чат-ботов - Дайвинчик";"Архив (Выполнено)";"В работе";"вложение";"Screenshot_2.png";"https://trello.com/1/cards/6744798adc66b3e08d297744/attachments/67448f70a69d8b38cfc10bd7/download/Screenshot_2.png";"https://trello.com/c/xGDQhKrO/31-%D0%BF%D1%80%D0%B8%D0%BC%D0%B5%D1%80%D1%8B-%D1%87%D0%B0%D1%82-%D0%B1%D0%BE%D1%82%D0%BE%D0%B2-%D0%B4%D0%B0%D0%B9%D0%B2%D0%B8%D0%BD%D1%87%D0%B8%D0%BA"
"чат / коммуникации";"Trello-связь";"внутренняя Trello-связь";"";"Примеры чат-ботов - Дайвинчик";"Архив (Выполнено)";"В работе";"вложение";"Screenshot_3.png";"https://trello.com/1/cards/6744798adc66b3e08d297744/attachments/67448f723c08b21569f5662e/download/Screenshot_3.png";"https://trello.com/c/xGDQhKrO/31-%D0%BF%D1%80%D0%B8%D0%BC%D0%B5%D1%80%D1%8B-%D1%87%D0%B0%D1%82-%D0%B1%D0%BE%D1%82%D0%BE%D0%B2-%D0%B4%D0%B0%D0%B9%D0%B2%D0%B8%D0%BD%D1%87%D0%B8%D0%BA"
"чат / коммуникации";"Trello-связь";"внутренняя Trello-связь";"";"Примеры чат-ботов - Дайвинчик";"Архив (Выполнено)";"В работе";"вложение";"Screenshot_4.png";"https://trello.com/1/cards/6744798adc66b3e08d297744/attachments/67448f746f317b308d725fe1/download/Screenshot_4.png";"https://trello.com/c/xGDQhKrO/31-%D0%BF%D1%80%D0%B8%D0%BC%D0%B5%D1%80%D1%8B-%D1%87%D0%B0%D1%82-%D0%B1%D0%BE%D1%82%D0%BE%D0%B2-%D0%B4%D0%B0%D0%B9%D0%B2%D0%B8%D0%BD%D1%87%D0%B8%D0%BA"
"чат / коммуникации";"Trello-связь";"внутренняя Trello-связь";"";"Примеры чат-ботов - Дайвинчик";"Архив (Выполнено)";"В работе";"вложение";"Screenshot_5.png";"https://trello.com/1/cards/6744798adc66b3e08d297744/attachments/67448f76c5c99a3c3fc6f6d7/download/Screenshot_5.png";"https://trello.com/c/xGDQhKrO/31-%D0%BF%D1%80%D0%B8%D0%BC%D0%B5%D1%80%D1%8B-%D1%87%D0%B0%D1%82-%D0%B1%D0%BE%D1%82%D0%BE%D0%B2-%D0%B4%D0%B0%D0%B9%D0%B2%D0%B8%D0%BD%D1%87%D0%B8%D0%BA"
"чат / коммуникации";"Trello-связь";"внутренняя Trello-связь";"";"Примеры чат-ботов - Дайвинчик";"Архив (Выполнено)";"В работе";"вложение";"Screenshot_6.png";"https://trello.com/1/cards/6744798adc66b3e08d297744/attachments/67448f78f977add177f6645d/download/Screenshot_6.png";"https://trello.com/c/xGDQhKrO/31-%D0%BF%D1%80%D0%B8%D0%BC%D0%B5%D1%80%D1%8B-%D1%87%D0%B0%D1%82-%D0%B1%D0%BE%D1%82%D0%BE%D0%B2-%D0%B4%D0%B0%D0%B9%D0%B2%D0%B8%D0%BD%D1%87%D0%B8%D0%BA"
"чат / коммуникации";"Trello-связь";"внутренняя Trello-связь";"";"Примеры чат-ботов - Дайвинчик";"Архив (Выполнено)";"В работе";"вложение";"Screenshot_8.png";"https://trello.com/1/cards/6744798adc66b3e08d297744/attachments/67448f794fa4a647a06f8953/download/Screenshot_8.png";"https://trello.com/c/xGDQhKrO/31-%D0%BF%D1%80%D0%B8%D0%BC%D0%B5%D1%80%D1%8B-%D1%87%D0%B0%D1%82-%D0%B1%D0%BE%D1%82%D0%BE%D0%B2-%D0%B4%D0%B0%D0%B9%D0%B2%D0%B8%D0%BD%D1%87%D0%B8%D0%BA"
"чат / коммуникации";"Trello-связь";"внутренняя Trello-связь";"";"Примеры чат-ботов - Дайвинчик";"Архив (Выполнено)";"В работе";"вложение";"Screenshot_9.png";"https://trello.com/1/cards/6744798adc66b3e08d297744/attachments/67448f7b079614e7aee80aeb/download/Screenshot_9.png";"https://trello.com/c/xGDQhKrO/31-%D0%BF%D1%80%D0%B8%D0%BC%D0%B5%D1%80%D1%8B-%D1%87%D0%B0%D1%82-%D0%B1%D0%BE%D1%82%D0%BE%D0%B2-%D0%B4%D0%B0%D0%B9%D0%B2%D0%B8%D0%BD%D1%87%D0%B8%D0%BA"
"чат / коммуникации";"Trello-связь";"внутренняя Trello-связь";"";"Примеры чат-ботов - Дайвинчик";"Архив (Выполнено)";"В работе";"вложение";"Screenshot_10.png";"https://trello.com/1/cards/6744798adc66b3e08d297744/attachments/67448f7d177ab315b4a9374e/download/Screenshot_10.png";"https://trello.com/c/xGDQhKrO/31-%D0%BF%D1%80%D0%B8%D0%BC%D0%B5%D1%80%D1%8B-%D1%87%D0%B0%D1%82-%D0%B1%D0%BE%D1%82%D0%BE%D0%B2-%D0%B4%D0%B0%D0%B9%D0%B2%D0%B8%D0%BD%D1%87%D0%B8%D0%BA"
"чат / коммуникации";"Trello-связь";"внутренняя Trello-связь";"";"Примеры чат-ботов - Дайвинчик";"Архив (Выполнено)";"В работе";"вложение";"Screenshot_11.png";"https://trello.com/1/cards/6744798adc66b3e08d297744/attachments/67448f7f72388feb2a70d87e/download/Screenshot_11.png";"https://trello.com/c/xGDQhKrO/31-%D0%BF%D1%80%D0%B8%D0%BC%D0%B5%D1%80%D1%8B-%D1%87%D0%B0%D1%82-%D0%B1%D0%BE%D1%82%D0%BE%D0%B2-%D0%B4%D0%B0%D0%B9%D0%B2%D0%B8%D0%BD%D1%87%D0%B8%D0%BA"
"чат / коммуникации";"Trello-связь";"внутренняя Trello-связь";"";"Примеры чат-ботов - Дайвинчик";"Архив (Выполнено)";"В работе";"вложение";"Screenshot_12.png";"https://trello.com/1/cards/6744798adc66b3e08d297744/attachments/67448f82c9c9707fd7cd9c57/download/Screenshot_12.png";"https://trello.com/c/xGDQhKrO/31-%D0%BF%D1%80%D0%B8%D0%BC%D0%B5%D1%80%D1%8B-%D1%87%D0%B0%D1%82-%D0%B1%D0%BE%D1%82%D0%BE%D0%B2-%D0%B4%D0%B0%D0%B9%D0%B2%D0%B8%D0%BD%D1%87%D0%B8%D0%BA"
"чат / коммуникации";"Trello-связь";"внутренняя Trello-связь";"";"Примеры чат-ботов - Дайвинчик";"Архив (Выполнено)";"В работе";"вложение";"Screenshot_13.png";"https://trello.com/1/cards/6744798adc66b3e08d297744/attachments/67448f8375fbb84d1a8db74e/download/Screenshot_13.png";"https://trello.com/c/xGDQhKrO/31-%D0%BF%D1%80%D0%B8%D0%BC%D0%B5%D1%80%D1%8B-%D1%87%D0%B0%D1%82-%D0%B1%D0%BE%D1%82%D0%BE%D0%B2-%D0%B4%D0%B0%D0%B9%D0%B2%D0%B8%D0%BD%D1%87%D0%B8%D0%BA"
"чат / коммуникации";"Trello-связь";"внутренняя Trello-связь";"";"Примеры чат-ботов - Дайвинчик";"Архив (Выполнено)";"В работе";"вложение";"Screenshot_15.png";"https://trello.com/1/cards/6744798adc66b3e08d297744/attachments/67448f85fbb00d565c23dee5/download/Screenshot_15.png";"https://trello.com/c/xGDQhKrO/31-%D0%BF%D1%80%D0%B8%D0%BC%D0%B5%D1%80%D1%8B-%D1%87%D0%B0%D1%82-%D0%B1%D0%BE%D1%82%D0%BE%D0%B2-%D0%B4%D0%B0%D0%B9%D0%B2%D0%B8%D0%BD%D1%87%D0%B8%D0%BA"
"чат / коммуникации";"Trello-связь";"внутренняя Trello-связь";"";"Примеры чат-ботов - Дайвинчик";"Архив (Выполнено)";"В работе";"вложение";"Screenshot_16.png";"https://trello.com/1/cards/6744798adc66b3e08d297744/attachments/67448f87afef5851f6648590/download/Screenshot_16.png";"https://trello.com/c/xGDQhKrO/31-%D0%BF%D1%80%D0%B8%D0%BC%D0%B5%D1%80%D1%8B-%D1%87%D0%B0%D1%82-%D0%B1%D0%BE%D1%82%D0%BE%D0%B2-%D0%B4%D0%B0%D0%B9%D0%B2%D0%B8%D0%BD%D1%87%D0%B8%D0%BA"
"чат / коммуникации";"Trello-связь";"внутренняя Trello-связь";"";"Примеры чат-ботов - Дайвинчик";"Архив (Выполнено)";"В работе";"вложение";"Screenshot_17.png";"https://trello.com/1/cards/6744798adc66b3e08d297744/attachments/67448f89f9b230ea9edb7539/download/Screenshot_17.png";"https://trello.com/c/xGDQhKrO/31-%D0%BF%D1%80%D0%B8%D0%BC%D0%B5%D1%80%D1%8B-%D1%87%D0%B0%D1%82-%D0%B1%D0%BE%D1%82%D0%BE%D0%B2-%D0%B4%D0%B0%D0%B9%D0%B2%D0%B8%D0%BD%D1%87%D0%B8%D0%BA"
"чат / коммуникации";"Trello-связь";"внутренняя Trello-связь";"";"Примеры чат-ботов - Дайвинчик";"Архив (Выполнено)";"В работе";"вложение";"Screenshot_18.png";"https://trello.com/1/cards/6744798adc66b3e08d297744/attachments/67448f8bdd38338fca0d2eb0/download/Screenshot_18.png";"https://trello.com/c/xGDQhKrO/31-%D0%BF%D1%80%D0%B8%D0%BC%D0%B5%D1%80%D1%8B-%D1%87%D0%B0%D1%82-%D0%B1%D0%BE%D1%82%D0%BE%D0%B2-%D0%B4%D0%B0%D0%B9%D0%B2%D0%B8%D0%BD%D1%87%D0%B8%D0%BA"
"чат / коммуникации";"Trello-связь";"внутренняя Trello-связь";"";"Примеры чат-ботов - Дайвинчик";"Архив (Выполнено)";"В работе";"вложение";"Screenshot_19.png";"https://trello.com/1/cards/6744798adc66b3e08d297744/attachments/67448f8ec72b61825f3e44a4/download/Screenshot_19.png";"https://trello.com/c/xGDQhKrO/31-%D0%BF%D1%80%D0%B8%D0%BC%D0%B5%D1%80%D1%8B-%D1%87%D0%B0%D1%82-%D0%B1%D0%BE%D1%82%D0%BE%D0%B2-%D0%B4%D0%B0%D0%B9%D0%B2%D0%B8%D0%BD%D1%87%D0%B8%D0%BA"
"чат / коммуникации";"Trello-связь";"внутренняя Trello-связь";"";"Примеры чат-ботов - Дайвинчик";"Архив (Выполнено)";"В работе";"вложение";"Screenshot_20.png";"https://trello.com/1/cards/6744798adc66b3e08d297744/attachments/67448f901efcacbccceb2a9b/download/Screenshot_20.png";"https://trello.com/c/xGDQhKrO/31-%D0%BF%D1%80%D0%B8%D0%BC%D0%B5%D1%80%D1%8B-%D1%87%D0%B0%D1%82-%D0%B1%D0%BE%D1%82%D0%BE%D0%B2-%D0%B4%D0%B0%D0%B9%D0%B2%D0%B8%D0%BD%D1%87%D0%B8%D0%BA"
"общий источник";"Trello-связь";"внутренняя Trello-связь";"";"ТЗ по сайду содержанок (для обсуждения и корректировок)";"Архив (Выполнено)";"Done. Testing";"вложение";"Оценка функционала сайта.docx";"https://trello.com/1/cards/670677a3b211430c1151b2d1/attachments/67336c1e53d4d37d007ea397/download/%D0%9E%D1%86%D0%B5%D0%BD%D0%BA%D0%B0_%D1%84%D1%83%D0%BD%D0%BA%D1%86%D0%B8%D0%BE%D0%BD%D0%B0%D0%BB%D0%B0_%D1%81%D0%B0%D0%B9%D1%82%D0%B0.docx";"https://trello.com/c/PXhFYUGF/13-%D1%82%D0%B7-%D0%BF%D0%BE-%D1%81%D0%B0%D0%B9%D0%B4%D1%83-%D1%81%D0%BE%D0%B4%D0%B5%D1%80%D0%B6%D0%B0%D0%BD%D0%BE%D0%BA-%D0%B4%D0%BB%D1%8F-%D0%BE%D0%B1%D1%81%D1%83%D0%B6%D0%B4%D0%B5%D0%BD%D0%B8%D1%8F-%D0%B8-%D0%BA%D0%BE%D1%80%D1%80%D0%B5%D0%BA%D1%82%D0%B8%D1%80%D0%BE%D0%B2%D0%BE%D0%BA"
"общий источник";"Trello-связь";"внутренняя Trello-связь";"";"ТЗ по сайду содержанок (для обсуждения и корректировок)";"Архив (Выполнено)";"Done. Testing";"вложение";"Драфт содержанки.docx";"https://trello.com/1/cards/670677a3b211430c1151b2d1/attachments/673b1c6bad900568cf6bfe1e/download/%D0%94%D1%80%D0%B0%D1%84%D1%82_%D1%81%D0%BE%D0%B4%D0%B5%D1%80%D0%B6%D0%B0%D0%BD%D0%BA%D0%B8.docx";"https://trello.com/c/PXhFYUGF/13-%D1%82%D0%B7-%D0%BF%D0%BE-%D1%81%D0%B0%D0%B9%D0%B4%D1%83-%D1%81%D0%BE%D0%B4%D0%B5%D1%80%D0%B6%D0%B0%D0%BD%D0%BE%D0%BA-%D0%B4%D0%BB%D1%8F-%D0%BE%D0%B1%D1%81%D1%83%D0%B6%D0%B4%D0%B5%D0%BD%D0%B8%D1%8F-%D0%B8-%D0%BA%D0%BE%D1%80%D1%80%D0%B5%D0%BA%D1%82%D0%B8%D1%80%D0%BE%D0%B2%D0%BE%D0%BA"
"чат / коммуникации";"Trello-связь";"внутренняя Trello-связь";"";"Примеры чат-ботов - XO";"Архив (Выполнено)";"В работе";"вложение";"Screenshot_1.png";"https://trello.com/1/cards/67448fcba9ca1218edfe13cd/attachments/67448fd65662115320a47836/download/Screenshot_1.png";"https://trello.com/c/6jtQYeGI/33-%D0%BF%D1%80%D0%B8%D0%BC%D0%B5%D1%80%D1%8B-%D1%87%D0%B0%D1%82-%D0%B1%D0%BE%D1%82%D0%BE%D0%B2-xo"
"чат / коммуникации";"Trello-связь";"внутренняя Trello-связь";"";"Примеры чат-ботов - XO";"Архив (Выполнено)";"В работе";"вложение";"Screenshot_2.png";"https://trello.com/1/cards/67448fcba9ca1218edfe13cd/attachments/67448fd807206ed4b621f256/download/Screenshot_2.png";"https://trello.com/c/6jtQYeGI/33-%D0%BF%D1%80%D0%B8%D0%BC%D0%B5%D1%80%D1%8B-%D1%87%D0%B0%D1%82-%D0%B1%D0%BE%D1%82%D0%BE%D0%B2-xo"
"чат / коммуникации";"Trello-связь";"внутренняя Trello-связь";"";"Примеры чат-ботов - XO";"Архив (Выполнено)";"В работе";"вложение";"Screenshot_3.png";"https://trello.com/1/cards/67448fcba9ca1218edfe13cd/attachments/67448fd950339aa08910b25b/download/Screenshot_3.png";"https://trello.com/c/6jtQYeGI/33-%D0%BF%D1%80%D0%B8%D0%BC%D0%B5%D1%80%D1%8B-%D1%87%D0%B0%D1%82-%D0%B1%D0%BE%D1%82%D0%BE%D0%B2-xo"
"чат / коммуникации";"Trello-связь";"внутренняя Trello-связь";"";"Примеры чат-ботов - XO";"Архив (Выполнено)";"В работе";"вложение";"Screenshot_4.png";"https://trello.com/1/cards/67448fcba9ca1218edfe13cd/attachments/67448fdb7421f3772734271d/download/Screenshot_4.png";"https://trello.com/c/6jtQYeGI/33-%D0%BF%D1%80%D0%B8%D0%BC%D0%B5%D1%80%D1%8B-%D1%87%D0%B0%D1%82-%D0%B1%D0%BE%D1%82%D0%BE%D0%B2-xo"
"чат / коммуникации";"Trello-связь";"внутренняя Trello-связь";"";"Примеры чат-ботов - XO";"Архив (Выполнено)";"В работе";"вложение";"Screenshot_5.png";"https://trello.com/1/cards/67448fcba9ca1218edfe13cd/attachments/67448fdc64619c0d9e1a618a/download/Screenshot_5.png";"https://trello.com/c/6jtQYeGI/33-%D0%BF%D1%80%D0%B8%D0%BC%D0%B5%D1%80%D1%8B-%D1%87%D0%B0%D1%82-%D0%B1%D0%BE%D1%82%D0%BE%D0%B2-xo"
"чат / коммуникации";"Trello-связь";"внутренняя Trello-связь";"";"Примеры чат-ботов - XO";"Архив (Выполнено)";"В работе";"вложение";"Screenshot_6.png";"https://trello.com/1/cards/67448fcba9ca1218edfe13cd/attachments/67448fde06815f8e4c047b55/download/Screenshot_6.png";"https://trello.com/c/6jtQYeGI/33-%D0%BF%D1%80%D0%B8%D0%BC%D0%B5%D1%80%D1%8B-%D1%87%D0%B0%D1%82-%D0%B1%D0%BE%D1%82%D0%BE%D0%B2-xo"
"чат / коммуникации";"Trello-связь";"внутренняя Trello-связь";"";"Примеры чат-ботов - XO";"Архив (Выполнено)";"В работе";"вложение";"Screenshot_7.png";"https://trello.com/1/cards/67448fcba9ca1218edfe13cd/attachments/67448fe01dded32aae9373a9/download/Screenshot_7.png";"https://trello.com/c/6jtQYeGI/33-%D0%BF%D1%80%D0%B8%D0%BC%D0%B5%D1%80%D1%8B-%D1%87%D0%B0%D1%82-%D0%B1%D0%BE%D1%82%D0%BE%D0%B2-xo"
"чат / коммуникации";"Trello-связь";"внутренняя Trello-связь";"";"Примеры чат-ботов - XO";"Архив (Выполнено)";"В работе";"вложение";"Screenshot_8.png";"https://trello.com/1/cards/67448fcba9ca1218edfe13cd/attachments/67448fe2d79b390bf17bf69d/download/Screenshot_8.png";"https://trello.com/c/6jtQYeGI/33-%D0%BF%D1%80%D0%B8%D0%BC%D0%B5%D1%80%D1%8B-%D1%87%D0%B0%D1%82-%D0%B1%D0%BE%D1%82%D0%BE%D0%B2-xo"
"чат / коммуникации";"Trello-связь";"внутренняя Trello-связь";"";"Примеры чат-ботов - XO";"Архив (Выполнено)";"В работе";"вложение";"Screenshot_9.png";"https://trello.com/1/cards/67448fcba9ca1218edfe13cd/attachments/67448fe4ff52413b2790c292/download/Screenshot_9.png";"https://trello.com/c/6jtQYeGI/33-%D0%BF%D1%80%D0%B8%D0%BC%D0%B5%D1%80%D1%8B-%D1%87%D0%B0%D1%82-%D0%B1%D0%BE%D1%82%D0%BE%D0%B2-xo"
"чат / коммуникации";"Trello-связь";"внутренняя Trello-связь";"";"Примеры чат-ботов - XO";"Архив (Выполнено)";"В работе";"вложение";"Screenshot_10.png";"https://trello.com/1/cards/67448fcba9ca1218edfe13cd/attachments/67448fe69a84c919731427d4/download/Screenshot_10.png";"https://trello.com/c/6jtQYeGI/33-%D0%BF%D1%80%D0%B8%D0%BC%D0%B5%D1%80%D1%8B-%D1%87%D0%B0%D1%82-%D0%B1%D0%BE%D1%82%D0%BE%D0%B2-xo"
"чат / коммуникации";"Trello-связь";"внутренняя Trello-связь";"";"Примеры чат-ботов - XO";"Архив (Выполнено)";"В работе";"вложение";"Screenshot_11.png";"https://trello.com/1/cards/67448fcba9ca1218edfe13cd/attachments/67448fe73f0ec2d39bac4679/download/Screenshot_11.png";"https://trello.com/c/6jtQYeGI/33-%D0%BF%D1%80%D0%B8%D0%BC%D0%B5%D1%80%D1%8B-%D1%87%D0%B0%D1%82-%D0%B1%D0%BE%D1%82%D0%BE%D0%B2-xo"
"чат / коммуникации";"Trello-связь";"внутренняя Trello-связь";"";"Примеры чат-ботов - XO";"Архив (Выполнено)";"В работе";"вложение";"Screenshot_12.png";"https://trello.com/1/cards/67448fcba9ca1218edfe13cd/attachments/67448fea129c1999661c2585/download/Screenshot_12.png";"https://trello.com/c/6jtQYeGI/33-%D0%BF%D1%80%D0%B8%D0%BC%D0%B5%D1%80%D1%8B-%D1%87%D0%B0%D1%82-%D0%B1%D0%BE%D1%82%D0%BE%D0%B2-xo"
"чат / коммуникации";"Trello-связь";"внутренняя Trello-связь";"";"Примеры чат-ботов - XO";"Архив (Выполнено)";"В работе";"вложение";"Screenshot_13.png";"https://trello.com/1/cards/67448fcba9ca1218edfe13cd/attachments/67448febfed96e4902208f7d/download/Screenshot_13.png";"https://trello.com/c/6jtQYeGI/33-%D0%BF%D1%80%D0%B8%D0%BC%D0%B5%D1%80%D1%8B-%D1%87%D0%B0%D1%82-%D0%B1%D0%BE%D1%82%D0%BE%D0%B2-xo"
"чат / коммуникации";"Trello-связь";"внутренняя Trello-связь";"";"Примеры чат-ботов - XO";"Архив (Выполнено)";"В работе";"вложение";"Screenshot_14.png";"https://trello.com/1/cards/67448fcba9ca1218edfe13cd/attachments/67448fed25e3e0e39836cbef/download/Screenshot_14.png";"https://trello.com/c/6jtQYeGI/33-%D0%BF%D1%80%D0%B8%D0%BC%D0%B5%D1%80%D1%8B-%D1%87%D0%B0%D1%82-%D0%B1%D0%BE%D1%82%D0%BE%D0%B2-xo"
"чат / коммуникации";"Trello-связь";"внутренняя Trello-связь";"";"Примеры чат-ботов - XO";"Архив (Выполнено)";"В работе";"вложение";"Screenshot_15.png";"https://trello.com/1/cards/67448fcba9ca1218edfe13cd/attachments/67448fefd79b390bf17c1920/download/Screenshot_15.png";"https://trello.com/c/6jtQYeGI/33-%D0%BF%D1%80%D0%B8%D0%BC%D0%B5%D1%80%D1%8B-%D1%87%D0%B0%D1%82-%D0%B1%D0%BE%D1%82%D0%BE%D0%B2-xo"
"чат / коммуникации";"Trello-связь";"внутренняя Trello-связь";"";"Примеры чат-ботов - XO";"Архив (Выполнено)";"В работе";"вложение";"Screenshot_16.png";"https://trello.com/1/cards/67448fcba9ca1218edfe13cd/attachments/67448ff1f89d61f01fd68515/download/Screenshot_16.png";"https://trello.com/c/6jtQYeGI/33-%D0%BF%D1%80%D0%B8%D0%BC%D0%B5%D1%80%D1%8B-%D1%87%D0%B0%D1%82-%D0%B1%D0%BE%D1%82%D0%BE%D0%B2-xo"
"чат / коммуникации";"Trello-связь";"внутренняя Trello-связь";"";"Примеры чат-ботов - XO";"Архив (Выполнено)";"В работе";"вложение";"Screenshot_17.png";"https://trello.com/1/cards/67448fcba9ca1218edfe13cd/attachments/67448ff24c54a231c72f4419/download/Screenshot_17.png";"https://trello.com/c/6jtQYeGI/33-%D0%BF%D1%80%D0%B8%D0%BC%D0%B5%D1%80%D1%8B-%D1%87%D0%B0%D1%82-%D0%B1%D0%BE%D1%82%D0%BE%D0%B2-xo"
"чат / коммуникации";"Trello-связь";"внутренняя Trello-связь";"";"Примеры чат-ботов - XO";"Архив (Выполнено)";"В работе";"вложение";"Screenshot_18.png";"https://trello.com/1/cards/67448fcba9ca1218edfe13cd/attachments/67448ff41c182bf929be3d1a/download/Screenshot_18.png";"https://trello.com/c/6jtQYeGI/33-%D0%BF%D1%80%D0%B8%D0%BC%D0%B5%D1%80%D1%8B-%D1%87%D0%B0%D1%82-%D0%B1%D0%BE%D1%82%D0%BE%D0%B2-xo"
"чат / коммуникации";"Trello-связь";"внутренняя Trello-связь";"";"Примеры чат-ботов - XO";"Архив (Выполнено)";"В работе";"вложение";"Screenshot_21.png";"https://trello.com/1/cards/67448fcba9ca1218edfe13cd/attachments/67448ff6cd595307c7f04776/download/Screenshot_21.png";"https://trello.com/c/6jtQYeGI/33-%D0%BF%D1%80%D0%B8%D0%BC%D0%B5%D1%80%D1%8B-%D1%87%D0%B0%D1%82-%D0%B1%D0%BE%D1%82%D0%BE%D0%B2-xo"
"общий источник";"Google Drive";"открывается";"200";"Тестовая среда для прогера по yii2";"Архив (Выполнено)";"";"описание";"";"https://drive.google.com/file/d/1AS65cywsSVxwhy4Lt8-9Ks7YFqnWrEvu/view?usp=drive_link";"https://trello.com/c/FmvNeaOx/40-%D1%82%D0%B5%D1%81%D1%82%D0%BE%D0%B2%D0%B0%D1%8F-%D1%81%D1%80%D0%B5%D0%B4%D0%B0-%D0%B4%D0%BB%D1%8F-%D0%BF%D1%80%D0%BE%D0%B3%D0%B5%D1%80%D0%B0-%D0%BF%D0%BE-yii2"
"общий источник";"Trello-связь";"внутренняя Trello-связь";"";"Отрисовать недостающие страницы для H";"Архив (Выполнено)";"";"вложение";"https://trello.com/c/J9hGbu0m/58-%D1%82%D0%B7-%D0%B4%D0%BB%D1%8F-%D0%B4%D0%BE%D1%80%D0%B0%D0%B1%D0%BE%D1%82%D0%BE%D0%BA-%D1%88%D0%B0%D0%B1%D0%BB%D0%BE%D0%BD%D0%B0-h";"https://trello.com/c/J9hGbu0m/58-%D1%82%D0%B7-%D0%B4%D0%BB%D1%8F-%D0%B4%D0%BE%D1%80%D0%B0%D0%B1%D0%BE%D1%82%D0%BE%D0%BA-%D1%88%D0%B0%D0%B1%D0%BB%D0%BE%D0%BD%D0%B0-h";"https://trello.com/c/MhIzJjxS/59-%D0%BE%D1%82%D1%80%D0%B8%D1%81%D0%BE%D0%B2%D0%B0%D1%82%D1%8C-%D0%BD%D0%B5%D0%B4%D0%BE%D1%81%D1%82%D0%B0%D1%8E%D1%89%D0%B8%D0%B5-%D1%81%D1%82%D1%80%D0%B0%D0%BD%D0%B8%D1%86%D1%8B-%D0%B4%D0%BB%D1%8F-h"
"чат / коммуникации";"Trello-связь";"внутренняя Trello-связь";"";"Найти программиста для Бота";"Архив (Выполнено)";"";"вложение";"Драфт ТЗ чат-боту RH.docx";"https://trello.com/1/cards/670e62224052802a487bc11c/attachments/673b1cae29d8987f510543f0/download/%D0%94%D1%80%D0%B0%D1%84%D1%82_%D0%A2%D0%97_%D1%87%D0%B0%D1%82-%D0%B1%D0%BE%D1%82%D1%83_RH.docx";"https://trello.com/c/uLKDQRWY/16-%D0%BD%D0%B0%D0%B9%D1%82%D0%B8-%D0%BF%D1%80%D0%BE%D0%B3%D1%80%D0%B0%D0%BC%D0%BC%D0%B8%D1%81%D1%82%D0%B0-%D0%B4%D0%BB%D1%8F-%D0%B1%D0%BE%D1%82%D0%B0"
"общий источник";"Trello-связь";"внутренняя Trello-связь";"";"Найти программиста для Бота";"Архив (Выполнено)";"";"вложение";"Драфт тг-бот RH для партнеров.docx";"https://trello.com/1/cards/670e62224052802a487bc11c/attachments/673b63a2aa1100c9395669dd/download/%D0%94%D1%80%D0%B0%D1%84%D1%82_%D1%82%D0%B3-%D0%B1%D0%BE%D1%82_RH_%D0%B4%D0%BB%D1%8F_%D0%BF%D0%B0%D1%80%D1%82%D0%BD%D0%B5%D1%80%D0%BE%D0%B2.docx";"https://trello.com/c/uLKDQRWY/16-%D0%BD%D0%B0%D0%B9%D1%82%D0%B8-%D0%BF%D1%80%D0%BE%D0%B3%D1%80%D0%B0%D0%BC%D0%BC%D0%B8%D1%81%D1%82%D0%B0-%D0%B4%D0%BB%D1%8F-%D0%B1%D0%BE%D1%82%D0%B0"
"общий источник";"Trello-связь";"внутренняя Trello-связь";"";"Найти программиста для Бота";"Архив (Выполнено)";"";"вложение";"Гайд по Zodier.pdf";"https://trello.com/1/cards/670e62224052802a487bc11c/attachments/673e0d8b6ff8edadf36917d5/download/%D0%93%D0%B0%D0%B9%D0%B4_%D0%BF%D0%BE_Zodier.pdf";"https://trello.com/c/uLKDQRWY/16-%D0%BD%D0%B0%D0%B9%D1%82%D0%B8-%D0%BF%D1%80%D0%BE%D0%B3%D1%80%D0%B0%D0%BC%D0%BC%D0%B8%D1%81%D1%82%D0%B0-%D0%B4%D0%BB%D1%8F-%D0%B1%D0%BE%D1%82%D0%B0"
"чат / коммуникации";"Trello-связь";"внутренняя Trello-связь";"";"Прототип чат-бота";"Архив (Выполнено)";"";"вложение";"Прототип чат-бота H — полный функционал.xlsx";"https://trello.com/1/cards/673cb7174c261070345a28f1/attachments/67ed1a1f0117c828e9788a66/download/%D0%9F%D1%80%D0%BE%D1%82%D0%BE%D1%82%D0%B8%D0%BF_%D1%87%D0%B0%D1%82-%D0%B1%D0%BE%D1%82%D0%B0_H_%E2%80%94_%D0%BF%D0%BE%D0%BB%D0%BD%D1%8B%D0%B9_%D1%84%D1%83%D0%BD%D0%BA%D1%86%D0%B8%D0%BE%D0%BD%D0%B0%D0%BB.xlsx";"https://trello.com/c/sQE044pT/27-%D0%BF%D1%80%D0%BE%D1%82%D0%BE%D1%82%D0%B8%D0%BF-%D1%87%D0%B0%D1%82-%D0%B1%D0%BE%D1%82%D0%B0"
"общий источник";"таблица Google";"открывается";"200";"Небула. Подготовительный этап";"Архив (Выполнено)";"";"описание";"";"https://docs.google.com/spreadsheets/d/1bT41K4o6ttgIIiYYLw5PeFDxUdgDIKHyDy5BD-raiDs/edit?usp=sharing";"https://trello.com/c/T5o0gWEu/70-%D0%BD%D0%B5%D0%B1%D1%83%D0%BB%D0%B0-%D0%BF%D0%BE%D0%B4%D0%B3%D0%BE%D1%82%D0%BE%D0%B2%D0%B8%D1%82%D0%B5%D0%BB%D1%8C%D0%BD%D1%8B%D0%B9-%D1%8D%D1%82%D0%B0%D0%BF"
"дизайн / frontend";"Trello-связь";"внутренняя Trello-связь";"";"Работа с дизайнером по страницам H";"Архив (Выполнено)";"";"вложение";"image.png";"https://trello.com/1/cards/67ed1addbbbde499fadc61b7/attachments/681329b542991cc22ade50a8/download/image.png";"https://trello.com/c/SbEOcTaR/90-%D1%80%D0%B0%D0%B1%D0%BE%D1%82%D0%B0-%D1%81-%D0%B4%D0%B8%D0%B7%D0%B0%D0%B9%D0%BD%D0%B5%D1%80%D0%BE%D0%BC-%D0%BF%D0%BE-%D1%81%D1%82%D1%80%D0%B0%D0%BD%D0%B8%D1%86%D0%B0%D0%BC-h"
"дизайн / frontend";"Trello-связь";"внутренняя Trello-связь";"";"Работа с дизайнером по страницам H";"Архив (Выполнено)";"";"вложение";"image.png";"https://trello.com/1/cards/67ed1addbbbde499fadc61b7/attachments/68132a5eb84113c9e7d6b4dc/download/image.png";"https://trello.com/c/SbEOcTaR/90-%D1%80%D0%B0%D0%B1%D0%BE%D1%82%D0%B0-%D1%81-%D0%B4%D0%B8%D0%B7%D0%B0%D0%B9%D0%BD%D0%B5%D1%80%D0%BE%D0%BC-%D0%BF%D0%BE-%D1%81%D1%82%D1%80%D0%B0%D0%BD%D0%B8%D1%86%D0%B0%D0%BC-h"
"документы / legal";"Trello-связь";"внутренняя Trello-связь";"";"Описать главную страницу для S";"Архив (Выполнено)";"";"вложение";"image.png";"https://trello.com/1/cards/67c5c216ac19053ec08e972e/attachments/67eb684a2efc8ab157aa9080/download/image.png";"https://trello.com/c/tjpYVtrk/89-%D0%BE%D0%BF%D0%B8%D1%81%D0%B0%D1%82%D1%8C-%D0%B3%D0%BB%D0%B0%D0%B2%D0%BD%D1%83%D1%8E-%D1%81%D1%82%D1%80%D0%B0%D0%BD%D0%B8%D1%86%D1%83-%D0%B4%D0%BB%D1%8F-s"
"общий источник";"другое";"доступ не проверен";"";"Выбрать одну из 3-х страниц шаблона";"Архив (Выполнено)";"";"описание";"";"https://demo.templatemonster.com/ru/demo/389106.html";"https://trello.com/c/rqQ7rxIP/95-%D0%B2%D1%8B%D0%B1%D1%80%D0%B0%D1%82%D1%8C-%D0%BE%D0%B4%D0%BD%D1%83-%D0%B8%D0%B7-3-%D1%85-%D1%81%D1%82%D1%80%D0%B0%D0%BD%D0%B8%D1%86-%D1%88%D0%B0%D0%B1%D0%BB%D0%BE%D0%BD%D0%B0"
"общий источник";"другое";"доступ не проверен";"";"Выбрать одну из 3-х страниц шаблона";"Архив (Выполнено)";"";"описание";"";"https://prnt.sc/cC21XVUbPq8l";"https://trello.com/c/rqQ7rxIP/95-%D0%B2%D1%8B%D0%B1%D1%80%D0%B0%D1%82%D1%8C-%D0%BE%D0%B4%D0%BD%D1%83-%D0%B8%D0%B7-3-%D1%85-%D1%81%D1%82%D1%80%D0%B0%D0%BD%D0%B8%D1%86-%D1%88%D0%B0%D0%B1%D0%BB%D0%BE%D0%BD%D0%B0"
"общий источник";"другое";"доступ не проверен";"";"Выбрать одну из 3-х страниц шаблона";"Архив (Выполнено)";"";"описание";"";"https://prnt.sc/MN7UoK3buEkM";"https://trello.com/c/rqQ7rxIP/95-%D0%B2%D1%8B%D0%B1%D1%80%D0%B0%D1%82%D1%8C-%D0%BE%D0%B4%D0%BD%D1%83-%D0%B8%D0%B7-3-%D1%85-%D1%81%D1%82%D1%80%D0%B0%D0%BD%D0%B8%D1%86-%D1%88%D0%B0%D0%B1%D0%BB%D0%BE%D0%BD%D0%B0"
"общий источник";"другое";"доступ не проверен";"";"Выбрать одну из 3-х страниц шаблона";"Архив (Выполнено)";"";"описание";"";"https://prnt.sc/_JfVS7aSyYtm";"https://trello.com/c/rqQ7rxIP/95-%D0%B2%D1%8B%D0%B1%D1%80%D0%B0%D1%82%D1%8C-%D0%BE%D0%B4%D0%BD%D1%83-%D0%B8%D0%B7-3-%D1%85-%D1%81%D1%82%D1%80%D0%B0%D0%BD%D0%B8%D1%86-%D1%88%D0%B0%D0%B1%D0%BB%D0%BE%D0%BD%D0%B0"
"обучение / эксперты";"другое";"доступ не проверен";"";"Платная консультация по эзотерике (как клиент)";"Архив (Выполнено)";"";"описание";"";"https://www.kasamba.com/";"https://trello.com/c/1jG8Hv4M/98-%D0%BF%D0%BB%D0%B0%D1%82%D0%BD%D0%B0%D1%8F-%D0%BA%D0%BE%D0%BD%D1%81%D1%83%D0%BB%D1%8C%D1%82%D0%B0%D1%86%D0%B8%D1%8F-%D0%BF%D0%BE-%D1%8D%D0%B7%D0%BE%D1%82%D0%B5%D1%80%D0%B8%D0%BA%D0%B5-%D0%BA%D0%B0%D0%BA-%D0%BA%D0%BB%D0%B8%D0%B5%D0%BD%D1%82"
"обучение / эксперты";"другое";"доступ не проверен";"";"Платная консультация по эзотерике (как клиент)";"Архив (Выполнено)";"";"описание";"";"https://www.purplegarden.co/";"https://trello.com/c/1jG8Hv4M/98-%D0%BF%D0%BB%D0%B0%D1%82%D0%BD%D0%B0%D1%8F-%D0%BA%D0%BE%D0%BD%D1%81%D1%83%D0%BB%D1%8C%D1%82%D0%B0%D1%86%D0%B8%D1%8F-%D0%BF%D0%BE-%D1%8D%D0%B7%D0%BE%D1%82%D0%B5%D1%80%D0%B8%D0%BA%D0%B5-%D0%BA%D0%B0%D0%BA-%D0%BA%D0%BB%D0%B8%D0%B5%D0%BD%D1%82"
"обучение / эксперты";"другое";"доступ не проверен";"";"Платная консультация по эзотерике (как клиент)";"Архив (Выполнено)";"";"описание";"";"https://asknebula.com/";"https://trello.com/c/1jG8Hv4M/98-%D0%BF%D0%BB%D0%B0%D1%82%D0%BD%D0%B0%D1%8F-%D0%BA%D0%BE%D0%BD%D1%81%D1%83%D0%BB%D1%8C%D1%82%D0%B0%D1%86%D0%B8%D1%8F-%D0%BF%D0%BE-%D1%8D%D0%B7%D0%BE%D1%82%D0%B5%D1%80%D0%B8%D0%BA%D0%B5-%D0%BA%D0%B0%D0%BA-%D0%BA%D0%BB%D0%B8%D0%B5%D0%BD%D1%82"
"обучение / эксперты";"Trello-связь";"внутренняя Trello-связь";"";"Платная консультация по эзотерике (как клиент)";"Архив (Выполнено)";"";"вложение";"image_2025-04-11_19-34-09 (1).png";"https://trello.com/1/cards/67ed1bdd5a516ef8a40787cf/attachments/6818ba0a07cd7052a1b38dfa/download/image_2025-04-11_19-34-09_(1).png";"https://trello.com/c/1jG8Hv4M/98-%D0%BF%D0%BB%D0%B0%D1%82%D0%BD%D0%B0%D1%8F-%D0%BA%D0%BE%D0%BD%D1%81%D1%83%D0%BB%D1%8C%D1%82%D0%B0%D1%86%D0%B8%D1%8F-%D0%BF%D0%BE-%D1%8D%D0%B7%D0%BE%D1%82%D0%B5%D1%80%D0%B8%D0%BA%D0%B5-%D0%BA%D0%B0%D0%BA-%D0%BA%D0%BB%D0%B8%D0%B5%D0%BD%D1%82"
"обучение / эксперты";"Trello-связь";"внутренняя Trello-связь";"";"Платная консультация по эзотерике (как клиент)";"Архив (Выполнено)";"";"вложение";"image_2025-04-11_19-34-25.png";"https://trello.com/1/cards/67ed1bdd5a516ef8a40787cf/attachments/6818ba0ee9e310298095c464/download/image_2025-04-11_19-34-25.png";"https://trello.com/c/1jG8Hv4M/98-%D0%BF%D0%BB%D0%B0%D1%82%D0%BD%D0%B0%D1%8F-%D0%BA%D0%BE%D0%BD%D1%81%D1%83%D0%BB%D1%8C%D1%82%D0%B0%D1%86%D0%B8%D1%8F-%D0%BF%D0%BE-%D1%8D%D0%B7%D0%BE%D1%82%D0%B5%D1%80%D0%B8%D0%BA%D0%B5-%D0%BA%D0%B0%D0%BA-%D0%BA%D0%BB%D0%B8%D0%B5%D0%BD%D1%82"
"обучение / эксперты";"Trello-связь";"внутренняя Trello-связь";"";"Адаптация обучающего материала от Nebula";"Архив (Выполнено)";"";"вложение";"Урок 2. Структура и составляющие чата.pptx";"https://trello.com/1/cards/67ed1ba362273e91b81d6777/attachments/680f6506917ddaad1ffeb557/download/%D0%A3%D1%80%D0%BE%D0%BA_2._%D0%A1%D1%82%D1%80%D1%83%D0%BA%D1%82%D1%83%D1%80%D0%B0_%D0%B8_%D1%81%D0%BE%D1%81%D1%82%D0%B0%D0%B2%D0%BB%D1%8F%D1%8E%D1%89%D0%B8%D0%B5_%D1%87%D0%B0%D1%82%D0%B0.pptx";"https://trello.com/c/Z3gdn6rU/97-%D0%B0%D0%B4%D0%B0%D0%BF%D1%82%D0%B0%D1%86%D0%B8%D1%8F-%D0%BE%D0%B1%D1%83%D1%87%D0%B0%D1%8E%D1%89%D0%B5%D0%B3%D0%BE-%D0%BC%D0%B0%D1%82%D0%B5%D1%80%D0%B8%D0%B0%D0%BB%D0%B0-%D0%BE%D1%82-nebula"
"обучение / эксперты";"Trello-связь";"внутренняя Trello-связь";"";"Адаптация обучающего материала от Nebula";"Архив (Выполнено)";"";"вложение";"Урок 1. Структура и составляющие чата.pptx";"https://trello.com/1/cards/67ed1ba362273e91b81d6777/attachments/680f650f21f0677c366114ee/download/%D0%A3%D1%80%D0%BE%D0%BA_1._%D0%A1%D1%82%D1%80%D1%83%D0%BA%D1%82%D1%83%D1%80%D0%B0_%D0%B8_%D1%81%D0%BE%D1%81%D1%82%D0%B0%D0%B2%D0%BB%D1%8F%D1%8E%D1%89%D0%B8%D0%B5_%D1%87%D0%B0%D1%82%D0%B0_(1).pptx";"https://trello.com/c/Z3gdn6rU/97-%D0%B0%D0%B4%D0%B0%D0%BF%D1%82%D0%B0%D1%86%D0%B8%D1%8F-%D0%BE%D0%B1%D1%83%D1%87%D0%B0%D1%8E%D1%89%D0%B5%D0%B3%D0%BE-%D0%BC%D0%B0%D1%82%D0%B5%D1%80%D0%B8%D0%B0%D0%BB%D0%B0-%D0%BE%D1%82-nebula"
"обучение / эксперты";"Trello-связь";"внутренняя Trello-связь";"";"Адаптация обучающего материала от Nebula";"Архив (Выполнено)";"";"вложение";"Натальная_карта_Астрология_Урок_6_.zip";"https://trello.com/1/cards/67ed1ba362273e91b81d6777/attachments/68380bbfa1d79ebe872c0c23/download/%D0%9D%D0%B0%D1%82%D0%B0%D0%BB%D1%8C%D0%BD%D0%B0%D1%8F_%D0%BA%D0%B0%D1%80%D1%82%D0%B0_%D0%90%D1%81%D1%82%D1%80%D0%BE%D0%BB%D0%BE%D0%B3%D0%B8%D1%8F_%D0%A3%D1%80%D0%BE%D0%BA_6_.zip";"https://trello.com/c/Z3gdn6rU/97-%D0%B0%D0%B4%D0%B0%D0%BF%D1%82%D0%B0%D1%86%D0%B8%D1%8F-%D0%BE%D0%B1%D1%83%D1%87%D0%B0%D1%8E%D1%89%D0%B5%D0%B3%D0%BE-%D0%BC%D0%B0%D1%82%D0%B5%D1%80%D0%B8%D0%B0%D0%BB%D0%B0-%D0%BE%D1%82-nebula"
"документы / legal";"Trello-связь";"внутренняя Trello-связь";"";"Политики на сайт Юдейт";"Архив (Выполнено)";"";"вложение";"cookie_policy_confideline_html.txt";"https://trello.com/1/cards/68341d04a86842bdd29bb687/attachments/68a9f68028f3ee21c3b1e07a/download/cookie_policy_confideline_html.txt";"https://trello.com/c/NoOHV9NV/117-%D0%BF%D0%BE%D0%BB%D0%B8%D1%82%D0%B8%D0%BA%D0%B8-%D0%BD%D0%B0-%D1%81%D0%B0%D0%B9%D1%82-%D1%8E%D0%B4%D0%B5%D0%B9%D1%82"
"документы / legal";"Trello-связь";"внутренняя Trello-связь";"";"Политики на сайт Юдейт";"Архив (Выполнено)";"";"вложение";"cookie_policy_ru.txt";"https://trello.com/1/cards/68341d04a86842bdd29bb687/attachments/68a9f681d4aa673a5ec28db3/download/cookie_policy_ru.txt";"https://trello.com/c/NoOHV9NV/117-%D0%BF%D0%BE%D0%BB%D0%B8%D1%82%D0%B8%D0%BA%D0%B8-%D0%BD%D0%B0-%D1%81%D0%B0%D0%B9%D1%82-%D1%8E%D0%B4%D0%B5%D0%B9%D1%82"
"документы / legal";"Trello-связь";"внутренняя Trello-связь";"";"Политики на сайт Юдейт";"Архив (Выполнено)";"";"вложение";"privacy_policy_confideline.txt";"https://trello.com/1/cards/68341d04a86842bdd29bb687/attachments/68a9f682c2c9a2f045fd7beb/download/privacy_policy_confideline.txt";"https://trello.com/c/NoOHV9NV/117-%D0%BF%D0%BE%D0%BB%D0%B8%D1%82%D0%B8%D0%BA%D0%B8-%D0%BD%D0%B0-%D1%81%D0%B0%D0%B9%D1%82-%D1%8E%D0%B4%D0%B5%D0%B9%D1%82"
"документы / legal";"Trello-связь";"внутренняя Trello-связь";"";"Политики на сайт Юдейт";"Архив (Выполнено)";"";"вложение";"safety_tips_confideline_html.txt";"https://trello.com/1/cards/68341d04a86842bdd29bb687/attachments/68a9f68380f53cd8cff316a1/download/safety_tips_confideline_html.txt";"https://trello.com/c/NoOHV9NV/117-%D0%BF%D0%BE%D0%BB%D0%B8%D1%82%D0%B8%D0%BA%D0%B8-%D0%BD%D0%B0-%D1%81%D0%B0%D0%B9%D1%82-%D1%8E%D0%B4%D0%B5%D0%B9%D1%82"
"документы / legal";"Trello-связь";"внутренняя Trello-связь";"";"Политики на сайт Юдейт";"Архив (Выполнено)";"";"вложение";"safety_tips_ru.txt";"https://trello.com/1/cards/68341d04a86842bdd29bb687/attachments/68a9f68385511291ac6750bf/download/safety_tips_ru.txt";"https://trello.com/c/NoOHV9NV/117-%D0%BF%D0%BE%D0%BB%D0%B8%D1%82%D0%B8%D0%BA%D0%B8-%D0%BD%D0%B0-%D1%81%D0%B0%D0%B9%D1%82-%D1%8E%D0%B4%D0%B5%D0%B9%D1%82"
"документы / legal";"Trello-связь";"внутренняя Trello-связь";"";"Политики на сайт Юдейт";"Архив (Выполнено)";"";"вложение";"terms_confideline_html.txt";"https://trello.com/1/cards/68341d04a86842bdd29bb687/attachments/68a9f684cb29d953747f1487/download/terms_confideline_html.txt";"https://trello.com/c/NoOHV9NV/117-%D0%BF%D0%BE%D0%BB%D0%B8%D1%82%D0%B8%D0%BA%D0%B8-%D0%BD%D0%B0-%D1%81%D0%B0%D0%B9%D1%82-%D1%8E%D0%B4%D0%B5%D0%B9%D1%82"
"документы / legal";"Trello-связь";"внутренняя Trello-связь";"";"Политики на сайт Юдейт";"Архив (Выполнено)";"";"вложение";"terms_full_ru_final.txt";"https://trello.com/1/cards/68341d04a86842bdd29bb687/attachments/68a9f6851eb7c788226749c3/download/terms_full_ru_final.txt";"https://trello.com/c/NoOHV9NV/117-%D0%BF%D0%BE%D0%BB%D0%B8%D1%82%D0%B8%D0%BA%D0%B8-%D0%BD%D0%B0-%D1%81%D0%B0%D0%B9%D1%82-%D1%8E%D0%B4%D0%B5%D0%B9%D1%82"
"документы / legal";"Trello-связь";"внутренняя Trello-связь";"";"Политики на сайт Юдейт";"Архив (Выполнено)";"";"вложение";"antiscam_ru.txt";"https://trello.com/1/cards/68341d04a86842bdd29bb687/attachments/68a9f6864a9c677096a86649/download/antiscam_ru.txt";"https://trello.com/c/NoOHV9NV/117-%D0%BF%D0%BE%D0%BB%D0%B8%D1%82%D0%B8%D0%BA%D0%B8-%D0%BD%D0%B0-%D1%81%D0%B0%D0%B9%D1%82-%D1%8E%D0%B4%D0%B5%D0%B9%D1%82"
"документы / legal";"Trello-связь";"внутренняя Trello-связь";"";"Политики на сайт Юдейт";"Архив (Выполнено)";"";"вложение";"about_confideline_html.txt";"https://trello.com/1/cards/68341d04a86842bdd29bb687/attachments/68a9f686387850a13f15d74b/download/about_confideline_html.txt";"https://trello.com/c/NoOHV9NV/117-%D0%BF%D0%BE%D0%BB%D0%B8%D1%82%D0%B8%D0%BA%D0%B8-%D0%BD%D0%B0-%D1%81%D0%B0%D0%B9%D1%82-%D1%8E%D0%B4%D0%B5%D0%B9%D1%82"
"документы / legal";"Trello-связь";"внутренняя Trello-связь";"";"Политики на сайт Юдейт";"Архив (Выполнено)";"";"вложение";"about_confideline_ru.txt";"https://trello.com/1/cards/68341d04a86842bdd29bb687/attachments/68a9f687a7ac899e1ee74e68/download/about_confideline_ru.txt";"https://trello.com/c/NoOHV9NV/117-%D0%BF%D0%BE%D0%BB%D0%B8%D1%82%D0%B8%D0%BA%D0%B8-%D0%BD%D0%B0-%D1%81%D0%B0%D0%B9%D1%82-%D1%8E%D0%B4%D0%B5%D0%B9%D1%82"
"документы / legal";"Trello-связь";"внутренняя Trello-связь";"";"Политики на сайт Юдейт";"Архив (Выполнено)";"";"вложение";"antiscam_confideline_html.txt";"https://trello.com/1/cards/68341d04a86842bdd29bb687/attachments/68a9f688b27b5ce5b35fa02d/download/antiscam_confideline_html.txt";"https://trello.com/c/NoOHV9NV/117-%D0%BF%D0%BE%D0%BB%D0%B8%D1%82%D0%B8%D0%BA%D0%B8-%D0%BD%D0%B0-%D1%81%D0%B0%D0%B9%D1%82-%D1%8E%D0%B4%D0%B5%D0%B9%D1%82"
"дизайн / frontend";"Trello-связь";"внутренняя Trello-связь";"";"Прототип главной страницы S";"Архив (Выполнено)";"";"вложение";"Макет S.jpg";"https://trello.com/1/cards/6815efe313c07ddcfcdba5d2/attachments/6863dadbfa4f59cb62175374/download/%D0%9C%D0%B0%D0%BA%D0%B5%D1%82_S.jpg";"https://trello.com/c/Y9GGGw4Q/106-%D0%BF%D1%80%D0%BE%D1%82%D0%BE%D1%82%D0%B8%D0%BF-%D0%B3%D0%BB%D0%B0%D0%B2%D0%BD%D0%BE%D0%B9-%D1%81%D1%82%D1%80%D0%B0%D0%BD%D0%B8%D1%86%D1%8B-s"
"дизайн / frontend";"таблица Google";"открывается";"200";"ТЗ для дизайнера по RH";"Не актуально";"";"описание";"";"https://docs.google.com/spreadsheets/d/1AsU4TkGEHMJXWr_HyQIzVLEQU9jIRw2ETJeUcQTCMrg/edit?gid=1802756230#gid=1802756230";"https://trello.com/c/PnrET9qO/7-%D1%82%D0%B7-%D0%B4%D0%BB%D1%8F-%D0%B4%D0%B8%D0%B7%D0%B0%D0%B9%D0%BD%D0%B5%D1%80%D0%B0-%D0%BF%D0%BE-rh"
"дизайн / frontend";"Trello-связь";"внутренняя Trello-связь";"";"ТЗ для дизайнера по RH";"Не актуально";"";"вложение";"MagicSlides.app Pricing.mhtml";"https://trello.com/1/cards/66d9ecafd8b829cfe5d39936/attachments/67459f649b9934dc41a0397e/download/MagicSlides.app_Pricing.mhtml";"https://trello.com/c/PnrET9qO/7-%D1%82%D0%B7-%D0%B4%D0%BB%D1%8F-%D0%B4%D0%B8%D0%B7%D0%B0%D0%B9%D0%BD%D0%B5%D1%80%D0%B0-%D0%BF%D0%BE-rh"
"дизайн / frontend";"Trello-связь";"внутренняя Trello-связь";"";"ТЗ для дизайнера по RH";"Не актуально";"";"вложение";"MagicSlides.app Pricing.html";"https://trello.com/1/cards/66d9ecafd8b829cfe5d39936/attachments/67459f6597ca5784e9b132ab/download/MagicSlides.app_Pricing.html";"https://trello.com/c/PnrET9qO/7-%D1%82%D0%B7-%D0%B4%D0%BB%D1%8F-%D0%B4%D0%B8%D0%B7%D0%B0%D0%B9%D0%BD%D0%B5%D1%80%D0%B0-%D0%BF%D0%BE-rh"
"дизайн / frontend";"другое";"доступ не проверен";"";"Case 8 - обновить дизайн";"Не актуально";"";"описание";"";"https://russianhugs.com";"https://trello.com/c/xKSQx2yH/14-case-8-%D0%BE%D0%B1%D0%BD%D0%BE%D0%B2%D0%B8%D1%82%D1%8C-%D0%B4%D0%B8%D0%B7%D0%B0%D0%B9%D0%BD"
"дизайн / frontend";"другое";"доступ не проверен";"";"Case 8 - обновить дизайн";"Не актуально";"";"описание";"";"https://russianhugs.com/pro";"https://trello.com/c/xKSQx2yH/14-case-8-%D0%BE%D0%B1%D0%BD%D0%BE%D0%B2%D0%B8%D1%82%D1%8C-%D0%B4%D0%B8%D0%B7%D0%B0%D0%B9%D0%BD"
"дизайн / frontend";"Google Drive";"открывается";"200";"Case 8 - обновить дизайн";"Не актуально";"";"описание";"";"https://drive.google.com/drive/folders/1c9Sj-tFT4F_EM4g2BukXQ5GpnxzSqInA";"https://trello.com/c/xKSQx2yH/14-case-8-%D0%BE%D0%B1%D0%BD%D0%BE%D0%B2%D0%B8%D1%82%D1%8C-%D0%B4%D0%B8%D0%B7%D0%B0%D0%B9%D0%BD"
"дизайн / frontend";"Trello-связь";"внутренняя Trello-связь";"";"Case 8 - обновить дизайн";"Не актуально";"";"описание";"";"https://trello.com/1/cards/615ef91fff109e056e4098fd/attachments/66c3370a86b630aa049fdf9b/download/image.png";"https://trello.com/c/xKSQx2yH/14-case-8-%D0%BE%D0%B1%D0%BD%D0%BE%D0%B2%D0%B8%D1%82%D1%8C-%D0%B4%D0%B8%D0%B7%D0%B0%D0%B9%D0%BD"
"дизайн / frontend";"другое";"доступ не проверен";"";"Case 8 - обновить дизайн";"Не актуально";"";"описание";"";"https://lh7-rt.googleusercontent.com/docsz/AD_4nXd0bS2cad6jy45bCa2CKwvBjiK0GBa9jYkNQNB2Th_GSCwaMNTH0sbv9dCy6wL9kuuMe5FAtWPMzW938u5tGz6hinnNv9JS1qWIvD5vT2tra0-mmh9rBehsEyKxwRSCZt2u6QIp8Mxe9zNHXE3moUd9NDkY?key=vOG5UxZZ-a8Kd1p_AlKNlQ";"https://trello.com/c/xKSQx2yH/14-case-8-%D0%BE%D0%B1%D0%BD%D0%BE%D0%B2%D0%B8%D1%82%D1%8C-%D0%B4%D0%B8%D0%B7%D0%B0%D0%B9%D0%BD"
"дизайн / frontend";"другое";"доступ не проверен";"";"Case 8 - обновить дизайн";"Не актуально";"";"описание";"";"https://lh7-rt.googleusercontent.com/docsz/AD_4nXfcfRqUrGWBdeIrZBlmiIYbSZm5hSM1Qsgzm42r5dOeENyu1GYKn30POijP0eKI4BXlyFGs_ay8A3SgCY7TaoR0R583giWq2IEzBsFEnZn-uicNQQRrYr-wU83my2w1dc1ik1kHMuXSAc6nvoJl40QQp5Vp?key=vOG5UxZZ-a8Kd1p_AlKNlQ";"https://trello.com/c/xKSQx2yH/14-case-8-%D0%BE%D0%B1%D0%BD%D0%BE%D0%B2%D0%B8%D1%82%D1%8C-%D0%B4%D0%B8%D0%B7%D0%B0%D0%B9%D0%BD"
"дизайн / frontend";"Trello-связь";"внутренняя Trello-связь";"";"Case 8 - обновить дизайн";"Не актуально";"";"вложение";"image.png";"https://trello.com/1/cards/66c48131fc327cbe148d5210/attachments/66c48131fc327cbe148d55ae/download/image.png";"https://trello.com/c/xKSQx2yH/14-case-8-%D0%BE%D0%B1%D0%BD%D0%BE%D0%B2%D0%B8%D1%82%D1%8C-%D0%B4%D0%B8%D0%B7%D0%B0%D0%B9%D0%BD"
"support / refund";"другое";"доступ не проверен";"";"Синхронизация кодовой базы с git";"Не актуально";"";"описание";"";"https://ploshadka.net/kak-podtjagivat-izmenenija-iz-github/";"https://trello.com/c/3yJTYSBx/12-%D1%81%D0%B8%D0%BD%D1%85%D1%80%D0%BE%D0%BD%D0%B8%D0%B7%D0%B0%D1%86%D0%B8%D1%8F-%D0%BA%D0%BE%D0%B4%D0%BE%D0%B2%D0%BE%D0%B9-%D0%B1%D0%B0%D0%B7%D1%8B-%D1%81-git"
"support / refund";"другое";"доступ не проверен";"";"Синхронизация кодовой базы с git";"Не актуально";"";"описание";"";"https://russianhugs.test:8890";"https://trello.com/c/3yJTYSBx/12-%D1%81%D0%B8%D0%BD%D1%85%D1%80%D0%BE%D0%BD%D0%B8%D0%B7%D0%B0%D1%86%D0%B8%D1%8F-%D0%BA%D0%BE%D0%B4%D0%BE%D0%B2%D0%BE%D0%B9-%D0%B1%D0%B0%D0%B7%D1%8B-%D1%81-git"
"общий источник";"другое";"доступ не проверен";"";"Case 66 - страница контроля";"Не актуально";"";"описание";"";"https://russianhugs.com/admin-cp/manage-own-users";"https://trello.com/c/TJQkuYho/2-case-66-%D1%81%D1%82%D1%80%D0%B0%D0%BD%D0%B8%D1%86%D0%B0-%D0%BA%D0%BE%D0%BD%D1%82%D1%80%D0%BE%D0%BB%D1%8F"
"чат / коммуникации";"другое";"доступ не проверен";"";"8.	Не корректно отображается перевод русского текста на странице “Найти совпадения”";"Не актуально";"";"описание";"";"https://russianhugs.com/settings-profile/";"https://trello.com/c/BPRH5CTK/7-8-%D0%BD%D0%B5-%D0%BA%D0%BE%D1%80%D1%80%D0%B5%D0%BA%D1%82%D0%BD%D0%BE-%D0%BE%D1%82%D0%BE%D0%B1%D1%80%D0%B0%D0%B6%D0%B0%D0%B5%D1%82%D1%81%D1%8F-%D0%BF%D0%B5%D1%80%D0%B5%D0%B2%D0%BE%D0%B4-%D1%80%D1%83%D1%81%D1%81%D0%BA%D0%BE%D0%B3%D0%BE-%D1%82%D0%B5%D0%BA%D1%81%D1%82%D0%B0-%D0%BD%D0%B0-%D1%81%D1%82%D1%80%D0%B0%D0%BD%D0%B8%D1%86%D0%B5-%D0%BD%D0%B0%D0%B9%D1%82%D0%B8-%D1%81%D0%BE%D0%B2%D0%BF%D0%B0%D0%B4%D0%B5%D0%BD%D0%B8%D1%8F"
"чат / коммуникации";"Trello-связь";"внутренняя Trello-связь";"";"8.	Не корректно отображается перевод русского текста на странице “Найти совпадения”";"Не актуально";"";"вложение";"image.png";"https://trello.com/1/cards/66c48131fc327cbe148d5203/attachments/66c48131fc327cbe148d5581/download/image.png";"https://trello.com/c/BPRH5CTK/7-8-%D0%BD%D0%B5-%D0%BA%D0%BE%D1%80%D1%80%D0%B5%D0%BA%D1%82%D0%BD%D0%BE-%D0%BE%D1%82%D0%BE%D0%B1%D1%80%D0%B0%D0%B6%D0%B0%D0%B5%D1%82%D1%81%D1%8F-%D0%BF%D0%B5%D1%80%D0%B5%D0%B2%D0%BE%D0%B4-%D1%80%D1%83%D1%81%D1%81%D0%BA%D0%BE%D0%B3%D0%BE-%D1%82%D0%B5%D0%BA%D1%81%D1%82%D0%B0-%D0%BD%D0%B0-%D1%81%D1%82%D1%80%D0%B0%D0%BD%D0%B8%D1%86%D0%B5-%D0%BD%D0%B0%D0%B9%D1%82%D0%B8-%D1%81%D0%BE%D0%B2%D0%BF%D0%B0%D0%B4%D0%B5%D0%BD%D0%B8%D1%8F"
"общий источник";"другое";"доступ не проверен";"";"Дает создавать дубли стран";"Не актуально";"";"описание";"";"https://russianhugs.com/admin-cp/manage-countries";"https://trello.com/c/RqZgUOP9/10-%D0%B4%D0%B0%D0%B5%D1%82-%D1%81%D0%BE%D0%B7%D0%B4%D0%B0%D0%B2%D0%B0%D1%82%D1%8C-%D0%B4%D1%83%D0%B1%D0%BB%D0%B8-%D1%81%D1%82%D1%80%D0%B0%D0%BD"
"общий источник";"Trello-связь";"внутренняя Trello-связь";"";"Дает создавать дубли стран";"Не актуально";"";"вложение";"image.png";"https://trello.com/1/cards/66c48131fc327cbe148d5209/attachments/66c48131fc327cbe148d5593/download/image.png";"https://trello.com/c/RqZgUOP9/10-%D0%B4%D0%B0%D0%B5%D1%82-%D1%81%D0%BE%D0%B7%D0%B4%D0%B0%D0%B2%D0%B0%D1%82%D1%8C-%D0%B4%D1%83%D0%B1%D0%BB%D0%B8-%D1%81%D1%82%D1%80%D0%B0%D0%BD"
"общий источник";"другое";"доступ не проверен";"";"Устранить баг по сохранению изменений в языке в панеле администратора";"Не актуально";"";"описание";"";"https://russianhugs.com/admin-cp/edit-lang?id=russian";"https://trello.com/c/ytzHZP17/9-%D1%83%D1%81%D1%82%D1%80%D0%B0%D0%BD%D0%B8%D1%82%D1%8C-%D0%B1%D0%B0%D0%B3-%D0%BF%D0%BE-%D1%81%D0%BE%D1%85%D1%80%D0%B0%D0%BD%D0%B5%D0%BD%D0%B8%D1%8E-%D0%B8%D0%B7%D0%BC%D0%B5%D0%BD%D0%B5%D0%BD%D0%B8%D0%B9-%D0%B2-%D1%8F%D0%B7%D1%8B%D0%BA%D0%B5-%D0%B2-%D0%BF%D0%B0%D0%BD%D0%B5%D0%BB%D0%B5-%D0%B0%D0%B4%D0%BC%D0%B8%D0%BD%D0%B8%D1%81%D1%82%D1%80%D0%B0%D1%82%D0%BE%D1%80%D0%B0"
"общий источник";"Trello-связь";"внутренняя Trello-связь";"";"Устранить баг по сохранению изменений в языке в панеле администратора";"Не актуально";"";"вложение";"image.png";"https://trello.com/1/cards/66c48131fc327cbe148d5207/attachments/66c48131fc327cbe148d558a/download/image.png";"https://trello.com/c/ytzHZP17/9-%D1%83%D1%81%D1%82%D1%80%D0%B0%D0%BD%D0%B8%D1%82%D1%8C-%D0%B1%D0%B0%D0%B3-%D0%BF%D0%BE-%D1%81%D0%BE%D1%85%D1%80%D0%B0%D0%BD%D0%B5%D0%BD%D0%B8%D1%8E-%D0%B8%D0%B7%D0%BC%D0%B5%D0%BD%D0%B5%D0%BD%D0%B8%D0%B9-%D0%B2-%D1%8F%D0%B7%D1%8B%D0%BA%D0%B5-%D0%B2-%D0%BF%D0%B0%D0%BD%D0%B5%D0%BB%D0%B5-%D0%B0%D0%B4%D0%BC%D0%B8%D0%BD%D0%B8%D1%81%D1%82%D1%80%D0%B0%D1%82%D0%BE%D1%80%D0%B0"
"общий источник";"Trello-связь";"внутренняя Trello-связь";"";"ТЗ по доработкам";"Не актуально";"";"вложение";"ТЗ для DEV.docx";"https://trello.com/1/cards/66c48131fc327cbe148d51f9/attachments/66c48131fc327cbe148d557f/download/%D0%A2%D0%97_%D0%B4%D0%BB%D1%8F_DEV.docx";"https://trello.com/c/8c5qCQAo/2-%D1%82%D0%B7-%D0%BF%D0%BE-%D0%B4%D0%BE%D1%80%D0%B0%D0%B1%D0%BE%D1%82%D0%BA%D0%B0%D0%BC"
"общий источник";"Trello-связь";"внутренняя Trello-связь";"";"Найти и сработаться с прогером";"Полка (Когда-нибудь)";"На паузе";"вложение";"resume_eng.docx";"https://trello.com/1/cards/677bdd3a50efbd052b86b76d/attachments/67a1c3de9219d6d39827c43c/download/resume_eng.docx";"https://trello.com/c/aM3yiOA6/56-%D0%BD%D0%B0%D0%B9%D1%82%D0%B8-%D0%B8-%D1%81%D1%80%D0%B0%D0%B1%D0%BE%D1%82%D0%B0%D1%82%D1%8C%D1%81%D1%8F-%D1%81-%D0%BF%D1%80%D0%BE%D0%B3%D0%B5%D1%80%D0%BE%D0%BC"
"чат / коммуникации";"другое";"доступ не проверен";"";"Программист чат-ботов";"Полка (Когда-нибудь)";"Done. Testing";"описание";"";"https://freelancehunt.com/freelancer/yuriiskylex.html";"https://trello.com/c/SG8qhM0Q/53-%D0%BF%D1%80%D0%BE%D0%B3%D1%80%D0%B0%D0%BC%D0%BC%D0%B8%D1%81%D1%82-%D1%87%D0%B0%D1%82-%D0%B1%D0%BE%D1%82%D0%BE%D0%B2"
"email / уведомления";"другое";"доступ не проверен";"";"Подключить платежные системы";"Полка (Когда-нибудь)";"";"описание";"";"http://Stripe.com";"https://trello.com/c/o5xgYdus/15-%D0%BF%D0%BE%D0%B4%D0%BA%D0%BB%D1%8E%D1%87%D0%B8%D1%82%D1%8C-%D0%BF%D0%BB%D0%B0%D1%82%D0%B5%D0%B6%D0%BD%D1%8B%D0%B5-%D1%81%D0%B8%D1%81%D1%82%D0%B5%D0%BC%D1%8B"
"общий источник";"другое";"доступ не проверен";"";"HTML5/CSS3. HTML - должен содержать минимум ошибок";"Полка (Когда-нибудь)";"";"описание";"";"http://validator.w3.org";"https://trello.com/c/NijwhmEL/3-html5-css3-html-%D0%B4%D0%BE%D0%BB%D0%B6%D0%B5%D0%BD-%D1%81%D0%BE%D0%B4%D0%B5%D1%80%D0%B6%D0%B0%D1%82%D1%8C-%D0%BC%D0%B8%D0%BD%D0%B8%D0%BC%D1%83%D0%BC-%D0%BE%D1%88%D0%B8%D0%B1%D0%BE%D0%BA"
"общий источник";"другое";"доступ не проверен";"";"HTML5/CSS3. HTML - должен содержать минимум ошибок";"Полка (Когда-нибудь)";"";"описание";"";"https://developers.google.com/speed/pagespeed/";"https://trello.com/c/NijwhmEL/3-html5-css3-html-%D0%B4%D0%BE%D0%BB%D0%B6%D0%B5%D0%BD-%D1%81%D0%BE%D0%B4%D0%B5%D1%80%D0%B6%D0%B0%D1%82%D1%8C-%D0%BC%D0%B8%D0%BD%D0%B8%D0%BC%D1%83%D0%BC-%D0%BE%D1%88%D0%B8%D0%B1%D0%BE%D0%BA"
"email / уведомления";"другое";"доступ не проверен";"";"Case 41 - реакции";"Полка (Когда-нибудь)";"";"описание";"";"https://russianhugs.com/profile/sveta23467";"https://trello.com/c/wWQyoquC/24-case-41-%D1%80%D0%B5%D0%B0%D0%BA%D1%86%D0%B8%D0%B8"
"email / уведомления";"другое";"доступ не проверен";"";"Case 41 - реакции";"Полка (Когда-нибудь)";"";"описание";"";"https://russianhugs.com/liked";"https://trello.com/c/wWQyoquC/24-case-41-%D1%80%D0%B5%D0%B0%D0%BA%D1%86%D0%B8%D0%B8"
"email / уведомления";"Trello-связь";"внутренняя Trello-связь";"";"Case 41 - реакции";"Полка (Когда-нибудь)";"";"описание";"";"https://trello.com/1/cards/66c34d7f8dcbf055b184f418/attachments/66c34ddcac4ac9c8af70ba42/download/image.png";"https://trello.com/c/wWQyoquC/24-case-41-%D1%80%D0%B5%D0%B0%D0%BA%D1%86%D0%B8%D0%B8"
"email / уведомления";"Trello-связь";"внутренняя Trello-связь";"";"Case 41 - реакции";"Полка (Когда-нибудь)";"";"вложение";"image.png";"https://trello.com/1/cards/66c48131fc327cbe148d5224/attachments/66c48131fc327cbe148d55e4/download/image.png";"https://trello.com/c/wWQyoquC/24-case-41-%D1%80%D0%B5%D0%B0%D0%BA%D1%86%D0%B8%D0%B8"
"email / уведомления";"Trello-связь";"внутренняя Trello-связь";"";"Case 71 - телеграмбот как аналог сайта знакомств";"Полка (Когда-нибудь)";"";"вложение";"Схема базового чат-бот для детинг сайта.png";"https://trello.com/1/cards/66c4a898221c21bdc2c969f4/attachments/66c4a8c1bdb813f4c67d32b1/download/%D0%A1%D1%85%D0%B5%D0%BC%D0%B0_%D0%B1%D0%B0%D0%B7%D0%BE%D0%B2%D0%BE%D0%B3%D0%BE_%D1%87%D0%B0%D1%82-%D0%B1%D0%BE%D1%82_%D0%B4%D0%BB%D1%8F_%D0%B4%D0%B5%D1%82%D0%B8%D0%BD%D0%B3_%D1%81%D0%B0%D0%B9%D1%82%D0%B0.png";"https://trello.com/c/6spIuhRw/1-case-71-%D1%82%D0%B5%D0%BB%D0%B5%D0%B3%D1%80%D0%B0%D0%BC%D0%B1%D0%BE%D1%82-%D0%BA%D0%B0%D0%BA-%D0%B0%D0%BD%D0%B0%D0%BB%D0%BE%D0%B3-%D1%81%D0%B0%D0%B9%D1%82%D0%B0-%D0%B7%D0%BD%D0%B0%D0%BA%D0%BE%D0%BC%D1%81%D1%82%D0%B2"
"email / уведомления";"Trello-связь";"внутренняя Trello-связь";"";"Case 71 - телеграмбот как аналог сайта знакомств";"Полка (Когда-нибудь)";"";"вложение";"Схема работы телеграм бота.png";"https://trello.com/1/cards/66c4a898221c21bdc2c969f4/attachments/66c4a8d1a6e7697731cb8bd1/download/%D0%A1%D1%85%D0%B5%D0%BC%D0%B0_%D1%80%D0%B0%D0%B1%D0%BE%D1%82%D1%8B_%D1%82%D0%B5%D0%BB%D0%B5%D0%B3%D1%80%D0%B0%D0%BC_%D0%B1%D0%BE%D1%82%D0%B0.png";"https://trello.com/c/6spIuhRw/1-case-71-%D1%82%D0%B5%D0%BB%D0%B5%D0%B3%D1%80%D0%B0%D0%BC%D0%B1%D0%BE%D1%82-%D0%BA%D0%B0%D0%BA-%D0%B0%D0%BD%D0%B0%D0%BB%D0%BE%D0%B3-%D1%81%D0%B0%D0%B9%D1%82%D0%B0-%D0%B7%D0%BD%D0%B0%D0%BA%D0%BE%D0%BC%D1%81%D1%82%D0%B2"
"email / уведомления";"Trello-связь";"внутренняя Trello-связь";"";"Case 71 - телеграмбот как аналог сайта знакомств";"Полка (Когда-нибудь)";"";"вложение";"detailed_tech_telegram_dating_bot_flowchart.png";"https://trello.com/1/cards/66c4a898221c21bdc2c969f4/attachments/66c4a8eae5f509efb2cbfdd2/download/detailed_tech_telegram_dating_bot_flowchart.png";"https://trello.com/c/6spIuhRw/1-case-71-%D1%82%D0%B5%D0%BB%D0%B5%D0%B3%D1%80%D0%B0%D0%BC%D0%B1%D0%BE%D1%82-%D0%BA%D0%B0%D0%BA-%D0%B0%D0%BD%D0%B0%D0%BB%D0%BE%D0%B3-%D1%81%D0%B0%D0%B9%D1%82%D0%B0-%D0%B7%D0%BD%D0%B0%D0%BA%D0%BE%D0%BC%D1%81%D1%82%D0%B2"
"общий источник";"таблица Google";"нужен доступ / вход";"200";"Case 61 - оплата за лайки";"Полка (Когда-нибудь)";"";"описание";"";"https://docs.google.com/spreadsheets/d/1IzTZm4FI9PxIDfr0_FIk0UJxzohkEJcQFTilXM8TLMg/edit?pli=1&gid=80824715#gid=80824715";"https://trello.com/c/RxpFcHXl/22-case-61-%D0%BE%D0%BF%D0%BB%D0%B0%D1%82%D0%B0-%D0%B7%D0%B0-%D0%BB%D0%B0%D0%B9%D0%BA%D0%B8"
"общий источник";"Trello-связь";"внутренняя Trello-связь";"";"Добавить кнопку авторизации через телеграм";"Полка (Когда-нибудь)";"";"вложение";"image.png";"https://trello.com/1/cards/66c48131fc327cbe148d520b/attachments/66c48131fc327cbe148d559c/download/image.png";"https://trello.com/c/lF4KDNIx/11-%D0%B4%D0%BE%D0%B1%D0%B0%D0%B2%D0%B8%D1%82%D1%8C-%D0%BA%D0%BD%D0%BE%D0%BF%D0%BA%D1%83-%D0%B0%D0%B2%D1%82%D0%BE%D1%80%D0%B8%D0%B7%D0%B0%D1%86%D0%B8%D0%B8-%D1%87%D0%B5%D1%80%D0%B5%D0%B7-%D1%82%D0%B5%D0%BB%D0%B5%D0%B3%D1%80%D0%B0%D0%BC"
"общий источник";"Trello-связь";"внутренняя Trello-связь";"";"Добавить кнопку авторизации через телеграм";"Полка (Когда-нибудь)";"";"вложение";"image.png";"https://trello.com/1/cards/66c48131fc327cbe148d520b/attachments/66c48131fc327cbe148d55a5/download/image.png";"https://trello.com/c/lF4KDNIx/11-%D0%B4%D0%BE%D0%B1%D0%B0%D0%B2%D0%B8%D1%82%D1%8C-%D0%BA%D0%BD%D0%BE%D0%BF%D0%BA%D1%83-%D0%B0%D0%B2%D1%82%D0%BE%D1%80%D0%B8%D0%B7%D0%B0%D1%86%D0%B8%D0%B8-%D1%87%D0%B5%D1%80%D0%B5%D0%B7-%D1%82%D0%B5%D0%BB%D0%B5%D0%B3%D1%80%D0%B0%D0%BC"
"дизайн / frontend";"публичная web-панель";"открывается";"200";"ТЗ аналитика на Дашборде";"На проверке";"На согласование, ТЗ Игорю";"описание";"";"https://cutthreat.github.io/confideline/web/dashboard-analytics-mockup.html";"https://trello.com/c/whZiCsxv/277-%D1%82%D0%B7-%D0%B0%D0%BD%D0%B0%D0%BB%D0%B8%D1%82%D0%B8%D0%BA%D0%B0-%D0%BD%D0%B0-%D0%B4%D0%B0%D1%88%D0%B1%D0%BE%D1%80%D0%B4%D0%B5"
"дизайн / frontend";"Trello-связь";"внутренняя Trello-связь";"";"ТЗ аналитика на Дашборде";"На проверке";"На согласование, ТЗ Игорю";"вложение";"https://trello.com/c/hFPIK4R5/252-%D1%81%D1%82%D0%B0%D1%82%D0%B8%D1%81%D1%82%D0%B8%D0%BA%D0%B0-%D0%B0%D0%BD%D0%B0%D0%BB%D0%B8%D1%82%D0%B8%D0%BA%D0%B0";"https://trello.com/c/hFPIK4R5/252-%D1%81%D1%82%D0%B0%D1%82%D0%B8%D1%81%D1%82%D0%B8%D0%BA%D0%B0-%D0%B0%D0%BD%D0%B0%D0%BB%D0%B8%D1%82%D0%B8%D0%BA%D0%B0";"https://trello.com/c/whZiCsxv/277-%D1%82%D0%B7-%D0%B0%D0%BD%D0%B0%D0%BB%D0%B8%D1%82%D0%B8%D0%BA%D0%B0-%D0%BD%D0%B0-%D0%B4%D0%B0%D1%88%D0%B1%D0%BE%D1%80%D0%B4%D0%B5"
"общий источник";"Trello-связь";"внутренняя Trello-связь";"";"Статистика / аналитика";"На проверке";"ТЗ Игорю";"вложение";"analitica-confideline-1.html";"https://trello.com/1/cards/6989f17bbdbb766a4583e5c7/attachments/69a696481ef1a0a1c3f3119b/download/analitica-confideline-1.html";"https://trello.com/c/hFPIK4R5/252-%D1%81%D1%82%D0%B0%D1%82%D0%B8%D1%81%D1%82%D0%B8%D0%BA%D0%B0-%D0%B0%D0%BD%D0%B0%D0%BB%D0%B8%D1%82%D0%B8%D0%BA%D0%B0"
"общий источник";"Trello-связь";"внутренняя Trello-связь";"";"ТЗ Авторизация через соцсети";"На проверке";"";"вложение";"image.png";"https://trello.com/1/cards/695a624ad3a78b2beb264e7b/attachments/6983434f7a653f129905b78a/download/image.png";"https://trello.com/c/RB7eDSz8/232-%D1%82%D0%B7-%D0%B0%D0%B2%D1%82%D0%BE%D1%80%D0%B8%D0%B7%D0%B0%D1%86%D0%B8%D1%8F-%D1%87%D0%B5%D1%80%D0%B5%D0%B7-%D1%81%D0%BE%D1%86%D1%81%D0%B5%D1%82%D0%B8"
"дизайн / frontend";"Google Drive";"открывается";"200";"Макеты для почтовых рассылок (ИИ)";"На проверке";"На согласование, ТЗ Игорю";"описание";"";"https://drive.google.com/drive/folders/1CRoOqYaxaJKH7PWykYakqGaN9sS6qpuP?usp=sharing";"https://trello.com/c/RX4P6jw5/236-%D0%BC%D0%B0%D0%BA%D0%B5%D1%82%D1%8B-%D0%B4%D0%BB%D1%8F-%D0%BF%D0%BE%D1%87%D1%82%D0%BE%D0%B2%D1%8B%D1%85-%D1%80%D0%B0%D1%81%D1%81%D1%8B%D0%BB%D0%BE%D0%BA-%D0%B8%D0%B8"
"дизайн / frontend";"таблица Google";"открывается";"200";"Макеты для почтовых рассылок (ИИ)";"На проверке";"На согласование, ТЗ Игорю";"вложение";"https://docs.google.com/spreadsheets/d/1mMYjHg5W2olRmz_6ofX6ObBOZUio-KK76ukcXwgfs6U/edit?gid=1282128275#gid=1282128275";"https://docs.google.com/spreadsheets/d/1mMYjHg5W2olRmz_6ofX6ObBOZUio-KK76ukcXwgfs6U/edit?gid=1282128275#gid=1282128275";"https://trello.com/c/RX4P6jw5/236-%D0%BC%D0%B0%D0%BA%D0%B5%D1%82%D1%8B-%D0%B4%D0%BB%D1%8F-%D0%BF%D0%BE%D1%87%D1%82%D0%BE%D0%B2%D1%8B%D1%85-%D1%80%D0%B0%D1%81%D1%81%D1%8B%D0%BB%D0%BE%D0%BA-%D0%B8%D0%B8"
"support / refund";"другое";"доступ не проверен";"";"ТЗ по тех поддержке на сайте (суппорт)";"На проверке";"На согласование, ТЗ Игорю";"описание";"";"https://confideline.com/ru/admin/support/index";"https://trello.com/c/IRQiN429/233-%D1%82%D0%B7-%D0%BF%D0%BE-%D1%82%D0%B5%D1%85-%D0%BF%D0%BE%D0%B4%D0%B4%D0%B5%D1%80%D0%B6%D0%BA%D0%B5-%D0%BD%D0%B0-%D1%81%D0%B0%D0%B9%D1%82%D0%B5-%D1%81%D1%83%D0%BF%D0%BF%D0%BE%D1%80%D1%82"
"support / refund";"Trello-связь";"внутренняя Trello-связь";"";"ТЗ по тех поддержке на сайте (суппорт)";"На проверке";"На согласование, ТЗ Игорю";"вложение";"image.png";"https://trello.com/1/cards/695a65fa63c119f6804254b9/attachments/6965c85da04a2e68076a0af9/download/image.png";"https://trello.com/c/IRQiN429/233-%D1%82%D0%B7-%D0%BF%D0%BE-%D1%82%D0%B5%D1%85-%D0%BF%D0%BE%D0%B4%D0%B4%D0%B5%D1%80%D0%B6%D0%BA%D0%B5-%D0%BD%D0%B0-%D1%81%D0%B0%D0%B9%D1%82%D0%B5-%D1%81%D1%83%D0%BF%D0%BF%D0%BE%D1%80%D1%82"
"support / refund";"Trello-связь";"внутренняя Trello-связь";"";"ТЗ по тех поддержке на сайте (суппорт)";"На проверке";"На согласование, ТЗ Игорю";"вложение";"image.png";"https://trello.com/1/cards/695a65fa63c119f6804254b9/attachments/6965cc80decc2f14e6fd8d13/download/image.png";"https://trello.com/c/IRQiN429/233-%D1%82%D0%B7-%D0%BF%D0%BE-%D1%82%D0%B5%D1%85-%D0%BF%D0%BE%D0%B4%D0%B4%D0%B5%D1%80%D0%B6%D0%BA%D0%B5-%D0%BD%D0%B0-%D1%81%D0%B0%D0%B9%D1%82%D0%B5-%D1%81%D1%83%D0%BF%D0%BF%D0%BE%D1%80%D1%82"
"support / refund";"Trello-связь";"внутренняя Trello-связь";"";"ТЗ по тех поддержке на сайте (суппорт)";"На проверке";"На согласование, ТЗ Игорю";"вложение";"image.png";"https://trello.com/1/cards/695a65fa63c119f6804254b9/attachments/6965cc85cf4fb850d9b18877/download/image.png";"https://trello.com/c/IRQiN429/233-%D1%82%D0%B7-%D0%BF%D0%BE-%D1%82%D0%B5%D1%85-%D0%BF%D0%BE%D0%B4%D0%B4%D0%B5%D1%80%D0%B6%D0%BA%D0%B5-%D0%BD%D0%B0-%D1%81%D0%B0%D0%B9%D1%82%D0%B5-%D1%81%D1%83%D0%BF%D0%BF%D0%BE%D1%80%D1%82"
"support / refund";"Trello-связь";"внутренняя Trello-связь";"";"ТЗ по тех поддержке на сайте (суппорт)";"На проверке";"На согласование, ТЗ Игорю";"вложение";"image.png";"https://trello.com/1/cards/695a65fa63c119f6804254b9/attachments/6965d2d16f661e53d658c1c8/download/image.png";"https://trello.com/c/IRQiN429/233-%D1%82%D0%B7-%D0%BF%D0%BE-%D1%82%D0%B5%D1%85-%D0%BF%D0%BE%D0%B4%D0%B4%D0%B5%D1%80%D0%B6%D0%BA%D0%B5-%D0%BD%D0%B0-%D1%81%D0%B0%D0%B9%D1%82%D0%B5-%D1%81%D1%83%D0%BF%D0%BF%D0%BE%D1%80%D1%82"
"дизайн / frontend";"документ Google";"открывается";"200";"Переводчик в чате (пользователь/агент)";"На проверке";"ТЗ Игорю";"описание";"";"https://docs.google.com/document/d/1qKZLzSx1oZopi37UIZgRORccKnVrVhzsv9Tx1kA_FRY/edit?usp=sharing";"https://trello.com/c/5cU9gpqd/251-%D0%BF%D0%B5%D1%80%D0%B5%D0%B2%D0%BE%D0%B4%D1%87%D0%B8%D0%BA-%D0%B2-%D1%87%D0%B0%D1%82%D0%B5-%D0%BF%D0%BE%D0%BB%D1%8C%D0%B7%D0%BE%D0%B2%D0%B0%D1%82%D0%B5%D0%BB%D1%8C-%D0%B0%D0%B3%D0%B5%D0%BD%D1%82"
"дизайн / frontend";"публичная web-панель";"открывается";"200";"Переводчик в чате (пользователь/агент)";"На проверке";"ТЗ Игорю";"описание";"";"https://cutthreat.github.io/confideline/translator-spec.html";"https://trello.com/c/5cU9gpqd/251-%D0%BF%D0%B5%D1%80%D0%B5%D0%B2%D0%BE%D0%B4%D1%87%D0%B8%D0%BA-%D0%B2-%D1%87%D0%B0%D1%82%D0%B5-%D0%BF%D0%BE%D0%BB%D1%8C%D0%B7%D0%BE%D0%B2%D0%B0%D1%82%D0%B5%D0%BB%D1%8C-%D0%B0%D0%B3%D0%B5%D0%BD%D1%82"
"общий источник";"Trello-связь";"внутренняя Trello-связь";"";"Bans basic";"На проверке";"На согласование, ТЗ Игорю";"вложение";"image.png";"https://trello.com/1/cards/6977d9754ebbdf5ce2147865/attachments/6977d978052786b9a264a040/download/image.png";"https://trello.com/c/4ZXdK8ma/235-bans-basic"
"общий источник";"Trello-связь";"внутренняя Trello-связь";"";"Bans basic";"На проверке";"На согласование, ТЗ Игорю";"вложение";"image.png";"https://trello.com/1/cards/6977d9754ebbdf5ce2147865/attachments/6977d9888e4b4aa720f9fd3e/download/image.png";"https://trello.com/c/4ZXdK8ma/235-bans-basic"
"общий источник";"Trello-связь";"внутренняя Trello-связь";"";"Bans basic";"На проверке";"На согласование, ТЗ Игорю";"вложение";"image.png";"https://trello.com/1/cards/6977d9754ebbdf5ce2147865/attachments/6977d992a7b5ea44ef460d93/download/image.png";"https://trello.com/c/4ZXdK8ma/235-bans-basic"
"общий источник";"Trello-связь";"внутренняя Trello-связь";"";"Bans basic";"На проверке";"На согласование, ТЗ Игорю";"вложение";"image.png";"https://trello.com/1/cards/6977d9754ebbdf5ce2147865/attachments/6977d9b0519589e3f0ff335e/download/image.png";"https://trello.com/c/4ZXdK8ma/235-bans-basic"
"общий источник";"Trello-связь";"внутренняя Trello-связь";"";"Bans basic";"На проверке";"На согласование, ТЗ Игорю";"вложение";"image.png";"https://trello.com/1/cards/6977d9754ebbdf5ce2147865/attachments/6977d9b64cbe82c530db75e1/download/image.png";"https://trello.com/c/4ZXdK8ma/235-bans-basic"
"общий источник";"Trello-связь";"внутренняя Trello-связь";"";"ТЗ доска объявлений на сайт S (из реестра задач)";"На проверке";"";"вложение";"image.png";"https://trello.com/1/cards/6847fd2f6716e045c2009087/attachments/684979af3ffcda39472a55ee/download/image.png";"https://trello.com/c/vxnR2rPw/125-%D1%82%D0%B7-%D0%B4%D0%BE%D1%81%D0%BA%D0%B0-%D0%BE%D0%B1%D1%8A%D1%8F%D0%B2%D0%BB%D0%B5%D0%BD%D0%B8%D0%B9-%D0%BD%D0%B0-%D1%81%D0%B0%D0%B9%D1%82-s-%D0%B8%D0%B7-%D1%80%D0%B5%D0%B5%D1%81%D1%82%D1%80%D0%B0-%D0%B7%D0%B0%D0%B4%D0%B0%D1%87"
"общий источник";"Trello-связь";"внутренняя Trello-связь";"";"ТЗ доска объявлений на сайт S (из реестра задач)";"На проверке";"";"вложение";"image.png";"https://trello.com/1/cards/6847fd2f6716e045c2009087/attachments/684979bbe44a1f37479b558e/download/image.png";"https://trello.com/c/vxnR2rPw/125-%D1%82%D0%B7-%D0%B4%D0%BE%D1%81%D0%BA%D0%B0-%D0%BE%D0%B1%D1%8A%D1%8F%D0%B2%D0%BB%D0%B5%D0%BD%D0%B8%D0%B9-%D0%BD%D0%B0-%D1%81%D0%B0%D0%B9%D1%82-s-%D0%B8%D0%B7-%D1%80%D0%B5%D0%B5%D1%81%D1%82%D1%80%D0%B0-%D0%B7%D0%B0%D0%B4%D0%B0%D1%87"
"email / уведомления";"другое";"доступ не проверен";"";"ТЗ Ограничение отправки контактов в чате";"На проверке";"ТЗ Игорю";"описание";"";"https://confideline.com/ru/admin/message/index";"https://trello.com/c/LYz7x7QS/212-%D1%82%D0%B7-%D0%BE%D0%B3%D1%80%D0%B0%D0%BD%D0%B8%D1%87%D0%B5%D0%BD%D0%B8%D0%B5-%D0%BE%D1%82%D0%BF%D1%80%D0%B0%D0%B2%D0%BA%D0%B8-%D0%BA%D0%BE%D0%BD%D1%82%D0%B0%D0%BA%D1%82%D0%BE%D0%B2-%D0%B2-%D1%87%D0%B0%D1%82%D0%B5"
"email / уведомления";"другое";"доступ не проверен";"";"ТЗ Ограничение отправки контактов в чате";"На проверке";"ТЗ Игорю";"описание";"";"https://prnt.sc/wCvoJ5Ikn7OD";"https://trello.com/c/LYz7x7QS/212-%D1%82%D0%B7-%D0%BE%D0%B3%D1%80%D0%B0%D0%BD%D0%B8%D1%87%D0%B5%D0%BD%D0%B8%D0%B5-%D0%BE%D1%82%D0%BF%D1%80%D0%B0%D0%B2%D0%BA%D0%B8-%D0%BA%D0%BE%D0%BD%D1%82%D0%B0%D0%BA%D1%82%D0%BE%D0%B2-%D0%B2-%D1%87%D0%B0%D1%82%D0%B5"
"email / уведомления";"Trello-связь";"внутренняя Trello-связь";"";"ТЗ Ограничение отправки контактов в чате";"На проверке";"ТЗ Игорю";"вложение";"image.png";"https://trello.com/1/cards/69415c21f5c5d3c6a06ec48f/attachments/69484d1057df93b2db132022/download/image.png";"https://trello.com/c/LYz7x7QS/212-%D1%82%D0%B7-%D0%BE%D0%B3%D1%80%D0%B0%D0%BD%D0%B8%D1%87%D0%B5%D0%BD%D0%B8%D0%B5-%D0%BE%D1%82%D0%BF%D1%80%D0%B0%D0%B2%D0%BA%D0%B8-%D0%BA%D0%BE%D0%BD%D1%82%D0%B0%D0%BA%D1%82%D0%BE%D0%B2-%D0%B2-%D1%87%D0%B0%D1%82%D0%B5"
"email / уведомления";"Trello-связь";"внутренняя Trello-связь";"";"ТЗ Ограничение отправки контактов в чате";"На проверке";"ТЗ Игорю";"вложение";"image.png";"https://trello.com/1/cards/69415c21f5c5d3c6a06ec48f/attachments/697220cce37890b9c8347209/download/image.png";"https://trello.com/c/LYz7x7QS/212-%D1%82%D0%B7-%D0%BE%D0%B3%D1%80%D0%B0%D0%BD%D0%B8%D1%87%D0%B5%D0%BD%D0%B8%D0%B5-%D0%BE%D1%82%D0%BF%D1%80%D0%B0%D0%B2%D0%BA%D0%B8-%D0%BA%D0%BE%D0%BD%D1%82%D0%B0%D0%BA%D1%82%D0%BE%D0%B2-%D0%B2-%D1%87%D0%B0%D1%82%D0%B5"
"общий источник";"Trello-связь";"внутренняя Trello-связь";"";"ТЗ по модерациям по типам";"На проверке";"ТЗ Игорю, Done. Testing";"описание";"";"https://trello.com/1/cards/693698d90c69acbb61e6394d/attachments/69415b13b39d6dc23d25bb80/download/image.png";"https://trello.com/c/iJ9ZORCY/204-%D1%82%D0%B7-%D0%BF%D0%BE-%D0%BC%D0%BE%D0%B4%D0%B5%D1%80%D0%B0%D1%86%D0%B8%D1%8F%D0%BC-%D0%BF%D0%BE-%D1%82%D0%B8%D0%BF%D0%B0%D0%BC"
"обучение / эксперты";"Trello-связь";"внутренняя Trello-связь";"";"ТЗ. Отзывы и рейтинг специалистов (карточек специалистов)";"На проверке";"ТЗ Игорю";"вложение";"image.png";"https://trello.com/1/cards/69415b4f807c47786d8870c0/attachments/6948560b78e279782328f757/download/image.png";"https://trello.com/c/GVvW2vR6/210-%D1%82%D0%B7-%D0%BE%D1%82%D0%B7%D1%8B%D0%B2%D1%8B-%D0%B8-%D1%80%D0%B5%D0%B9%D1%82%D0%B8%D0%BD%D0%B3-%D1%81%D0%BF%D0%B5%D1%86%D0%B8%D0%B0%D0%BB%D0%B8%D1%81%D1%82%D0%BE%D0%B2-%D0%BA%D0%B0%D1%80%D1%82%D0%BE%D1%87%D0%B5%D0%BA-%D1%81%D0%BF%D0%B5%D1%86%D0%B8%D0%B0%D0%BB%D0%B8%D1%81%D1%82%D0%BE%D0%B2"
"обучение / эксперты";"Trello-связь";"внутренняя Trello-связь";"";"ТЗ. Отзывы и рейтинг специалистов (карточек специалистов)";"На проверке";"ТЗ Игорю";"вложение";"image.png";"https://trello.com/1/cards/69415b4f807c47786d8870c0/attachments/694858a7d344de362384dd14/download/image.png";"https://trello.com/c/GVvW2vR6/210-%D1%82%D0%B7-%D0%BE%D1%82%D0%B7%D1%8B%D0%B2%D1%8B-%D0%B8-%D1%80%D0%B5%D0%B9%D1%82%D0%B8%D0%BD%D0%B3-%D1%81%D0%BF%D0%B5%D1%86%D0%B8%D0%B0%D0%BB%D0%B8%D1%81%D1%82%D0%BE%D0%B2-%D0%BA%D0%B0%D1%80%D1%82%D0%BE%D1%87%D0%B5%D0%BA-%D1%81%D0%BF%D0%B5%D1%86%D0%B8%D0%B0%D0%BB%D0%B8%D1%81%D1%82%D0%BE%D0%B2"
"обучение / эксперты";"Trello-связь";"внутренняя Trello-связь";"";"ТЗ. Отзывы и рейтинг специалистов (карточек специалистов)";"На проверке";"ТЗ Игорю";"вложение";"image.png";"https://trello.com/1/cards/69415b4f807c47786d8870c0/attachments/6952da683d1f6a647b788deb/download/image.png";"https://trello.com/c/GVvW2vR6/210-%D1%82%D0%B7-%D0%BE%D1%82%D0%B7%D1%8B%D0%B2%D1%8B-%D0%B8-%D1%80%D0%B5%D0%B9%D1%82%D0%B8%D0%BD%D0%B3-%D1%81%D0%BF%D0%B5%D1%86%D0%B8%D0%B0%D0%BB%D0%B8%D1%81%D1%82%D0%BE%D0%B2-%D0%BA%D0%B0%D1%80%D1%82%D0%BE%D1%87%D0%B5%D0%BA-%D1%81%D0%BF%D0%B5%D1%86%D0%B8%D0%B0%D0%BB%D0%B8%D1%81%D1%82%D0%BE%D0%B2"
"общий источник";"Trello-связь";"внутренняя Trello-связь";"";"Договор на аренду жилья";"На проверке";"";"вложение";"АКТ ЕЛЕНА !!!.docx";"https://trello.com/1/cards/690223c230d477f67c6ebe60/attachments/6908735ea85b9dbbd03915bc/download/%D0%90%D0%9A%D0%A2_%D0%95%D0%9B%D0%95%D0%9D%D0%90_!!!.docx";"https://trello.com/c/JcuabvYU/180-%D0%B4%D0%BE%D0%B3%D0%BE%D0%B2%D0%BE%D1%80-%D0%BD%D0%B0-%D0%B0%D1%80%D0%B5%D0%BD%D0%B4%D1%83-%D0%B6%D0%B8%D0%BB%D1%8C%D1%8F"
"общий источник";"Trello-связь";"внутренняя Trello-связь";"";"Договор на аренду жилья";"На проверке";"";"вложение";"photo_2025-10-29_17-49-32.jpg";"https://trello.com/1/cards/690223c230d477f67c6ebe60/attachments/690873664e26dd25e4e2b0c0/download/photo_2025-10-29_17-49-32.jpg";"https://trello.com/c/JcuabvYU/180-%D0%B4%D0%BE%D0%B3%D0%BE%D0%B2%D0%BE%D1%80-%D0%BD%D0%B0-%D0%B0%D1%80%D0%B5%D0%BD%D0%B4%D1%83-%D0%B6%D0%B8%D0%BB%D1%8C%D1%8F"
"общий источник";"Trello-связь";"внутренняя Trello-связь";"";"Договор на аренду жилья";"На проверке";"";"вложение";"Договор_найма_ФЛ_ФЛ_04112025.docx";"https://trello.com/1/cards/690223c230d477f67c6ebe60/attachments/690b2ecd01a6c9f276e0c629/download/%D0%94%D0%BE%D0%B3%D0%BE%D0%B2%D0%BE%D1%80_%D0%BD%D0%B0%D0%B9%D0%BC%D0%B0_%D0%A4%D0%9B_%D0%A4%D0%9B_04112025.docx";"https://trello.com/c/JcuabvYU/180-%D0%B4%D0%BE%D0%B3%D0%BE%D0%B2%D0%BE%D1%80-%D0%BD%D0%B0-%D0%B0%D1%80%D0%B5%D0%BD%D0%B4%D1%83-%D0%B6%D0%B8%D0%BB%D1%8C%D1%8F"
"общий источник";"Trello-связь";"внутренняя Trello-связь";"";"Договор на аренду жилья";"На проверке";"";"вложение";"Договор_найма_ФЛ_ФЛ_04112025.docx";"https://trello.com/1/cards/690223c230d477f67c6ebe60/attachments/6912df84e804ee5f06dd5712/download/%D0%94%D0%BE%D0%B3%D0%BE%D0%B2%D0%BE%D1%80_%D0%BD%D0%B0%D0%B9%D0%BC%D0%B0_%D0%A4%D0%9B_%D0%A4%D0%9B_04112025.docx";"https://trello.com/c/JcuabvYU/180-%D0%B4%D0%BE%D0%B3%D0%BE%D0%B2%D0%BE%D1%80-%D0%BD%D0%B0-%D0%B0%D1%80%D0%B5%D0%BD%D0%B4%D1%83-%D0%B6%D0%B8%D0%BB%D1%8C%D1%8F"
"email / уведомления";"другое";"доступ не проверен";"";"ТЗ по управлению email-рассылки из админки";"На проверке";"ТЗ Игорю";"описание";"";"https://confideline.com/ru/admin/user/index";"https://trello.com/c/tHaAg57o/192-%D1%82%D0%B7-%D0%BF%D0%BE-%D1%83%D0%BF%D1%80%D0%B0%D0%B2%D0%BB%D0%B5%D0%BD%D0%B8%D1%8E-email-%D1%80%D0%B0%D1%81%D1%81%D1%8B%D0%BB%D0%BA%D0%B8-%D0%B8%D0%B7-%D0%B0%D0%B4%D0%BC%D0%B8%D0%BD%D0%BA%D0%B8"
"email / уведомления";"Trello-связь";"внутренняя Trello-связь";"";"ТЗ по управлению email-рассылки из админки";"На проверке";"ТЗ Игорю";"вложение";"https://trello.com/c/ieDMOpiS/161-email-%D1%80%D0%B0%D1%81%D1%81%D1%8B%D0%BB%D0%BA%D0%B0-%D1%81%D0%B5%D1%80%D0%B2%D0%B8%D1%81%D0%B0-nebula";"https://trello.com/c/ieDMOpiS/161-email-%D1%80%D0%B0%D1%81%D1%81%D1%8B%D0%BB%D0%BA%D0%B0-%D1%81%D0%B5%D1%80%D0%B2%D0%B8%D1%81%D0%B0-nebula";"https://trello.com/c/tHaAg57o/192-%D1%82%D0%B7-%D0%BF%D0%BE-%D1%83%D0%BF%D1%80%D0%B0%D0%B2%D0%BB%D0%B5%D0%BD%D0%B8%D1%8E-email-%D1%80%D0%B0%D1%81%D1%81%D1%8B%D0%BB%D0%BA%D0%B8-%D0%B8%D0%B7-%D0%B0%D0%B4%D0%BC%D0%B8%D0%BD%D0%BA%D0%B8"
"email / уведомления";"Trello-связь";"внутренняя Trello-связь";"";"ТЗ по управлению email-рассылки из админки";"На проверке";"ТЗ Игорю";"вложение";"image.png";"https://trello.com/1/cards/692e96a9b6808f765eb5cac4/attachments/692ecae87beeb6522808684d/download/image.png";"https://trello.com/c/tHaAg57o/192-%D1%82%D0%B7-%D0%BF%D0%BE-%D1%83%D0%BF%D1%80%D0%B0%D0%B2%D0%BB%D0%B5%D0%BD%D0%B8%D1%8E-email-%D1%80%D0%B0%D1%81%D1%81%D1%8B%D0%BB%D0%BA%D0%B8-%D0%B8%D0%B7-%D0%B0%D0%B4%D0%BC%D0%B8%D0%BD%D0%BA%D0%B8"
"email / уведомления";"Trello-связь";"внутренняя Trello-связь";"";"ТЗ по управлению email-рассылки из админки";"На проверке";"ТЗ Игорю";"вложение";"image.png";"https://trello.com/1/cards/692e96a9b6808f765eb5cac4/attachments/692ecbec3cc6a8afe9f7242c/download/image.png";"https://trello.com/c/tHaAg57o/192-%D1%82%D0%B7-%D0%BF%D0%BE-%D1%83%D0%BF%D1%80%D0%B0%D0%B2%D0%BB%D0%B5%D0%BD%D0%B8%D1%8E-email-%D1%80%D0%B0%D1%81%D1%81%D1%8B%D0%BB%D0%BA%D0%B8-%D0%B8%D0%B7-%D0%B0%D0%B4%D0%BC%D0%B8%D0%BD%D0%BA%D0%B8"
"email / уведомления";"Trello-связь";"внутренняя Trello-связь";"";"ТЗ по управлению email-рассылки из админки";"На проверке";"ТЗ Игорю";"вложение";"image.png";"https://trello.com/1/cards/692e96a9b6808f765eb5cac4/attachments/69834a668efc2dc67820c3d2/download/image.png";"https://trello.com/c/tHaAg57o/192-%D1%82%D0%B7-%D0%BF%D0%BE-%D1%83%D0%BF%D1%80%D0%B0%D0%B2%D0%BB%D0%B5%D0%BD%D0%B8%D1%8E-email-%D1%80%D0%B0%D1%81%D1%81%D1%8B%D0%BB%D0%BA%D0%B8-%D0%B8%D0%B7-%D0%B0%D0%B4%D0%BC%D0%B8%D0%BD%D0%BA%D0%B8"
"обучение / эксперты";"Trello-связь";"внутренняя Trello-связь";"";"ТЗ Чат базовый";"На проверке";"";"описание";"";"https://trello.com/1/cards/698308bad4ea95031e2b8ce5/attachments/69a9410a2789d9e0d0ea3c89/previews/69a9410b2789d9e0d0ea3c9c/download/image.webp";"https://trello.com/c/5vc1MqUB/239-%D1%82%D0%B7-%D1%87%D0%B0%D1%82-%D0%B1%D0%B0%D0%B7%D0%BE%D0%B2%D1%8B%D0%B9"
"обучение / эксперты";"таблица Google";"открывается";"200";"ТЗ Чат базовый";"На проверке";"";"описание";"";"https://docs.google.com/spreadsheets/d/1tU4c6gkm6f4oNa4ZX4A43mu_1U_1VzE2CKoxoed_zKo/edit?gid=0#gid=0";"https://trello.com/c/5vc1MqUB/239-%D1%82%D0%B7-%D1%87%D0%B0%D1%82-%D0%B1%D0%B0%D0%B7%D0%BE%D0%B2%D1%8B%D0%B9"
"обучение / эксперты";"Trello-связь";"внутренняя Trello-связь";"";"ТЗ Чат базовый";"На проверке";"";"вложение";"admin-chat-angular-migration-final.html";"https://trello.com/1/cards/698308bad4ea95031e2b8ce5/attachments/69a940ba7351284cfd7921e2/download/admin-chat-angular-migration-final.html";"https://trello.com/c/5vc1MqUB/239-%D1%82%D0%B7-%D1%87%D0%B0%D1%82-%D0%B1%D0%B0%D0%B7%D0%BE%D0%B2%D1%8B%D0%B9"
"обучение / эксперты";"Trello-связь";"внутренняя Trello-связь";"";"ТЗ Чат базовый";"На проверке";"";"вложение";"image.png";"https://trello.com/1/cards/698308bad4ea95031e2b8ce5/attachments/69a9410a2789d9e0d0ea3c89/download/image.png";"https://trello.com/c/5vc1MqUB/239-%D1%82%D0%B7-%D1%87%D0%B0%D1%82-%D0%B1%D0%B0%D0%B7%D0%BE%D0%B2%D1%8B%D0%B9"
"общий источник";"таблица Google";"открывается";"200";"Сформировать список гипотез, которые могут работать по формату AI-ассистента на нашей платформе";"На проверке";"";"описание";"";"https://docs.google.com/spreadsheets/d/1R4YOVU6dlxM5BPy4mWwmIcBUNeKczyPZKWcx2WOKd8U/edit?usp=sharing";"https://trello.com/c/RpSO9XLQ/206-%D1%81%D1%84%D0%BE%D1%80%D0%BC%D0%B8%D1%80%D0%BE%D0%B2%D0%B0%D1%82%D1%8C-%D1%81%D0%BF%D0%B8%D1%81%D0%BE%D0%BA-%D0%B3%D0%B8%D0%BF%D0%BE%D1%82%D0%B5%D0%B7-%D0%BA%D0%BE%D1%82%D0%BE%D1%80%D1%8B%D0%B5-%D0%BC%D0%BE%D0%B3%D1%83%D1%82-%D1%80%D0%B0%D0%B1%D0%BE%D1%82%D0%B0%D1%82%D1%8C-%D0%BF%D0%BE-%D1%84%D0%BE%D1%80%D0%BC%D0%B0%D1%82%D1%83-ai-%D0%B0%D1%81%D1%81%D0%B8%D1%81%D1%82%D0%B5%D0%BD%D1%82%D0%B0-%D0%BD%D0%B0-%D0%BD%D0%B0%D1%88%D0%B5%D0%B9-%D0%BF%D0%BB%D0%B0%D1%82%D1%84%D0%BE%D1%80%D0%BC%D0%B5"
"общий источник";"Trello-связь";"внутренняя Trello-связь";"";"Bans Advanced";"На проверке";"ТЗ Игорю, Done. Testing";"вложение";"image.png";"https://trello.com/1/cards/694acc540a846656baaf21af/attachments/6965e29bc40a7bafd98d91a0/download/image.png";"https://trello.com/c/cvU1QRIK/226-bans-advanced"
"общий источник";"Trello-связь";"внутренняя Trello-связь";"";"Bans Advanced";"На проверке";"ТЗ Игорю, Done. Testing";"вложение";"image.png";"https://trello.com/1/cards/694acc540a846656baaf21af/attachments/6965e3ddbb99fc7fb61b2dda/download/image.png";"https://trello.com/c/cvU1QRIK/226-bans-advanced"
"общий источник";"Trello-связь";"внутренняя Trello-связь";"";"Bans Advanced";"На проверке";"ТЗ Игорю, Done. Testing";"вложение";"image.png";"https://trello.com/1/cards/694acc540a846656baaf21af/attachments/6965e436924aa67b914a53a7/download/image.png";"https://trello.com/c/cvU1QRIK/226-bans-advanced"
"общий источник";"Trello-связь";"внутренняя Trello-связь";"";"Bans Advanced";"На проверке";"ТЗ Игорю, Done. Testing";"вложение";"image.png";"https://trello.com/1/cards/694acc540a846656baaf21af/attachments/6965e45faa6c5daad10614c8/download/image.png";"https://trello.com/c/cvU1QRIK/226-bans-advanced"
"общий источник";"Trello-связь";"внутренняя Trello-связь";"";"Bans Advanced";"На проверке";"ТЗ Игорю, Done. Testing";"вложение";"image.png";"https://trello.com/1/cards/694acc540a846656baaf21af/attachments/6965e465811c4bee044a9509/download/image.png";"https://trello.com/c/cvU1QRIK/226-bans-advanced"
"общий источник";"Trello-связь";"внутренняя Trello-связь";"";"Bans Advanced";"На проверке";"ТЗ Игорю, Done. Testing";"вложение";"image.png";"https://trello.com/1/cards/694acc540a846656baaf21af/attachments/6965e4821f072487bb8cb094/download/image.png";"https://trello.com/c/cvU1QRIK/226-bans-advanced"
"общий источник";"Trello-связь";"внутренняя Trello-связь";"";"Bans Advanced";"На проверке";"ТЗ Игорю, Done. Testing";"вложение";"image.png";"https://trello.com/1/cards/694acc540a846656baaf21af/attachments/6965e4bd329b03c39fcbe257/download/image.png";"https://trello.com/c/cvU1QRIK/226-bans-advanced"
"дизайн / frontend";"Trello-связь";"внутренняя Trello-связь";"";"Макет главной страницы S";"Архив (Выполнено)";"";"вложение";"image.png";"https://trello.com/1/cards/67ed1b13a69381108b4c6c0c/attachments/680c8cecaa3703c88e4586f8/download/image.png";"https://trello.com/c/kmkP67pK/92-%D0%BC%D0%B0%D0%BA%D0%B5%D1%82-%D0%B3%D0%BB%D0%B0%D0%B2%D0%BD%D0%BE%D0%B9-%D1%81%D1%82%D1%80%D0%B0%D0%BD%D0%B8%D1%86%D1%8B-s"
"дизайн / frontend";"Trello-связь";"внутренняя Trello-связь";"";"Макет главной страницы S";"Архив (Выполнено)";"";"вложение";"image.png";"https://trello.com/1/cards/67ed1b13a69381108b4c6c0c/attachments/680c8d45cf0def895befbbd6/download/image.png";"https://trello.com/c/kmkP67pK/92-%D0%BC%D0%B0%D0%BA%D0%B5%D1%82-%D0%B3%D0%BB%D0%B0%D0%B2%D0%BD%D0%BE%D0%B9-%D1%81%D1%82%D1%80%D0%B0%D0%BD%D0%B8%D1%86%D1%8B-s"
"дизайн / frontend";"Trello-связь";"внутренняя Trello-связь";"";"Макет главной страницы S";"Архив (Выполнено)";"";"вложение";"image.png";"https://trello.com/1/cards/67ed1b13a69381108b4c6c0c/attachments/680c8d934e46c6154eaf8a75/download/image.png";"https://trello.com/c/kmkP67pK/92-%D0%BC%D0%B0%D0%BA%D0%B5%D1%82-%D0%B3%D0%BB%D0%B0%D0%B2%D0%BD%D0%BE%D0%B9-%D1%81%D1%82%D1%80%D0%B0%D0%BD%D0%B8%D1%86%D1%8B-s"
"дизайн / frontend";"документ Google";"открывается";"200";"Макет главной страницы S";"Архив (Выполнено)";"";"вложение";"https://docs.google.com/document/d/1qFcgipDdoiR9OvTaI05FmH3cLvyEXr4EnRs6HGMG0tw/edit?tab=t.0";"https://docs.google.com/document/d/1qFcgipDdoiR9OvTaI05FmH3cLvyEXr4EnRs6HGMG0tw/edit?tab=t.0";"https://trello.com/c/kmkP67pK/92-%D0%BC%D0%B0%D0%BA%D0%B5%D1%82-%D0%B3%D0%BB%D0%B0%D0%B2%D0%BD%D0%BE%D0%B9-%D1%81%D1%82%D1%80%D0%B0%D0%BD%D0%B8%D1%86%D1%8B-s"
"дизайн / frontend";"документ Google";"открывается";"200";"Макет главной страницы S";"Архив (Выполнено)";"";"вложение";"https://docs.google.com/document/d/1FjRScFs1LZJi0OsF1E0cKOw_hwKmmwyeGyq8JpmzM3c/edit?tab=t.0";"https://docs.google.com/document/d/1FjRScFs1LZJi0OsF1E0cKOw_hwKmmwyeGyq8JpmzM3c/edit?tab=t.0";"https://trello.com/c/kmkP67pK/92-%D0%BC%D0%B0%D0%BA%D0%B5%D1%82-%D0%B3%D0%BB%D0%B0%D0%B2%D0%BD%D0%BE%D0%B9-%D1%81%D1%82%D1%80%D0%B0%D0%BD%D0%B8%D1%86%D1%8B-s"
"email / уведомления";"другое";"доступ не проверен";"";"Разобраться как работает система email-рассылки (из реестра)";"Архив (Выполнено)";"";"описание";"";"https://prnt.sc/K91Dky43u3Qe";"https://trello.com/c/EkF3EKYk/134-%D1%80%D0%B0%D0%B7%D0%BE%D0%B1%D1%80%D0%B0%D1%82%D1%8C%D1%81%D1%8F-%D0%BA%D0%B0%D0%BA-%D1%80%D0%B0%D0%B1%D0%BE%D1%82%D0%B0%D0%B5%D1%82-%D1%81%D0%B8%D1%81%D1%82%D0%B5%D0%BC%D0%B0-email-%D1%80%D0%B0%D1%81%D1%81%D1%8B%D0%BB%D0%BA%D0%B8-%D0%B8%D0%B7-%D1%80%D0%B5%D0%B5%D1%81%D1%82%D1%80%D0%B0"
"документы / legal";"другое";"доступ не проверен";"";"Перепроверить политики и тд";"Архив (Выполнено)";"";"описание";"";"https://usemybridge.com/";"https://trello.com/c/IJpuYbJg/135-%D0%BF%D0%B5%D1%80%D0%B5%D0%BF%D1%80%D0%BE%D0%B2%D0%B5%D1%80%D0%B8%D1%82%D1%8C-%D0%BF%D0%BE%D0%BB%D0%B8%D1%82%D0%B8%D0%BA%D0%B8-%D0%B8-%D1%82%D0%B4"
"дизайн / frontend";"Trello-связь";"внутренняя Trello-связь";"";"Сформировать ТЗ для дизайнера по недостающим страницам S";"Архив (Выполнено)";"";"вложение";"https://trello.com/c/G11mfR6V/123-%D1%80%D0%B5%D0%B2%D0%B8%D0%B7%D0%B8%D1%8F-%D0%B2%D1%81%D0%B5%D1%85-%D1%81%D1%82%D1%80%D0%B0%D0%BD%D0%B8%D1%86-%D1%8E%D0%B4%D0%B5%D0%B9%D1%82-%D0%B4%D0%BB%D1%8F-%D0%BF%D1%80%D0%BE%D0%B5%D0%BA%D1%82%D0%B0-s";"https://trello.com/c/G11mfR6V/123-%D1%80%D0%B5%D0%B2%D0%B8%D0%B7%D0%B8%D1%8F-%D0%B2%D1%81%D0%B5%D1%85-%D1%81%D1%82%D1%80%D0%B0%D0%BD%D0%B8%D1%86-%D1%8E%D0%B4%D0%B5%D0%B9%D1%82-%D0%B4%D0%BB%D1%8F-%D0%BF%D1%80%D0%BE%D0%B5%D0%BA%D1%82%D0%B0-s";"https://trello.com/c/yPVWOJSF/137-%D1%81%D1%84%D0%BE%D1%80%D0%BC%D0%B8%D1%80%D0%BE%D0%B2%D0%B0%D1%82%D1%8C-%D1%82%D0%B7-%D0%B4%D0%BB%D1%8F-%D0%B4%D0%B8%D0%B7%D0%B0%D0%B9%D0%BD%D0%B5%D1%80%D0%B0-%D0%BF%D0%BE-%D0%BD%D0%B5%D0%B4%D0%BE%D1%81%D1%82%D0%B0%D1%8E%D1%89%D0%B8%D0%BC-%D1%81%D1%82%D1%80%D0%B0%D0%BD%D0%B8%D1%86%D0%B0%D0%BC-s"
"дизайн / frontend";"Trello-связь";"внутренняя Trello-связь";"";"Макеты недостающих страниц S";"Архив (Выполнено)";"";"вложение";"Макет S- 4.png";"https://trello.com/1/cards/67ed1b30c7b23da7d4f94265/attachments/68528313cd10c69379f3ca4d/download/%D0%9C%D0%B0%D0%BA%D0%B5%D1%82_S-_4.png";"https://trello.com/c/XZQMssaM/93-%D0%BC%D0%B0%D0%BA%D0%B5%D1%82%D1%8B-%D0%BD%D0%B5%D0%B4%D0%BE%D1%81%D1%82%D0%B0%D1%8E%D1%89%D0%B8%D1%85-%D1%81%D1%82%D1%80%D0%B0%D0%BD%D0%B8%D1%86-s"
"дизайн / frontend";"Trello-связь";"внутренняя Trello-связь";"";"Макеты недостающих страниц S";"Архив (Выполнено)";"";"вложение";"image.png";"https://trello.com/1/cards/67ed1b30c7b23da7d4f94265/attachments/6862cec220571a8f6dd8a9e9/download/image.png";"https://trello.com/c/XZQMssaM/93-%D0%BC%D0%B0%D0%BA%D0%B5%D1%82%D1%8B-%D0%BD%D0%B5%D0%B4%D0%BE%D1%81%D1%82%D0%B0%D1%8E%D1%89%D0%B8%D1%85-%D1%81%D1%82%D1%80%D0%B0%D0%BD%D0%B8%D1%86-s"
"дизайн / frontend";"Trello-связь";"внутренняя Trello-связь";"";"Макеты недостающих страниц S";"Архив (Выполнено)";"";"вложение";"image.png";"https://trello.com/1/cards/67ed1b30c7b23da7d4f94265/attachments/6862ceca8bf9ab4899a162e1/download/image.png";"https://trello.com/c/XZQMssaM/93-%D0%BC%D0%B0%D0%BA%D0%B5%D1%82%D1%8B-%D0%BD%D0%B5%D0%B4%D0%BE%D1%81%D1%82%D0%B0%D1%8E%D1%89%D0%B8%D1%85-%D1%81%D1%82%D1%80%D0%B0%D0%BD%D0%B8%D1%86-s"
"дизайн / frontend";"Trello-связь";"внутренняя Trello-связь";"";"Макеты недостающих страниц S";"Архив (Выполнено)";"";"вложение";"image.png";"https://trello.com/1/cards/67ed1b30c7b23da7d4f94265/attachments/6862ced6c79c3ee48c3d5553/download/image.png";"https://trello.com/c/XZQMssaM/93-%D0%BC%D0%B0%D0%BA%D0%B5%D1%82%D1%8B-%D0%BD%D0%B5%D0%B4%D0%BE%D1%81%D1%82%D0%B0%D1%8E%D1%89%D0%B8%D1%85-%D1%81%D1%82%D1%80%D0%B0%D0%BD%D0%B8%D1%86-s"
"дизайн / frontend";"Trello-связь";"внутренняя Trello-связь";"";"Макеты недостающих страниц S";"Архив (Выполнено)";"";"вложение";"image.png";"https://trello.com/1/cards/67ed1b30c7b23da7d4f94265/attachments/6862cee8e53e05cec95da80f/download/image.png";"https://trello.com/c/XZQMssaM/93-%D0%BC%D0%B0%D0%BA%D0%B5%D1%82%D1%8B-%D0%BD%D0%B5%D0%B4%D0%BE%D1%81%D1%82%D0%B0%D1%8E%D1%89%D0%B8%D1%85-%D1%81%D1%82%D1%80%D0%B0%D0%BD%D0%B8%D1%86-s"
"дизайн / frontend";"Trello-связь";"внутренняя Trello-связь";"";"Макеты недостающих страниц S";"Архив (Выполнено)";"";"вложение";"image.png";"https://trello.com/1/cards/67ed1b30c7b23da7d4f94265/attachments/6862cef090962bc542a319dd/download/image.png";"https://trello.com/c/XZQMssaM/93-%D0%BC%D0%B0%D0%BA%D0%B5%D1%82%D1%8B-%D0%BD%D0%B5%D0%B4%D0%BE%D1%81%D1%82%D0%B0%D1%8E%D1%89%D0%B8%D1%85-%D1%81%D1%82%D1%80%D0%B0%D0%BD%D0%B8%D1%86-s"
"дизайн / frontend";"Trello-связь";"внутренняя Trello-связь";"";"Макеты недостающих страниц S";"Архив (Выполнено)";"";"вложение";"image.png";"https://trello.com/1/cards/67ed1b30c7b23da7d4f94265/attachments/6862cef7dea51d0ef5304747/download/image.png";"https://trello.com/c/XZQMssaM/93-%D0%BC%D0%B0%D0%BA%D0%B5%D1%82%D1%8B-%D0%BD%D0%B5%D0%B4%D0%BE%D1%81%D1%82%D0%B0%D1%8E%D1%89%D0%B8%D1%85-%D1%81%D1%82%D1%80%D0%B0%D0%BD%D0%B8%D1%86-s"
"чат / коммуникации";"другое";"доступ не проверен";"";"Регистрация на сайтах типа небулы";"Архив (Выполнено)";"";"описание";"";"https://ezochat.com/psychic-register";"https://trello.com/c/sDaz0HWN/140-%D1%80%D0%B5%D0%B3%D0%B8%D1%81%D1%82%D1%80%D0%B0%D1%86%D0%B8%D1%8F-%D0%BD%D0%B0-%D1%81%D0%B0%D0%B9%D1%82%D0%B0%D1%85-%D1%82%D0%B8%D0%BF%D0%B0-%D0%BD%D0%B5%D0%B1%D1%83%D0%BB%D1%8B"
"чат / коммуникации";"другое";"доступ не проверен";"";"Регистрация на сайтах типа небулы";"Архив (Выполнено)";"";"описание";"";"https://astro7.su";"https://trello.com/c/sDaz0HWN/140-%D1%80%D0%B5%D0%B3%D0%B8%D1%81%D1%82%D1%80%D0%B0%D1%86%D0%B8%D1%8F-%D0%BD%D0%B0-%D1%81%D0%B0%D0%B9%D1%82%D0%B0%D1%85-%D1%82%D0%B8%D0%BF%D0%B0-%D0%BD%D0%B5%D0%B1%D1%83%D0%BB%D1%8B"
"чат / коммуникации";"другое";"доступ не проверен";"";"Регистрация на сайтах типа небулы";"Архив (Выполнено)";"";"описание";"";"https://astro7.su/";"https://trello.com/c/sDaz0HWN/140-%D1%80%D0%B5%D0%B3%D0%B8%D1%81%D1%82%D1%80%D0%B0%D1%86%D0%B8%D1%8F-%D0%BD%D0%B0-%D1%81%D0%B0%D0%B9%D1%82%D0%B0%D1%85-%D1%82%D0%B8%D0%BF%D0%B0-%D0%BD%D0%B5%D0%B1%D1%83%D0%BB%D1%8B"
"чат / коммуникации";"другое";"доступ не проверен";"";"Регистрация на сайтах типа небулы";"Архив (Выполнено)";"";"описание";"";"https://lunaro.ru/ekspertam";"https://trello.com/c/sDaz0HWN/140-%D1%80%D0%B5%D0%B3%D0%B8%D1%81%D1%82%D1%80%D0%B0%D1%86%D0%B8%D1%8F-%D0%BD%D0%B0-%D1%81%D0%B0%D0%B9%D1%82%D0%B0%D1%85-%D1%82%D0%B8%D0%BF%D0%B0-%D0%BD%D0%B5%D0%B1%D1%83%D0%BB%D1%8B"
"чат / коммуникации";"другое";"доступ не проверен";"";"Регистрация на сайтах типа небулы";"Архив (Выполнено)";"";"описание";"";"https://Astrology.com";"https://trello.com/c/sDaz0HWN/140-%D1%80%D0%B5%D0%B3%D0%B8%D1%81%D1%82%D1%80%D0%B0%D1%86%D0%B8%D1%8F-%D0%BD%D0%B0-%D1%81%D0%B0%D0%B9%D1%82%D0%B0%D1%85-%D1%82%D0%B8%D0%BF%D0%B0-%D0%BD%D0%B5%D0%B1%D1%83%D0%BB%D1%8B"
"общий источник";"Trello-связь";"внутренняя Trello-связь";"";"Готовый предложенный стикерпак";"Архив (Выполнено)";"";"вложение";"image_2025-07-31_14-38-28.png";"https://trello.com/1/cards/688b55d18339bbfadfb3cfeb/attachments/688b564ae9af07a622bbe1a1/download/image_2025-07-31_14-38-28.png";"https://trello.com/c/2gmwj5dL/144-%D0%B3%D0%BE%D1%82%D0%BE%D0%B2%D1%8B%D0%B9-%D0%BF%D1%80%D0%B5%D0%B4%D0%BB%D0%BE%D0%B6%D0%B5%D0%BD%D0%BD%D1%8B%D0%B9-%D1%81%D1%82%D0%B8%D0%BA%D0%B5%D1%80%D0%BF%D0%B0%D0%BA"
"общий источник";"Trello-связь";"внутренняя Trello-связь";"";"Готовый предложенный стикерпак";"Архив (Выполнено)";"";"вложение";"Стикеры.zip";"https://trello.com/1/cards/688b55d18339bbfadfb3cfeb/attachments/68acd211d36a5382fbfa9358/download/%D0%A1%D1%82%D0%B8%D0%BA%D0%B5%D1%80%D1%8B.zip";"https://trello.com/c/2gmwj5dL/144-%D0%B3%D0%BE%D1%82%D0%BE%D0%B2%D1%8B%D0%B9-%D0%BF%D1%80%D0%B5%D0%B4%D0%BB%D0%BE%D0%B6%D0%B5%D0%BD%D0%BD%D1%8B%D0%B9-%D1%81%D1%82%D0%B8%D0%BA%D0%B5%D1%80%D0%BF%D0%B0%D0%BA"
"дизайн / frontend";"таблица Google";"открывается";"200";"Окончательное ТЗ по чат боту!";"Архив (Выполнено)";"";"описание";"";"https://docs.google.com/spreadsheets/d/1_RgP4ntifEIN0dO2OhTjq-Zpoq9s-gTB/edit?usp=sharing&ouid=117865673662155780117&rtpof=true&sd=true";"https://trello.com/c/jhP7Mbpg/147-%D0%BE%D0%BA%D0%BE%D0%BD%D1%87%D0%B0%D1%82%D0%B5%D0%BB%D1%8C%D0%BD%D0%BE%D0%B5-%D1%82%D0%B7-%D0%BF%D0%BE-%D1%87%D0%B0%D1%82-%D0%B1%D0%BE%D1%82%D1%83"
"дизайн / frontend";"Trello-связь";"внутренняя Trello-связь";"";"Окончательное ТЗ по чат боту!";"Архив (Выполнено)";"";"описание";"";"https://trello.com/c/GTEID3Q7/101-%D0%BF%D1%80%D0%BE%D1%82%D0%BE%D1%82%D0%B8%D0%BF-%D1%87%D0%B0%D1%82-%D0%B1%D0%BE%D1%82%D0%B0-s-%D1%82%D0%B7-%D0%BF%D0%BE-%D0%B4%D0%BE%D1%80%D0%B0%D0%B1%D0%BE%D1%82%D0%BA%D0%B0%D0%BC";"https://trello.com/c/jhP7Mbpg/147-%D0%BE%D0%BA%D0%BE%D0%BD%D1%87%D0%B0%D1%82%D0%B5%D0%BB%D1%8C%D0%BD%D0%BE%D0%B5-%D1%82%D0%B7-%D0%BF%D0%BE-%D1%87%D0%B0%D1%82-%D0%B1%D0%BE%D1%82%D1%83"
"общий источник";"другое";"доступ не проверен";"";"Запустить регистрацию на сайтах знакомств в режиме агента";"Архив (Выполнено)";"";"описание";"";"https://www.pof.com/";"https://trello.com/c/Ibq7eWBK/152-%D0%B7%D0%B0%D0%BF%D1%83%D1%81%D1%82%D0%B8%D1%82%D1%8C-%D1%80%D0%B5%D0%B3%D0%B8%D1%81%D1%82%D1%80%D0%B0%D1%86%D0%B8%D1%8E-%D0%BD%D0%B0-%D1%81%D0%B0%D0%B9%D1%82%D0%B0%D1%85-%D0%B7%D0%BD%D0%B0%D0%BA%D0%BE%D0%BC%D1%81%D1%82%D0%B2-%D0%B2-%D1%80%D0%B5%D0%B6%D0%B8%D0%BC%D0%B5-%D0%B0%D0%B3%D0%B5%D0%BD%D1%82%D0%B0"
"общий источник";"другое";"доступ не проверен";"";"Запустить регистрацию на сайтах знакомств в режиме агента";"Архив (Выполнено)";"";"описание";"";"https://internationalcupid.com/";"https://trello.com/c/Ibq7eWBK/152-%D0%B7%D0%B0%D0%BF%D1%83%D1%81%D1%82%D0%B8%D1%82%D1%8C-%D1%80%D0%B5%D0%B3%D0%B8%D1%81%D1%82%D1%80%D0%B0%D1%86%D0%B8%D1%8E-%D0%BD%D0%B0-%D1%81%D0%B0%D0%B9%D1%82%D0%B0%D1%85-%D0%B7%D0%BD%D0%B0%D0%BA%D0%BE%D0%BC%D1%81%D1%82%D0%B2-%D0%B2-%D1%80%D0%B5%D0%B6%D0%B8%D0%BC%D0%B5-%D0%B0%D0%B3%D0%B5%D0%BD%D1%82%D0%B0"
"дизайн / frontend";"Trello-связь";"внутренняя Trello-связь";"";"Дизайн и функционал сторисов.";"Архив (Выполнено)";"";"описание";"";"https://trello.com/1/cards/685a552eb07a4a0dec7837fe/attachments/685a558ef46c7b5d24b54bfe/download/image_2025-06-19_16-05-18.png";"https://trello.com/c/0KaDDgWe/130-%D0%B4%D0%B8%D0%B7%D0%B0%D0%B9%D0%BD-%D0%B8-%D1%84%D1%83%D0%BD%D0%BA%D1%86%D0%B8%D0%BE%D0%BD%D0%B0%D0%BB-%D1%81%D1%82%D0%BE%D1%80%D0%B8%D1%81%D0%BE%D0%B2"
"дизайн / frontend";"Trello-связь";"внутренняя Trello-связь";"";"Дизайн и функционал сторисов.";"Архив (Выполнено)";"";"описание";"";"https://trello.com/1/cards/685a552eb07a4a0dec7837fe/attachments/685a5585291156639620df81/download/image_2025-06-19_16-05-47.png";"https://trello.com/c/0KaDDgWe/130-%D0%B4%D0%B8%D0%B7%D0%B0%D0%B9%D0%BD-%D0%B8-%D1%84%D1%83%D0%BD%D0%BA%D1%86%D0%B8%D0%BE%D0%BD%D0%B0%D0%BB-%D1%81%D1%82%D0%BE%D1%80%D0%B8%D1%81%D0%BE%D0%B2"
"дизайн / frontend";"Trello-связь";"внутренняя Trello-связь";"";"Дизайн и функционал сторисов.";"Архив (Выполнено)";"";"вложение";"image.png";"https://trello.com/1/cards/685a552eb07a4a0dec7837fe/attachments/68acd244d0f3421b6d20904b/download/image.png";"https://trello.com/c/0KaDDgWe/130-%D0%B4%D0%B8%D0%B7%D0%B0%D0%B9%D0%BD-%D0%B8-%D1%84%D1%83%D0%BD%D0%BA%D1%86%D0%B8%D0%BE%D0%BD%D0%B0%D0%BB-%D1%81%D1%82%D0%BE%D1%80%D0%B8%D1%81%D0%BE%D0%B2"
"дизайн / frontend";"Trello-связь";"внутренняя Trello-связь";"";"Дизайн и функционал сторисов.";"Архив (Выполнено)";"";"вложение";"image.png";"https://trello.com/1/cards/685a552eb07a4a0dec7837fe/attachments/68bf2c9f09260421add3f2a2/download/image.png";"https://trello.com/c/0KaDDgWe/130-%D0%B4%D0%B8%D0%B7%D0%B0%D0%B9%D0%BD-%D0%B8-%D1%84%D1%83%D0%BD%D0%BA%D1%86%D0%B8%D0%BE%D0%BD%D0%B0%D0%BB-%D1%81%D1%82%D0%BE%D1%80%D0%B8%D1%81%D0%BE%D0%B2"
"дизайн / frontend";"Trello-связь";"внутренняя Trello-связь";"";"Дизайн и функционал сторисов.";"Архив (Выполнено)";"";"вложение";"image.png";"https://trello.com/1/cards/685a552eb07a4a0dec7837fe/attachments/68bf2cad0b5de206ff6da379/download/image.png";"https://trello.com/c/0KaDDgWe/130-%D0%B4%D0%B8%D0%B7%D0%B0%D0%B9%D0%BD-%D0%B8-%D1%84%D1%83%D0%BD%D0%BA%D1%86%D0%B8%D0%BE%D0%BD%D0%B0%D0%BB-%D1%81%D1%82%D0%BE%D1%80%D0%B8%D1%81%D0%BE%D0%B2"
"дизайн / frontend";"Trello-связь";"внутренняя Trello-связь";"";"Дизайн и функционал сторисов.";"Архив (Выполнено)";"";"вложение";"image.png";"https://trello.com/1/cards/685a552eb07a4a0dec7837fe/attachments/68c88173e0f79c47d68978c1/download/image.png";"https://trello.com/c/0KaDDgWe/130-%D0%B4%D0%B8%D0%B7%D0%B0%D0%B9%D0%BD-%D0%B8-%D1%84%D1%83%D0%BD%D0%BA%D1%86%D0%B8%D0%BE%D0%BD%D0%B0%D0%BB-%D1%81%D1%82%D0%BE%D1%80%D0%B8%D1%81%D0%BE%D0%B2"
"общий источник";"другое";"доступ не проверен";"";"Регистрация на JapanCupid.com с Румынии";"Архив (Выполнено)";"";"описание";"";"http://JapanCupid.com";"https://trello.com/c/5m8rJJNp/164-%D1%80%D0%B5%D0%B3%D0%B8%D1%81%D1%82%D1%80%D0%B0%D1%86%D0%B8%D1%8F-%D0%BD%D0%B0-japancupidcom-%D1%81-%D1%80%D1%83%D0%BC%D1%8B%D0%BD%D0%B8%D0%B8"
"общий источник";"Trello-связь";"внутренняя Trello-связь";"";"ИИ для псевдо KYC";"Архив (Выполнено)";"";"вложение";"Инстркция_по_АИ_ассистенту_Gemini_nano_banana.docx";"https://trello.com/1/cards/68ee0b5ff48c1a1d2c3c86f4/attachments/68f6849578080d477e8e51bc/download/%D0%98%D0%BD%D1%81%D1%82%D1%80%D0%BA%D1%86%D0%B8%D1%8F_%D0%BF%D0%BE_%D0%90%D0%98_%D0%B0%D1%81%D1%81%D0%B8%D1%81%D1%82%D0%B5%D0%BD%D1%82%D1%83_Gemini_nano_banana.docx";"https://trello.com/c/2HfUQVZU/177-%D0%B8%D0%B8-%D0%B4%D0%BB%D1%8F-%D0%BF%D1%81%D0%B5%D0%B2%D0%B4%D0%BE-kyc"
"обучение / эксперты";"Trello-связь";"внутренняя Trello-связь";"";"ТЗ чат продвинутая версия";"Не актуально";"";"описание";"";"https://trello.com/1/cards/69a6a6184309037da1b92370/attachments/69ad4630290f46758ded742e/download/home.html";"https://trello.com/c/Jq50a4t8/256-%D1%82%D0%B7-%D1%87%D0%B0%D1%82-%D0%BF%D1%80%D0%BE%D0%B4%D0%B2%D0%B8%D0%BD%D1%83%D1%82%D0%B0%D1%8F-%D0%B2%D0%B5%D1%80%D1%81%D0%B8%D1%8F"
"обучение / эксперты";"Trello-связь";"внутренняя Trello-связь";"";"ТЗ чат продвинутая версия";"Не актуально";"";"вложение";"admin-chat.zip";"https://trello.com/1/cards/69a6a6184309037da1b92370/attachments/69ac42b6e655a0ba2a5cdcc8/download/admin-chat.zip";"https://trello.com/c/Jq50a4t8/256-%D1%82%D0%B7-%D1%87%D0%B0%D1%82-%D0%BF%D1%80%D0%BE%D0%B4%D0%B2%D0%B8%D0%BD%D1%83%D1%82%D0%B0%D1%8F-%D0%B2%D0%B5%D1%80%D1%81%D0%B8%D1%8F"
"чат / коммуникации";"GitHub";"доступ не проверен";"";"Развернуть чат боты";"Полка (Когда-нибудь)";"";"описание";"";"https://github.com/Synthintel0/MyGirlGPT";"https://trello.com/c/0GdHnH4S/20-%D1%80%D0%B0%D0%B7%D0%B2%D0%B5%D1%80%D0%BD%D1%83%D1%82%D1%8C-%D1%87%D0%B0%D1%82-%D0%B1%D0%BE%D1%82%D1%8B"
"чат / коммуникации";"GitHub";"доступ не проверен";"";"Развернуть чат боты";"Полка (Когда-нибудь)";"";"описание";"";"https://github.com/immarklitvinov/telegram_dating_bot";"https://trello.com/c/0GdHnH4S/20-%D1%80%D0%B0%D0%B7%D0%B2%D0%B5%D1%80%D0%BD%D1%83%D1%82%D1%8C-%D1%87%D0%B0%D1%82-%D0%B1%D0%BE%D1%82%D1%8B"
"чат / коммуникации";"Trello-связь";"внутренняя Trello-связь";"";"Развернуть чат боты";"Полка (Когда-нибудь)";"";"вложение";"image.png";"https://trello.com/1/cards/66c48131fc327cbe148d521c/attachments/67ed1244769a4a6d79ef5a7f/download/image.png";"https://trello.com/c/0GdHnH4S/20-%D1%80%D0%B0%D0%B7%D0%B2%D0%B5%D1%80%D0%BD%D1%83%D1%82%D1%8C-%D1%87%D0%B0%D1%82-%D0%B1%D0%BE%D1%82%D1%8B"
"чат / коммуникации";"Trello-связь";"внутренняя Trello-связь";"";"Прототип чат-бота S, ТЗ по доработкам";"Полка (Когда-нибудь)";"";"вложение";"image.png";"https://trello.com/1/cards/67ed1c8c0023f4b22ba7e8b7/attachments/680f7e5e4844f0e80bb26b31/download/image.png";"https://trello.com/c/GTEID3Q7/101-%D0%BF%D1%80%D0%BE%D1%82%D0%BE%D1%82%D0%B8%D0%BF-%D1%87%D0%B0%D1%82-%D0%B1%D0%BE%D1%82%D0%B0-s-%D1%82%D0%B7-%D0%BF%D0%BE-%D0%B4%D0%BE%D1%80%D0%B0%D0%B1%D0%BE%D1%82%D0%BA%D0%B0%D0%BC"
"чат / коммуникации";"Trello-связь";"внутренняя Trello-связь";"";"ТЗ чат-бота по S (финал)";"Полка (Когда-нибудь)";"";"вложение";"image.png";"https://trello.com/1/cards/6815f0d3310561f6b4792520/attachments/6838080d77420b5f381ebfbf/download/image.png";"https://trello.com/c/DGaGZWpm/107-%D1%82%D0%B7-%D1%87%D0%B0%D1%82-%D0%B1%D0%BE%D1%82%D0%B0-%D0%BF%D0%BE-s-%D1%84%D0%B8%D0%BD%D0%B0%D0%BB"
"дизайн / frontend";"дизайн / Figma";"открывается";"200";"Заверстать лендинг S";"Полка (Когда-нибудь)";"";"описание";"";"https://www.figma.com/design/RwxYQBLDns7T9X3bnVmVBl/YouDate?node-id=0-1&p=f&t=jsRJURyopBY1mJc7-0";"https://trello.com/c/qWEPb34Z/157-%D0%B7%D0%B0%D0%B2%D0%B5%D1%80%D1%81%D1%82%D0%B0%D1%82%D1%8C-%D0%BB%D0%B5%D0%BD%D0%B4%D0%B8%D0%BD%D0%B3-s"
"обучение / эксперты";"другое";"доступ не проверен";"";"Квис-гороскоп + спецпредложение";"Полка (Когда-нибудь)";"";"описание";"";"https://asknebula.com/charts/life-path-calculator";"https://trello.com/c/yBeq6u8C/249-%D0%BA%D0%B2%D0%B8%D1%81-%D0%B3%D0%BE%D1%80%D0%BE%D1%81%D0%BA%D0%BE%D0%BF-%D1%81%D0%BF%D0%B5%D1%86%D0%BF%D1%80%D0%B5%D0%B4%D0%BB%D0%BE%D0%B6%D0%B5%D0%BD%D0%B8%D0%B5"
"обучение / эксперты";"Trello-связь";"внутренняя Trello-связь";"";"Квис-гороскоп + спецпредложение";"Полка (Когда-нибудь)";"";"вложение";"NEBULA.pdf";"https://trello.com/1/cards/6989d2ef90a8dc4140ddff7c/attachments/6989d2fac688155b75a35017/download/NEBULA.pdf";"https://trello.com/c/yBeq6u8C/249-%D0%BA%D0%B2%D0%B8%D1%81-%D0%B3%D0%BE%D1%80%D0%BE%D1%81%D0%BA%D0%BE%D0%BF-%D1%81%D0%BF%D0%B5%D1%86%D0%BF%D1%80%D0%B5%D0%B4%D0%BB%D0%BE%D0%B6%D0%B5%D0%BD%D0%B8%D0%B5"
"дизайн / frontend";"Trello-связь";"внутренняя Trello-связь";"";"Отчет за март";"План на март";"";"описание";"";"https://trello.com/c/5cU9gpqd/251-%D0%BF%D0%B5%D1%80%D0%B5%D0%B2%D0%BE%D0%B4%D1%87%D0%B8%D0%BA-%D0%B2-%D1%87%D0%B0%D1%82%D0%B5-%D0%BF%D0%BE%D0%BB%D1%8C%D0%B7%D0%BE%D0%B2%D0%B0%D1%82%D0%B5%D0%BB%D1%8C-%D0%B0%D0%B3%D0%B5%D0%BD%D1%82";"https://trello.com/c/487cU0ZP/269-%D0%BE%D1%82%D1%87%D0%B5%D1%82-%D0%B7%D0%B0-%D0%BC%D0%B0%D1%80%D1%82"
"дизайн / frontend";"Trello-связь";"внутренняя Trello-связь";"";"Отчет за март";"План на март";"";"описание";"";"https://trello.com/c/eA0PyGKc/260-%D1%82%D0%B7-%D0%BF%D0%BE-%D0%BC%D0%B5%D1%85%D0%B0%D0%BD%D0%B8%D0%BA%D0%B0-%D0%BA%D0%BE%D0%BD%D1%82%D1%80%D0%BE%D0%BB%D1%8F-%D1%80%D0%B0%D0%B1%D0%BE%D1%87%D0%B5%D0%B3%D0%BE-%D0%B2%D1%80%D0%B5%D0%BC%D0%B5%D0%BD%D0%B8-%D1%8D%D0%BA%D1%81%D0%BF%D0%B5%D1%80%D1%82%D0%BE%D0%B2";"https://trello.com/c/487cU0ZP/269-%D0%BE%D1%82%D1%87%D0%B5%D1%82-%D0%B7%D0%B0-%D0%BC%D0%B0%D1%80%D1%82"
"дизайн / frontend";"Trello-связь";"внутренняя Trello-связь";"";"Отчет за март";"План на март";"";"описание";"";"https://trello.com/c/vg9MhRVz/253-%D0%BE%D0%BF%D0%B8%D1%81%D0%B0%D0%BD%D0%B8%D0%B5-%D1%84%D1%83%D0%BD%D0%BA%D1%86%D0%B8%D0%BE%D0%BD%D0%B0%D0%BB%D0%B0-%D0%BF%D0%BE-%D0%BF%D1%80%D0%BE%D0%B5%D0%BA%D1%82%D1%83-nebula-pbexpertpro";"https://trello.com/c/487cU0ZP/269-%D0%BE%D1%82%D1%87%D0%B5%D1%82-%D0%B7%D0%B0-%D0%BC%D0%B0%D1%80%D1%82"
"дизайн / frontend";"Trello-связь";"внутренняя Trello-связь";"";"Отчет за март";"План на март";"";"описание";"";"https://trello.com/c/uLoe5Euq/254-%D0%BF%D1%80%D0%BE%D0%B1%D0%BD%D0%B0%D1%8F-%D0%B2%D0%B5%D1%80%D1%81%D1%82%D0%BA%D0%B0-%D0%B4%D0%B8%D0%B7%D0%B0%D0%B9%D0%BD%D0%B0-%D1%81%D1%82%D1%80%D0%B0%D0%BD%D0%B8%D1%86-nebula";"https://trello.com/c/487cU0ZP/269-%D0%BE%D1%82%D1%87%D0%B5%D1%82-%D0%B7%D0%B0-%D0%BC%D0%B0%D1%80%D1%82"
"дизайн / frontend";"Trello-связь";"внутренняя Trello-связь";"";"Отчет за март";"План на март";"";"описание";"";"https://trello.com/c/YK8WzA8i/257-%D1%82%D0%B7-%D1%80%D0%B5%D0%B3%D0%B8%D1%81%D1%82%D1%80%D0%B0%D1%86%D0%B8%D0%B8-%D1%8D%D0%BA%D1%81%D0%BF%D0%B5%D1%80%D1%82%D0%B0";"https://trello.com/c/487cU0ZP/269-%D0%BE%D1%82%D1%87%D0%B5%D1%82-%D0%B7%D0%B0-%D0%BC%D0%B0%D1%80%D1%82"
"дизайн / frontend";"Trello-связь";"внутренняя Trello-связь";"";"Отчет за март";"План на март";"";"описание";"";"https://trello.com/c/9mcDFqLL/216-16-%D1%8E%D1%80%D0%B8%D0%B4%D0%B8%D1%87%D0%B5%D1%81%D0%BA%D0%B8%D0%B5-%D0%B2%D0%BE%D0%BF%D1%80%D0%BE%D1%81%D1%8B";"https://trello.com/c/487cU0ZP/269-%D0%BE%D1%82%D1%87%D0%B5%D1%82-%D0%B7%D0%B0-%D0%BC%D0%B0%D1%80%D1%82"
"дизайн / frontend";"Trello-связь";"внутренняя Trello-связь";"";"Отчет за март";"План на март";"";"описание";"";"https://trello.com/c/gmCtSSsm/263-%D0%B0%D1%83%D0%B4%D0%B8%D1%82-%D0%B3%D0%BE%D1%82%D0%BE%D0%B2%D1%8B%D1%85-%D0%B4%D0%B8%D0%B7%D0%B0%D0%B9%D0%BD-%D0%BC%D0%B0%D0%BA%D0%B5%D1%82%D0%BE%D0%B2-nebula";"https://trello.com/c/487cU0ZP/269-%D0%BE%D1%82%D1%87%D0%B5%D1%82-%D0%B7%D0%B0-%D0%BC%D0%B0%D1%80%D1%82"
"дизайн / frontend";"Trello-связь";"внутренняя Trello-связь";"";"Отчет за март";"План на март";"";"описание";"";"https://trello.com/c/L57WyO9q/265-%D0%BF%D0%BE%D0%B8%D1%81%D0%BA-%D0%B8%D0%B4%D0%B5%D0%B9-%D0%B4%D0%BB%D1%8F-%D1%81%D1%82%D0%B0%D1%80%D1%82%D0%B0%D0%BF%D0%B0";"https://trello.com/c/487cU0ZP/269-%D0%BE%D1%82%D1%87%D0%B5%D1%82-%D0%B7%D0%B0-%D0%BC%D0%B0%D1%80%D1%82"
"дизайн / frontend";"Trello-связь";"внутренняя Trello-связь";"";"Отчет за март";"План на март";"";"описание";"";"https://trello.com/c/K7Sn0ey2/215-15-%D1%82%D0%B5%D1%85%D0%BD%D0%B8%D1%87%D0%B5%D1%81%D0%BA%D0%B0%D1%8F-%D1%87%D0%B0%D1%81%D1%82%D1%8C";"https://trello.com/c/487cU0ZP/269-%D0%BE%D1%82%D1%87%D0%B5%D1%82-%D0%B7%D0%B0-%D0%BC%D0%B0%D1%80%D1%82"
"обучение / эксперты";"Google Drive";"открывается";"200";"Описание функционала по проекту nebula / pbexpert.pro";"План на март";"";"описание";"";"https://drive.google.com/drive/u/0/folders/1lcNSSidGUwdye--UTFvzyUyKelgUU48v";"https://trello.com/c/vg9MhRVz/253-%D0%BE%D0%BF%D0%B8%D1%81%D0%B0%D0%BD%D0%B8%D0%B5-%D1%84%D1%83%D0%BD%D0%BA%D1%86%D0%B8%D0%BE%D0%BD%D0%B0%D0%BB%D0%B0-%D0%BF%D0%BE-%D0%BF%D1%80%D0%BE%D0%B5%D0%BA%D1%82%D1%83-nebula-pbexpertpro"
"обучение / эксперты";"таблица Google";"открывается";"200";"Описание функционала по проекту nebula / pbexpert.pro";"План на март";"";"описание";"";"https://docs.google.com/spreadsheets/d/1c6pd-EF_KP3UVB5xkP9P4uSVkRDEqILr/edit?gid=566707907#gid=566707907";"https://trello.com/c/vg9MhRVz/253-%D0%BE%D0%BF%D0%B8%D1%81%D0%B0%D0%BD%D0%B8%D0%B5-%D1%84%D1%83%D0%BD%D0%BA%D1%86%D0%B8%D0%BE%D0%BD%D0%B0%D0%BB%D0%B0-%D0%BF%D0%BE-%D0%BF%D1%80%D0%BE%D0%B5%D0%BA%D1%82%D1%83-nebula-pbexpertpro"
"дизайн / frontend";"таблица Google";"открывается";"200";"Пробная верстка дизайна страниц Nebula";"План на март";"";"описание";"";"https://docs.google.com/spreadsheets/d/100VmslglZbrKtSrtvgkMDY3UGzqqWkwdS3rkjW1_ySk/edit?usp=sharing";"https://trello.com/c/uLoe5Euq/254-%D0%BF%D1%80%D0%BE%D0%B1%D0%BD%D0%B0%D1%8F-%D0%B2%D0%B5%D1%80%D1%81%D1%82%D0%BA%D0%B0-%D0%B4%D0%B8%D0%B7%D0%B0%D0%B9%D0%BD%D0%B0-%D1%81%D1%82%D1%80%D0%B0%D0%BD%D0%B8%D1%86-nebula"
"дизайн / frontend";"дизайн / Figma";"открывается";"200";"Пробная верстка дизайна страниц Nebula";"План на март";"";"описание";"";"https://www.figma.com/design/SYrR02E7Ol6szJD4AbFDkE/%D0%9D%D0%95%D0%91%D0%A3%D0%9B%D0%90-v.01-03-2026?node-id=0-1&t=XaZnNwBwGpssXKsi-1";"https://trello.com/c/uLoe5Euq/254-%D0%BF%D1%80%D0%BE%D0%B1%D0%BD%D0%B0%D1%8F-%D0%B2%D0%B5%D1%80%D1%81%D1%82%D0%BA%D0%B0-%D0%B4%D0%B8%D0%B7%D0%B0%D0%B9%D0%BD%D0%B0-%D1%81%D1%82%D1%80%D0%B0%D0%BD%D0%B8%D1%86-nebula"
"дизайн / frontend";"публичная web-панель";"открывается";"200";"Пробная верстка дизайна страниц Nebula";"План на март";"";"описание";"";"https://cutthreat.github.io/nebula-pages-public/site-map.html";"https://trello.com/c/uLoe5Euq/254-%D0%BF%D1%80%D0%BE%D0%B1%D0%BD%D0%B0%D1%8F-%D0%B2%D0%B5%D1%80%D1%81%D1%82%D0%BA%D0%B0-%D0%B4%D0%B8%D0%B7%D0%B0%D0%B9%D0%BD%D0%B0-%D1%81%D1%82%D1%80%D0%B0%D0%BD%D0%B8%D1%86-nebula"
"дизайн / frontend";"Trello-связь";"внутренняя Trello-связь";"";"Пробная верстка дизайна страниц Nebula";"План на март";"";"вложение";"ТЗ по верстке для Светланы.docx";"https://trello.com/1/cards/69a69c801246a5c7a681c555/attachments/69a6a34f90787a5f1dc817e3/download/%D0%A2%D0%97_%D0%BF%D0%BE_%D0%B2%D0%B5%D1%80%D1%81%D1%82%D0%BA%D0%B5_%D0%B4%D0%BB%D1%8F_%D0%A1%D0%B2%D0%B5%D1%82%D0%BB%D0%B0%D0%BD%D1%8B.docx";"https://trello.com/c/uLoe5Euq/254-%D0%BF%D1%80%D0%BE%D0%B1%D0%BD%D0%B0%D1%8F-%D0%B2%D0%B5%D1%80%D1%81%D1%82%D0%BA%D0%B0-%D0%B4%D0%B8%D0%B7%D0%B0%D0%B9%D0%BD%D0%B0-%D1%81%D1%82%D1%80%D0%B0%D0%BD%D0%B8%D1%86-nebula"
"дизайн / frontend";"публичная web-панель";"открывается";"200";"ТЗ регистрации эксперта";"План на март";"На согласование";"описание";"";"https://cutthreat.github.io/confideline/web/expert-registration-mockup.html";"https://trello.com/c/YK8WzA8i/257-%D1%82%D0%B7-%D1%80%D0%B5%D0%B3%D0%B8%D1%81%D1%82%D1%80%D0%B0%D1%86%D0%B8%D0%B8-%D1%8D%D0%BA%D1%81%D0%BF%D0%B5%D1%80%D1%82%D0%B0"
"общий источник";"документ Google";"открывается";"200";"Концепт работы сайта по предоплаченным картам";"План на март";"";"описание";"";"https://docs.google.com/document/d/14RjZrGGIZS_RbsAe_N8tq_VAM_mueTBd8AHFEc0aIUw/edit?usp=sharing";"https://trello.com/c/K1tPYkKy/264-%D0%BA%D0%BE%D0%BD%D1%86%D0%B5%D0%BF%D1%82-%D1%80%D0%B0%D0%B1%D0%BE%D1%82%D1%8B-%D1%81%D0%B0%D0%B9%D1%82%D0%B0-%D0%BF%D0%BE-%D0%BF%D1%80%D0%B5%D0%B4%D0%BE%D0%BF%D0%BB%D0%B0%D1%87%D0%B5%D0%BD%D0%BD%D1%8B%D0%BC-%D0%BA%D0%B0%D1%80%D1%82%D0%B0%D0%BC"
"обучение / эксперты";"Trello-связь";"внутренняя Trello-связь";"";"Отчет за апрель";"План на апрель";"";"описание";"";"https://trello.com/c/eTPwucCg/266-%D1%82%D0%B7-%D0%B4%D0%BB%D1%8F-%D0%BF%D1%80%D0%BE%D0%B4%D0%B2%D0%B8%D0%BD%D1%83%D1%82%D0%BE%D0%B3%D0%BE-%D0%BF%D0%BB%D0%B0%D1%82%D0%BD%D0%BE%D0%B3%D0%BE-%D1%87%D0%B0%D1%82%D0%B0-20";"https://trello.com/c/SajoWd6G/284-%D0%BE%D1%82%D1%87%D0%B5%D1%82-%D0%B7%D0%B0-%D0%B0%D0%BF%D1%80%D0%B5%D0%BB%D1%8C"
"обучение / эксперты";"Trello-связь";"внутренняя Trello-связь";"";"Отчет за апрель";"План на апрель";"";"описание";"";"https://trello.com/c/LlZWg03H/267-%D0%B2%D0%B5%D1%80%D1%81%D1%82%D0%BA%D0%B0-5-%D1%81%D1%82%D1%80%D0%B0%D0%BD%D0%B8%D1%86-%D0%B4%D0%B8%D0%B7%D0%B0%D0%B9%D0%BD-%D0%BC%D0%B0%D0%BA%D0%B5%D1%82%D0%BE%D0%B2-nebula";"https://trello.com/c/SajoWd6G/284-%D0%BE%D1%82%D1%87%D0%B5%D1%82-%D0%B7%D0%B0-%D0%B0%D0%BF%D1%80%D0%B5%D0%BB%D1%8C"
"обучение / эксперты";"Trello-связь";"внутренняя Trello-связь";"";"Отчет за апрель";"План на апрель";"";"описание";"";"https://trello.com/c/JuHpUYsy/268-%D0%B2%D1%8B%D0%B1%D1%80%D0%B0%D1%82%D1%8C-%D0%B3%D0%B8%D0%BF%D0%BE%D1%82%D0%B5%D0%B7%D1%83-%D0%BF%D1%80%D0%BE%D0%B5%D0%BA%D1%82-%D0%B4%D0%BB%D1%8F-mvp-%D0%B7%D0%B0%D0%BF%D1%83%D1%81%D0%BA%D0%B0";"https://trello.com/c/SajoWd6G/284-%D0%BE%D1%82%D1%87%D0%B5%D1%82-%D0%B7%D0%B0-%D0%B0%D0%BF%D1%80%D0%B5%D0%BB%D1%8C"
"обучение / эксперты";"Trello-связь";"внутренняя Trello-связь";"";"Отчет за апрель";"План на апрель";"";"описание";"";"https://trello.com/c/ZwaxxfU7/279-%D0%BF%D1%80%D0%BE%D0%B2%D0%B5%D1%80%D0%BA%D0%B0-%D0%B3%D0%B8%D0%BF%D0%BE%D1%82%D0%B5%D0%B7%D1%8B-%D0%B2%D0%B0%D0%BB%D0%B8%D0%B4%D0%B0%D1%86%D0%B8%D1%8F";"https://trello.com/c/SajoWd6G/284-%D0%BE%D1%82%D1%87%D0%B5%D1%82-%D0%B7%D0%B0-%D0%B0%D0%BF%D1%80%D0%B5%D0%BB%D1%8C"
"обучение / эксперты";"Trello-связь";"внутренняя Trello-связь";"";"Отчет за апрель";"План на апрель";"";"описание";"";"https://trello.com/c/FqIXJa1T/272-%D0%B2%D0%BD%D0%B5%D0%B4%D1%80%D0%B5%D0%BD%D0%B8%D0%B5-codex-%D0%B2-%D0%B8%D0%B3%D0%BE%D1%80%D1%8F";"https://trello.com/c/SajoWd6G/284-%D0%BE%D1%82%D1%87%D0%B5%D1%82-%D0%B7%D0%B0-%D0%B0%D0%BF%D1%80%D0%B5%D0%BB%D1%8C"
"обучение / эксперты";"Trello-связь";"внутренняя Trello-связь";"";"Отчет за апрель";"План на апрель";"";"описание";"";"https://trello.com/c/ZjzlDJnF/273-%D0%B4%D0%BE%D1%80%D0%B0%D0%B1%D0%BE%D1%82%D0%BA%D0%B0-%D0%BF%D0%BE-%D1%8E%D1%80%D0%B8%D0%B4%D0%B8%D0%B5%D1%81%D0%BA%D0%B8%D0%BC-%D0%B2%D0%BE%D0%BF%D1%80%D0%BE%D1%81%D0%B0%D0%BC";"https://trello.com/c/SajoWd6G/284-%D0%BE%D1%82%D1%87%D0%B5%D1%82-%D0%B7%D0%B0-%D0%B0%D0%BF%D1%80%D0%B5%D0%BB%D1%8C"
"обучение / эксперты";"Trello-связь";"внутренняя Trello-связь";"";"Отчет за апрель";"План на апрель";"";"описание";"";"https://trello.com/c/4hV0eVRd/209-13-%D1%84%D0%B8%D0%BD%D0%B0%D0%BD%D1%81%D0%BE%D0%B2%D0%B0%D1%8F-%D0%BC%D0%BE%D0%B4%D0%B5%D0%BB%D1%8C";"https://trello.com/c/SajoWd6G/284-%D0%BE%D1%82%D1%87%D0%B5%D1%82-%D0%B7%D0%B0-%D0%B0%D0%BF%D1%80%D0%B5%D0%BB%D1%8C"
"обучение / эксперты";"Trello-связь";"внутренняя Trello-связь";"";"Отчет за апрель";"План на апрель";"";"описание";"";"https://trello.com/c/whZiCsxv/277-%D1%82%D0%B7-%D0%B0%D0%BD%D0%B0%D0%BB%D0%B8%D1%82%D0%B8%D0%BA%D0%B0-%D0%BD%D0%B0-%D0%B4%D0%B0%D1%88%D0%B1%D0%BE%D1%80%D0%B4%D0%B5";"https://trello.com/c/SajoWd6G/284-%D0%BE%D1%82%D1%87%D0%B5%D1%82-%D0%B7%D0%B0-%D0%B0%D0%BF%D1%80%D0%B5%D0%BB%D1%8C"
"обучение / эксперты";"Trello-связь";"внутренняя Trello-связь";"";"Отчет за апрель";"План на апрель";"";"описание";"";"https://trello.com/c/GP2CEfXt/280-%D0%B4%D0%B5%D1%82%D0%B5%D0%BA%D1%82%D0%BE%D1%80-%D0%B8%D0%B8-%D1%82%D0%B5%D0%BA%D1%81%D1%82%D0%BE%D0%B2-%D0%B4%D0%BB%D1%8F-%D0%BA%D1%81%D0%B5%D0%BD%D0%B8%D0%B8";"https://trello.com/c/SajoWd6G/284-%D0%BE%D1%82%D1%87%D0%B5%D1%82-%D0%B7%D0%B0-%D0%B0%D0%BF%D1%80%D0%B5%D0%BB%D1%8C"
"обучение / эксперты";"Trello-связь";"внутренняя Trello-связь";"";"Отчет за апрель";"План на апрель";"";"описание";"";"https://trello.com/c/kc6DFwoU/282-%D0%BD%D0%B5%D0%BE%D0%B1%D1%85%D0%BE%D0%B4%D0%B8%D0%BC%D0%BE-%D0%BF%D1%80%D0%BE%D0%B4%D1%83%D0%BC%D0%B0%D1%82%D1%8C-%D0%B4%D0%B8%D0%B7%D0%B0%D0%B9%D0%BD-%D0%BC%D0%B0%D0%BA%D0%B5%D1%82-%D1%81%D1%82%D0%B0%D0%BD%D0%B8%D1%86%D1%8B-%D1%87%D0%B0%D1%82%D0%B0-%D0%B2-%D0%BB%D0%BA-%D0%BD%D0%B5%D0%B1%D1%83%D0%BB%D0%B0";"https://trello.com/c/SajoWd6G/284-%D0%BE%D1%82%D1%87%D0%B5%D1%82-%D0%B7%D0%B0-%D0%B0%D0%BF%D1%80%D0%B5%D0%BB%D1%8C"
"обучение / эксперты";"Trello-связь";"внутренняя Trello-связь";"";"Отчет за апрель";"План на апрель";"";"описание";"";"https://trello.com/c/EwJQvLq3/274-2-%D0%B4%D0%BD%D1%8F-%D0%BD%D0%B0-%D0%BA%D1%81%D0%B5%D0%BD%D0%B8%D1%8E";"https://trello.com/c/SajoWd6G/284-%D0%BE%D1%82%D1%87%D0%B5%D1%82-%D0%B7%D0%B0-%D0%B0%D0%BF%D1%80%D0%B5%D0%BB%D1%8C"
"обучение / эксперты";"Trello-связь";"внутренняя Trello-связь";"";"Отчет за апрель";"План на апрель";"";"описание";"";"https://trello.com/c/coRkZtVW/275-2-%D0%B4%D0%BD%D1%8F-%D0%BD%D0%B0-%D0%B8%D0%B3%D0%BE%D1%80%D1%8F";"https://trello.com/c/SajoWd6G/284-%D0%BE%D1%82%D1%87%D0%B5%D1%82-%D0%B7%D0%B0-%D0%B0%D0%BF%D1%80%D0%B5%D0%BB%D1%8C"
"дизайн / frontend";"документ Google";"открывается";"200";"ТЗ для продвинутого платного чата 2.0";"План на апрель";"";"описание";"";"https://docs.google.com/document/d/1ocUT4WGOALsn4NFPbHE-Q-H1w0hz_Oc-cQg7WMmX3S4/edit?usp=sharing";"https://trello.com/c/eTPwucCg/266-%D1%82%D0%B7-%D0%B4%D0%BB%D1%8F-%D0%BF%D1%80%D0%BE%D0%B4%D0%B2%D0%B8%D0%BD%D1%83%D1%82%D0%BE%D0%B3%D0%BE-%D0%BF%D0%BB%D0%B0%D1%82%D0%BD%D0%BE%D0%B3%D0%BE-%D1%87%D0%B0%D1%82%D0%B0-20"
"дизайн / frontend";"таблица Google";"открывается";"200";"ТЗ для продвинутого платного чата 2.0";"План на апрель";"";"описание";"";"https://docs.google.com/spreadsheets/d/13vKtjQhORzCIJr3UHWK55qzjU67r6eVQ/edit?usp=sharing&ouid=117865673662155780117&rtpof=true&sd=true";"https://trello.com/c/eTPwucCg/266-%D1%82%D0%B7-%D0%B4%D0%BB%D1%8F-%D0%BF%D1%80%D0%BE%D0%B4%D0%B2%D0%B8%D0%BD%D1%83%D1%82%D0%BE%D0%B3%D0%BE-%D0%BF%D0%BB%D0%B0%D1%82%D0%BD%D0%BE%D0%B3%D0%BE-%D1%87%D0%B0%D1%82%D0%B0-20"
"дизайн / frontend";"Trello-связь";"внутренняя Trello-связь";"";"ТЗ для продвинутого платного чата 2.0";"План на апрель";"";"вложение";"https://trello.com/c/Jq50a4t8/256-%D1%82%D0%B7-%D1%87%D0%B0%D1%82-%D0%BF%D1%80%D0%BE%D0%B4%D0%B2%D0%B8%D0%BD%D1%83%D1%82%D0%B0%D1%8F-%D0%B2%D0%B5%D1%80%D1%81%D0%B8%D1%8F";"https://trello.com/c/Jq50a4t8/256-%D1%82%D0%B7-%D1%87%D0%B0%D1%82-%D0%BF%D1%80%D0%BE%D0%B4%D0%B2%D0%B8%D0%BD%D1%83%D1%82%D0%B0%D1%8F-%D0%B2%D0%B5%D1%80%D1%81%D0%B8%D1%8F";"https://trello.com/c/eTPwucCg/266-%D1%82%D0%B7-%D0%B4%D0%BB%D1%8F-%D0%BF%D1%80%D0%BE%D0%B4%D0%B2%D0%B8%D0%BD%D1%83%D1%82%D0%BE%D0%B3%D0%BE-%D0%BF%D0%BB%D0%B0%D1%82%D0%BD%D0%BE%D0%B3%D0%BE-%D1%87%D0%B0%D1%82%D0%B0-20"
"дизайн / frontend";"Trello-связь";"внутренняя Trello-связь";"";"ТЗ для продвинутого платного чата 2.0";"План на апрель";"";"вложение";"admin-chat-stage1.rar";"https://trello.com/1/cards/69d2cd9524a40152fb001dbf/attachments/69f78b3ba4ddbf872f0a80a4/download/admin-chat-stage1.rar";"https://trello.com/c/eTPwucCg/266-%D1%82%D0%B7-%D0%B4%D0%BB%D1%8F-%D0%BF%D1%80%D0%BE%D0%B4%D0%B2%D0%B8%D0%BD%D1%83%D1%82%D0%BE%D0%B3%D0%BE-%D0%BF%D0%BB%D0%B0%D1%82%D0%BD%D0%BE%D0%B3%D0%BE-%D1%87%D0%B0%D1%82%D0%B0-20"
"дизайн / frontend";"публичная web-панель";"открывается";"200";"Верстка 5 страниц дизайн-макетов Nebula";"План на апрель";"В работе";"описание";"";"https://cutthreat.github.io/nebula-pages-public/home.html";"https://trello.com/c/LlZWg03H/267-%D0%B2%D0%B5%D1%80%D1%81%D1%82%D0%BA%D0%B0-5-%D1%81%D1%82%D1%80%D0%B0%D0%BD%D0%B8%D1%86-%D0%B4%D0%B8%D0%B7%D0%B0%D0%B9%D0%BD-%D0%BC%D0%B0%D0%BA%D0%B5%D1%82%D0%BE%D0%B2-nebula"
"стратегия / маркетинг";"таблица Google";"открывается";"200";"Проверка гипотезы / валидация";"План на апрель";"В работе";"описание";"";"https://docs.google.com/spreadsheets/d/1_oMseBPq2CJeusUnHaY7VJo-U5vgDWnmm6hfeuDMAtY/edit?gid=0#gid=0";"https://trello.com/c/ZwaxxfU7/279-%D0%BF%D1%80%D0%BE%D0%B2%D0%B5%D1%80%D0%BA%D0%B0-%D0%B3%D0%B8%D0%BF%D0%BE%D1%82%D0%B5%D0%B7%D1%8B-%D0%B2%D0%B0%D0%BB%D0%B8%D0%B4%D0%B0%D1%86%D0%B8%D1%8F"
"документы / legal";"публичная web-панель";"открывается";"200";"Доработка по юридиеским вопросам";"План на апрель";"";"описание";"";"https://cutthreat.github.io/confideline/legal-docs-ru/index.html";"https://trello.com/c/ZjzlDJnF/273-%D0%B4%D0%BE%D1%80%D0%B0%D0%B1%D0%BE%D1%82%D0%BA%D0%B0-%D0%BF%D0%BE-%D1%8E%D1%80%D0%B8%D0%B4%D0%B8%D0%B5%D1%81%D0%BA%D0%B8%D0%BC-%D0%B2%D0%BE%D0%BF%D1%80%D0%BE%D1%81%D0%B0%D0%BC"
"дизайн / frontend";"Trello-связь";"внутренняя Trello-связь";"";"1.3. Финансовая модель";"План на апрель";"";"вложение";"SEO, off-page и digital PR стратегия для Confideline.md";"https://trello.com/1/cards/69415a6637091f5e1cd07874/attachments/69f7976b5c64fbc83f63983d/download/SEO%2C_off-page_%D0%B8_digital_PR_%D1%81%D1%82%D1%80%D0%B0%D1%82%D0%B5%D0%B3%D0%B8%D1%8F_%D0%B4%D0%BB%D1%8F_Confideline.md";"https://trello.com/c/4hV0eVRd/209-13-%D1%84%D0%B8%D0%BD%D0%B0%D0%BD%D1%81%D0%BE%D0%B2%D0%B0%D1%8F-%D0%BC%D0%BE%D0%B4%D0%B5%D0%BB%D1%8C"
"дизайн / frontend";"Trello-связь";"внутренняя Trello-связь";"";"1.3. Финансовая модель";"План на апрель";"";"вложение";"Практический launch research pack для Confideline.md";"https://trello.com/1/cards/69415a6637091f5e1cd07874/attachments/69f7976c0552afe707b5a231/download/%D0%9F%D1%80%D0%B0%D0%BA%D1%82%D0%B8%D1%87%D0%B5%D1%81%D0%BA%D0%B8%D0%B9_launch_research_pack_%D0%B4%D0%BB%D1%8F_Confideline.md";"https://trello.com/c/4hV0eVRd/209-13-%D1%84%D0%B8%D0%BD%D0%B0%D0%BD%D1%81%D0%BE%D0%B2%D0%B0%D1%8F-%D0%BC%D0%BE%D0%B4%D0%B5%D0%BB%D1%8C"
"дизайн / frontend";"Trello-связь";"внутренняя Trello-связь";"";"1.3. Финансовая модель";"План на апрель";"";"вложение";"Confideline marketing validation roadmap.md";"https://trello.com/1/cards/69415a6637091f5e1cd07874/attachments/69f7976d1b5eac7f004cefca/download/Confideline_marketing_validation_roadmap.md";"https://trello.com/c/4hV0eVRd/209-13-%D1%84%D0%B8%D0%BD%D0%B0%D0%BD%D1%81%D0%BE%D0%B2%D0%B0%D1%8F-%D0%BC%D0%BE%D0%B4%D0%B5%D0%BB%D1%8C"
"дизайн / frontend";"Trello-связь";"внутренняя Trello-связь";"";"1.3. Финансовая модель";"План на апрель";"";"вложение";"Confideline validation research pack.md";"https://trello.com/1/cards/69415a6637091f5e1cd07874/attachments/69f7976d01abd8f919b62aa1/download/Confideline_validation_research_pack.md";"https://trello.com/c/4hV0eVRd/209-13-%D1%84%D0%B8%D0%BD%D0%B0%D0%BD%D1%81%D0%BE%D0%B2%D0%B0%D1%8F-%D0%BC%D0%BE%D0%B4%D0%B5%D0%BB%D1%8C"
"дизайн / frontend";"Trello-связь";"внутренняя Trello-связь";"";"1.3. Финансовая модель";"План на апрель";"";"вложение";"Confideline Stage 2 Research.md";"https://trello.com/1/cards/69415a6637091f5e1cd07874/attachments/69f7976ea0b4b44f3f60ccd1/download/Confideline_Stage_2_Research.md";"https://trello.com/c/4hV0eVRd/209-13-%D1%84%D0%B8%D0%BD%D0%B0%D0%BD%D1%81%D0%BE%D0%B2%D0%B0%D1%8F-%D0%BC%D0%BE%D0%B4%D0%B5%D0%BB%D1%8C"
"дизайн / frontend";"Trello-связь";"внутренняя Trello-связь";"";"1.3. Финансовая модель";"План на апрель";"";"вложение";"Рынок эзотерических консультаций через текстовый чат для Confideline.md";"https://trello.com/1/cards/69415a6637091f5e1cd07874/attachments/69f7976fd47fabca3384a774/download/%D0%A0%D1%8B%D0%BD%D0%BE%D0%BA_%D1%8D%D0%B7%D0%BE%D1%82%D0%B5%D1%80%D0%B8%D1%87%D0%B5%D1%81%D0%BA%D0%B8%D1%85_%D0%BA%D0%BE%D0%BD%D1%81%D1%83%D0%BB%D1%8C%D1%82%D0%B0%D1%86%D0%B8%D0%B9_%D1%87%D0%B5%D1%80%D0%B5%D0%B7_%D1%82%D0%B5%D0%BA%D1%81%D1%82%D0%BE%D0%B2%D1%8B%D0%B9_%D1%87%D0%B0%D1%82_%D0%B4%D0%BB%D1%8F_Confideline.md";"https://trello.com/c/4hV0eVRd/209-13-%D1%84%D0%B8%D0%BD%D0%B0%D0%BD%D1%81%D0%BE%D0%B2%D0%B0%D1%8F-%D0%BC%D0%BE%D0%B4%D0%B5%D0%BB%D1%8C"
"дизайн / frontend";"Trello-связь";"внутренняя Trello-связь";"";"1.3. Финансовая модель";"План на апрель";"";"вложение";"Углубленный исследовательский отчет.md";"https://trello.com/1/cards/69415a6637091f5e1cd07874/attachments/69f7976f7f78a9f56fcb7007/download/%D0%A3%D0%B3%D0%BB%D1%83%D0%B1%D0%BB%D0%B5%D0%BD%D0%BD%D1%8B%D0%B9_%D0%B8%D1%81%D1%81%D0%BB%D0%B5%D0%B4%D0%BE%D0%B2%D0%B0%D1%82%D0%B5%D0%BB%D1%8C%D1%81%D0%BA%D0%B8%D0%B9_%D0%BE%D1%82%D1%87%D0%B5%D1%82.md";"https://trello.com/c/4hV0eVRd/209-13-%D1%84%D0%B8%D0%BD%D0%B0%D0%BD%D1%81%D0%BE%D0%B2%D0%B0%D1%8F-%D0%BC%D0%BE%D0%B4%D0%B5%D0%BB%D1%8C"
"дизайн / frontend";"Trello-связь";"внутренняя Trello-связь";"";"1.3. Финансовая модель";"План на апрель";"";"вложение";"Уточнение темы и три рабочих фокуса исследования рынка эзотерических чат-сервисов.md";"https://trello.com/1/cards/69415a6637091f5e1cd07874/attachments/69f79770c4bb80a41de91018/download/%D0%A3%D1%82%D0%BE%D1%87%D0%BD%D0%B5%D0%BD%D0%B8%D0%B5_%D1%82%D0%B5%D0%BC%D1%8B_%D0%B8_%D1%82%D1%80%D0%B8_%D1%80%D0%B0%D0%B1%D0%BE%D1%87%D0%B8%D1%85_%D1%84%D0%BE%D0%BA%D1%83%D1%81%D0%B0_%D0%B8%D1%81%D1%81%D0%BB%D0%B5%D0%B4%D0%BE%D0%B2%D0%B0%D0%BD%D0%B8%D1%8F_%D1%80%D1%8B%D0%BD%D0%BA%D0%B0_%D1%8D%D0%B7%D0%BE%D1%82%D0%B5%D1%80%D0%B8%D1%87%D0%B5%D1%81%D0%BA%D0%B8%D1%85_%D1%87%D0%B0%D1%82-%D1%81%D0%B5%D1%80%D0%B2%D0%B8%D1%81%D0%BE%D0%B2.md";"https://trello.com/c/4hV0eVRd/209-13-%D1%84%D0%B8%D0%BD%D0%B0%D0%BD%D1%81%D0%BE%D0%B2%D0%B0%D1%8F-%D0%BC%D0%BE%D0%B4%D0%B5%D0%BB%D1%8C"
"дизайн / frontend";"Trello-связь";"внутренняя Trello-связь";"";"1.3. Финансовая модель";"План на апрель";"";"вложение";"Legal Compliance Launch Pack для Confideline.md";"https://trello.com/1/cards/69415a6637091f5e1cd07874/attachments/69f7977163db5d2d3984a1cf/download/Legal_Compliance_Launch_Pack_%D0%B4%D0%BB%D1%8F_Confideline.md";"https://trello.com/c/4hV0eVRd/209-13-%D1%84%D0%B8%D0%BD%D0%B0%D0%BD%D1%81%D0%BE%D0%B2%D0%B0%D1%8F-%D0%BC%D0%BE%D0%B4%D0%B5%D0%BB%D1%8C"
"дизайн / frontend";"Trello-связь";"внутренняя Trello-связь";"";"1.3. Финансовая модель";"План на апрель";"";"вложение";"Confideline Advisor Supply and QA Operating Model.md";"https://trello.com/1/cards/69415a6637091f5e1cd07874/attachments/69f7977149e70e87fc562f47/download/Confideline_Advisor_Supply_and_QA_Operating_Model.md";"https://trello.com/c/4hV0eVRd/209-13-%D1%84%D0%B8%D0%BD%D0%B0%D0%BD%D1%81%D0%BE%D0%B2%D0%B0%D1%8F-%D0%BC%D0%BE%D0%B4%D0%B5%D0%BB%D1%8C"
"дизайн / frontend";"Trello-связь";"внутренняя Trello-связь";"";"1.3. Финансовая модель";"План на апрель";"";"вложение";"Local Counsel Question Pack для Confideline.md";"https://trello.com/1/cards/69415a6637091f5e1cd07874/attachments/69f7977271be3ab597ae34fa/download/Local_Counsel_Question_Pack_%D0%B4%D0%BB%D1%8F_Confideline.md";"https://trello.com/c/4hV0eVRd/209-13-%D1%84%D0%B8%D0%BD%D0%B0%D0%BD%D1%81%D0%BE%D0%B2%D0%B0%D1%8F-%D0%BC%D0%BE%D0%B4%D0%B5%D0%BB%D1%8C"
"дизайн / frontend";"Trello-связь";"внутренняя Trello-связь";"";"1.3. Финансовая модель";"План на апрель";"";"вложение";"Payment risk pack for Confideline.md";"https://trello.com/1/cards/69415a6637091f5e1cd07874/attachments/69f797733cc014dad586087b/download/Payment_risk_pack_for_Confideline.md";"https://trello.com/c/4hV0eVRd/209-13-%D1%84%D0%B8%D0%BD%D0%B0%D0%BD%D1%81%D0%BE%D0%B2%D0%B0%D1%8F-%D0%BC%D0%BE%D0%B4%D0%B5%D0%BB%D1%8C"
"дизайн / frontend";"Trello-связь";"внутренняя Trello-связь";"";"1.3. Финансовая модель";"План на апрель";"";"вложение";"Phase 1 execution pack для Confideline в UK и France.md";"https://trello.com/1/cards/69415a6637091f5e1cd07874/attachments/69f797737a6b2a5b6ca6559e/download/Phase_1_execution_pack_%D0%B4%D0%BB%D1%8F_Confideline_%D0%B2_UK_%D0%B8_France.md";"https://trello.com/c/4hV0eVRd/209-13-%D1%84%D0%B8%D0%BD%D0%B0%D0%BD%D1%81%D0%BE%D0%B2%D0%B0%D1%8F-%D0%BC%D0%BE%D0%B4%D0%B5%D0%BB%D1%8C"
"дизайн / frontend";"Trello-связь";"внутренняя Trello-связь";"";"1.3. Финансовая модель";"План на апрель";"";"вложение";"Социальная acquisition-стратегия для Confideline.md";"https://trello.com/1/cards/69415a6637091f5e1cd07874/attachments/69f79774e1625176f97cee69/download/%D0%A1%D0%BE%D1%86%D0%B8%D0%B0%D0%BB%D1%8C%D0%BD%D0%B0%D1%8F_acquisition-%D1%81%D1%82%D1%80%D0%B0%D1%82%D0%B5%D0%B3%D0%B8%D1%8F_%D0%B4%D0%BB%D1%8F_Confideline.md";"https://trello.com/c/4hV0eVRd/209-13-%D1%84%D0%B8%D0%BD%D0%B0%D0%BD%D1%81%D0%BE%D0%B2%D0%B0%D1%8F-%D0%BC%D0%BE%D0%B4%D0%B5%D0%BB%D1%8C"
"дизайн / frontend";"Trello-связь";"внутренняя Trello-связь";"";"1.3. Финансовая модель";"План на апрель";"";"вложение";"Argentina и Arabic-MENA для Confideline.md";"https://trello.com/1/cards/69415a6637091f5e1cd07874/attachments/69f79775f6e2a578f452345a/download/Argentina_%D0%B8_Arabic-MENA_%D0%B4%D0%BB%D1%8F_Confideline.md";"https://trello.com/c/4hV0eVRd/209-13-%D1%84%D0%B8%D0%BD%D0%B0%D0%BD%D1%81%D0%BE%D0%B2%D0%B0%D1%8F-%D0%BC%D0%BE%D0%B4%D0%B5%D0%BB%D1%8C"
"дизайн / frontend";"Trello-связь";"внутренняя Trello-связь";"";"1.3. Финансовая модель";"План на апрель";"";"вложение";"CRM - Retention - Same-Advisor Follow-Up Pack для Confideline.md";"https://trello.com/1/cards/69415a6637091f5e1cd07874/attachments/69f79775160a18d15860c1d2/download/CRM_-_Retention_-_Same-Advisor_Follow-Up_Pack_%D0%B4%D0%BB%D1%8F_Confideline.md";"https://trello.com/c/4hV0eVRd/209-13-%D1%84%D0%B8%D0%BD%D0%B0%D0%BD%D1%81%D0%BE%D0%B2%D0%B0%D1%8F-%D0%BC%D0%BE%D0%B4%D0%B5%D0%BB%D1%8C"
"дизайн / frontend";"Trello-связь";"внутренняя Trello-связь";"";"1.3. Финансовая модель";"План на апрель";"";"вложение";"Financial Model and Unit Economics Pack for Confideline.md";"https://trello.com/1/cards/69415a6637091f5e1cd07874/attachments/69f79776ddf897d3760cd05d/download/Financial_Model_and_Unit_Economics_Pack_for_Confideline.md";"https://trello.com/c/4hV0eVRd/209-13-%D1%84%D0%B8%D0%BD%D0%B0%D0%BD%D1%81%D0%BE%D0%B2%D0%B0%D1%8F-%D0%BC%D0%BE%D0%B4%D0%B5%D0%BB%D1%8C"
"дизайн / frontend";"Trello-связь";"внутренняя Trello-связь";"";"1.3. Финансовая модель";"План на апрель";"";"вложение";"Competitor Funnel Teardown для Confideline.md";"https://trello.com/1/cards/69415a6637091f5e1cd07874/attachments/69f79777c8bb9740941bb1bb/download/Competitor_Funnel_Teardown_%D0%B4%D0%BB%D1%8F_Confideline.md";"https://trello.com/c/4hV0eVRd/209-13-%D1%84%D0%B8%D0%BD%D0%B0%D0%BD%D1%81%D0%BE%D0%B2%D0%B0%D1%8F-%D0%BC%D0%BE%D0%B4%D0%B5%D0%BB%D1%8C"
"дизайн / frontend";"Trello-связь";"внутренняя Trello-связь";"";"1.3. Финансовая модель";"План на апрель";"";"вложение";"Language-market SEO opportunity matrix для Confideline.md";"https://trello.com/1/cards/69415a6637091f5e1cd07874/attachments/69f797771c3c7af34dbaf24b/download/Language-market_SEO_opportunity_matrix_%D0%B4%D0%BB%D1%8F_Confideline.md";"https://trello.com/c/4hV0eVRd/209-13-%D1%84%D0%B8%D0%BD%D0%B0%D0%BD%D1%81%D0%BE%D0%B2%D0%B0%D1%8F-%D0%BC%D0%BE%D0%B4%D0%B5%D0%BB%D1%8C"
"обучение / эксперты";"документ Google";"открывается";"200";"Детектор ИИ текстов для Ксении";"План на апрель";"";"описание";"";"https://docs.google.com/document/d/13BC0dmzAVFrE7Y9B2iZP6lHwQ_1elmzSDXUOwfiav1c/edit?usp=sharing";"https://trello.com/c/GP2CEfXt/280-%D0%B4%D0%B5%D1%82%D0%B5%D0%BA%D1%82%D0%BE%D1%80-%D0%B8%D0%B8-%D1%82%D0%B5%D0%BA%D1%81%D1%82%D0%BE%D0%B2-%D0%B4%D0%BB%D1%8F-%D0%BA%D1%81%D0%B5%D0%BD%D0%B8%D0%B8"
"дизайн / frontend";"документ Google";"открывается";"200";"Необходимо продумать дизайн-макет станицы чата в ЛК (Небула)";"План на апрель";"";"описание";"";"https://docs.google.com/document/d/1I7WmcdGxNKP4_Us_FtPCF56wacBYzB9-hRvYsUtnMYU/edit?tab=t.0";"https://trello.com/c/kc6DFwoU/282-%D0%BD%D0%B5%D0%BE%D0%B1%D1%85%D0%BE%D0%B4%D0%B8%D0%BC%D0%BE-%D0%BF%D1%80%D0%BE%D0%B4%D1%83%D0%BC%D0%B0%D1%82%D1%8C-%D0%B4%D0%B8%D0%B7%D0%B0%D0%B9%D0%BD-%D0%BC%D0%B0%D0%BA%D0%B5%D1%82-%D1%81%D1%82%D0%B0%D0%BD%D0%B8%D1%86%D1%8B-%D1%87%D0%B0%D1%82%D0%B0-%D0%B2-%D0%BB%D0%BA-%D0%BD%D0%B5%D0%B1%D1%83%D0%BB%D0%B0"
"дизайн / frontend";"таблица Google";"открывается";"200";"Необходимо продумать дизайн-макет станицы чата в ЛК (Небула)";"План на апрель";"";"описание";"";"https://docs.google.com/spreadsheets/d/13_4Fj6LGUI0omzjYprnC-RxzcHE1meY6o4wbzrhSrlw/edit?usp=sharing";"https://trello.com/c/kc6DFwoU/282-%D0%BD%D0%B5%D0%BE%D0%B1%D1%85%D0%BE%D0%B4%D0%B8%D0%BC%D0%BE-%D0%BF%D1%80%D0%BE%D0%B4%D1%83%D0%BC%D0%B0%D1%82%D1%8C-%D0%B4%D0%B8%D0%B7%D0%B0%D0%B9%D0%BD-%D0%BC%D0%B0%D0%BA%D0%B5%D1%82-%D1%81%D1%82%D0%B0%D0%BD%D0%B8%D1%86%D1%8B-%D1%87%D0%B0%D1%82%D0%B0-%D0%B2-%D0%BB%D0%BA-%D0%BD%D0%B5%D0%B1%D1%83%D0%BB%D0%B0"
"дизайн / frontend";"Trello-связь";"внутренняя Trello-связь";"";"Необходимо продумать дизайн-макет станицы чата в ЛК (Небула)";"План на апрель";"";"вложение";"image.png";"https://trello.com/1/cards/69e7180aee98a89258192be0/attachments/69e7182f85028e33b09d2afd/download/image.png";"https://trello.com/c/kc6DFwoU/282-%D0%BD%D0%B5%D0%BE%D0%B1%D1%85%D0%BE%D0%B4%D0%B8%D0%BC%D0%BE-%D0%BF%D1%80%D0%BE%D0%B4%D1%83%D0%BC%D0%B0%D1%82%D1%8C-%D0%B4%D0%B8%D0%B7%D0%B0%D0%B9%D0%BD-%D0%BC%D0%B0%D0%BA%D0%B5%D1%82-%D1%81%D1%82%D0%B0%D0%BD%D0%B8%D1%86%D1%8B-%D1%87%D0%B0%D1%82%D0%B0-%D0%B2-%D0%BB%D0%BA-%D0%BD%D0%B5%D0%B1%D1%83%D0%BB%D0%B0"
"дизайн / frontend";"Trello-связь";"внутренняя Trello-связь";"";"Необходимо продумать дизайн-макет станицы чата в ЛК (Небула)";"План на апрель";"";"вложение";"image.png";"https://trello.com/1/cards/69e7180aee98a89258192be0/attachments/69e729fea09f6e6d3ad88034/download/image.png";"https://trello.com/c/kc6DFwoU/282-%D0%BD%D0%B5%D0%BE%D0%B1%D1%85%D0%BE%D0%B4%D0%B8%D0%BC%D0%BE-%D0%BF%D1%80%D0%BE%D0%B4%D1%83%D0%BC%D0%B0%D1%82%D1%8C-%D0%B4%D0%B8%D0%B7%D0%B0%D0%B9%D0%BD-%D0%BC%D0%B0%D0%BA%D0%B5%D1%82-%D1%81%D1%82%D0%B0%D0%BD%D0%B8%D1%86%D1%8B-%D1%87%D0%B0%D1%82%D0%B0-%D0%B2-%D0%BB%D0%BA-%D0%BD%D0%B5%D0%B1%D1%83%D0%BB%D0%B0"
"дизайн / frontend";"публичная web-панель";"открывается";"200";"Продумать алгоритм работу с учетом Codex";"План на май";"";"описание";"";"https://cutthreat.github.io/confideline/web/blue-panel/index.html";"https://trello.com/c/RrLjz3FO/285-%D0%BF%D1%80%D0%BE%D0%B4%D1%83%D0%BC%D0%B0%D1%82%D1%8C-%D0%B0%D0%BB%D0%B3%D0%BE%D1%80%D0%B8%D1%82%D0%BC-%D1%80%D0%B0%D0%B1%D0%BE%D1%82%D1%83-%D1%81-%D1%83%D1%87%D0%B5%D1%82%D0%BE%D0%BC-codex"
"общий источник";"публичная web-панель";"открывается";"200";"ИИ-тестировщик";"План на май";"";"описание";"";"https://cutthreat.github.io/confideline/web/qa-reports/";"https://trello.com/c/EsBbyMOL/287-%D0%B8%D0%B8-%D1%82%D0%B5%D1%81%D1%82%D0%B8%D1%80%D0%BE%D0%B2%D1%89%D0%B8%D0%BA"
"общий источник";"публичная web-панель";"открывается";"200";"Аудит функционала сайта";"План на май";"";"описание";"";"https://cutthreat.github.io/confideline/web/blue-panel/docs/launch-readiness-architecture.html";"https://trello.com/c/8aa6yCgW/238-%D0%B0%D1%83%D0%B4%D0%B8%D1%82-%D1%84%D1%83%D0%BD%D0%BA%D1%86%D0%B8%D0%BE%D0%BD%D0%B0%D0%BB%D0%B0-%D1%81%D0%B0%D0%B9%D1%82%D0%B0"
"дизайн / frontend";"публичная web-панель";"открывается";"200";"ТЗ по детальнйо аналитике";"План на май";"На согласование";"описание";"";"https://cutthreat.github.io/confideline/web/partner-interactions-analytics/";"https://trello.com/c/LU7bhqD1/278-%D1%82%D0%B7-%D0%BF%D0%BE-%D0%B4%D0%B5%D1%82%D0%B0%D0%BB%D1%8C%D0%BD%D0%B9%D0%BE-%D0%B0%D0%BD%D0%B0%D0%BB%D0%B8%D1%82%D0%B8%D0%BA%D0%B5"
"общий источник";"публичная web-панель";"открывается";"200";"ТЗ по ролям админ-панели";"План на май";"На согласование";"описание";"";"https://cutthreat.github.io/confideline/web/admin-roles-tz-panel.html";"https://trello.com/c/4nzfjUBq/289-%D1%82%D0%B7-%D0%BF%D0%BE-%D1%80%D0%BE%D0%BB%D1%8F%D0%BC-%D0%B0%D0%B4%D0%BC%D0%B8%D0%BD-%D0%BF%D0%B0%D0%BD%D0%B5%D0%BB%D0%B8"
"общий источник";"другое";"доступ не проверен";"";"Скрипт для загрузки текстов на сайт Confideline";"План на май";"";"описание";"";"http://Confideline.com";"https://trello.com/c/YVFB8NoL/296-%D1%81%D0%BA%D1%80%D0%B8%D0%BF%D1%82-%D0%B4%D0%BB%D1%8F-%D0%B7%D0%B0%D0%B3%D1%80%D1%83%D0%B7%D0%BA%D0%B8-%D1%82%D0%B5%D0%BA%D1%81%D1%82%D0%BE%D0%B2-%D0%BD%D0%B0-%D1%81%D0%B0%D0%B9%D1%82-confideline"
"общий источник";"другое";"доступ не проверен";"";"Скрипт для загрузки текстов на сайт Confideline";"План на май";"";"описание";"";"https://confideline.com/ru/country/united-states";"https://trello.com/c/YVFB8NoL/296-%D1%81%D0%BA%D1%80%D0%B8%D0%BF%D1%82-%D0%B4%D0%BB%D1%8F-%D0%B7%D0%B0%D0%B3%D1%80%D1%83%D0%B7%D0%BA%D0%B8-%D1%82%D0%B5%D0%BA%D1%81%D1%82%D0%BE%D0%B2-%D0%BD%D0%B0-%D1%81%D0%B0%D0%B9%D1%82-confideline"
"общий источник";"другое";"доступ не проверен";"";"Скрипт для загрузки текстов на сайт Confideline";"План на май";"";"описание";"";"https://confideline.com/ru/country";"https://trello.com/c/YVFB8NoL/296-%D1%81%D0%BA%D1%80%D0%B8%D0%BF%D1%82-%D0%B4%D0%BB%D1%8F-%D0%B7%D0%B0%D0%B3%D1%80%D1%83%D0%B7%D0%BA%D0%B8-%D1%82%D0%B5%D0%BA%D1%81%D1%82%D0%BE%D0%B2-%D0%BD%D0%B0-%D1%81%D0%B0%D0%B9%D1%82-confideline"
"дизайн / frontend";"публичная web-панель";"открывается";"200";"Новый макет страны / города";"План на май";"";"описание";"";"https://cutthreat.github.io/confideline/web/geo-india-country-preview.html";"https://trello.com/c/PrkrhWqN/297-%D0%BD%D0%BE%D0%B2%D1%8B%D0%B9-%D0%BC%D0%B0%D0%BA%D0%B5%D1%82-%D1%81%D1%82%D1%80%D0%B0%D0%BD%D1%8B-%D0%B3%D0%BE%D1%80%D0%BE%D0%B4%D0%B0"
"дизайн / frontend";"публичная web-панель";"открывается";"200";"Новый макет страны / города";"План на май";"";"описание";"";"https://cutthreat.github.io/confideline/web/geo-delhi-city-preview.html";"https://trello.com/c/PrkrhWqN/297-%D0%BD%D0%BE%D0%B2%D1%8B%D0%B9-%D0%BC%D0%B0%D0%BA%D0%B5%D1%82-%D1%81%D1%82%D1%80%D0%B0%D0%BD%D1%8B-%D0%B3%D0%BE%D1%80%D0%BE%D0%B4%D0%B0"
"дизайн / frontend";"таблица Google";"открывается";"200";"Работа с Антоном / май";"План на май";"";"описание";"";"https://docs.google.com/spreadsheets/d/13_4Fj6LGUI0omzjYprnC-RxzcHE1meY6o4wbzrhSrlw/edit?gid=0#gid=0";"https://trello.com/c/G9lFHL6j/300-%D1%80%D0%B0%D0%B1%D0%BE%D1%82%D0%B0-%D1%81-%D0%B0%D0%BD%D1%82%D0%BE%D0%BD%D0%BE%D0%BC-%D0%BC%D0%B0%D0%B9"
"дизайн / frontend";"презентация Google";"открывается";"200";"Работа с Антоном / май";"План на май";"";"описание";"";"https://docs.google.com/presentation/d/18O0IlPnCkeS5Zv7uqlk7yBrqBwkUSQw0dsmT7EbibE8/edit?usp=sharing";"https://trello.com/c/G9lFHL6j/300-%D1%80%D0%B0%D0%B1%D0%BE%D1%82%D0%B0-%D1%81-%D0%B0%D0%BD%D1%82%D0%BE%D0%BD%D0%BE%D0%BC-%D0%BC%D0%B0%D0%B9"
"стратегия / маркетинг";"публичная web-панель";"открывается";"200";"JUN-01 — Внедрение Codex plan и Codex PM";"План на Июнь";"Codex";"описание";"";"https://cutthreat.github.io/confideline/web/blue-panel/docs/june-plan.html?v=6a04e55#jun-01";"https://trello.com/c/gJnFd2wT/298-jun-01-%D0%B2%D0%BD%D0%B5%D0%B4%D1%80%D0%B5%D0%BD%D0%B8%D0%B5-codex-plan-%D0%B8-codex-pm"
"дизайн / frontend";"публичная web-панель";"открывается";"200";"JUN-02 — Классифицировать связанные ТЗ и макеты через Codex";"План на Июнь";"Codex";"описание";"";"https://cutthreat.github.io/confideline/web/blue-panel/docs/jun-02-ready-tz-triage.html?v=a736af7";"https://trello.com/c/awgleR9M/290-jun-02-%D0%BA%D0%BB%D0%B0%D1%81%D1%81%D0%B8%D1%84%D0%B8%D1%86%D0%B8%D1%80%D0%BE%D0%B2%D0%B0%D1%82%D1%8C-%D1%81%D0%B2%D1%8F%D0%B7%D0%B0%D0%BD%D0%BD%D1%8B%D0%B5-%D1%82%D0%B7-%D0%B8-%D0%BC%D0%B0%D0%BA%D0%B5%D1%82%D1%8B-%D1%87%D0%B5%D1%80%D0%B5%D0%B7-codex"
"дизайн / frontend";"публичная web-панель";"открывается";"200";"JUN-02 — Классифицировать связанные ТЗ и макеты через Codex";"План на Июнь";"Codex";"описание";"";"https://cutthreat.github.io/confideline/web/blue-panel/docs/trello-update-label-rule.html?v=a736af7";"https://trello.com/c/awgleR9M/290-jun-02-%D0%BA%D0%BB%D0%B0%D1%81%D1%81%D0%B8%D1%84%D0%B8%D1%86%D0%B8%D1%80%D0%BE%D0%B2%D0%B0%D1%82%D1%8C-%D1%81%D0%B2%D1%8F%D0%B7%D0%B0%D0%BD%D0%BD%D1%8B%D0%B5-%D1%82%D0%B7-%D0%B8-%D0%BC%D0%B0%D0%BA%D0%B5%D1%82%D1%8B-%D1%87%D0%B5%D1%80%D0%B5%D0%B7-codex"
"дизайн / frontend";"Trello-связь";"внутренняя Trello-связь";"";"JUN-02 — Классифицировать связанные ТЗ и макеты через Codex";"План на Июнь";"Codex";"вложение";"https://trello.com/c/RX4P6jw5/236-%D0%BC%D0%B0%D0%BA%D0%B5%D1%82%D1%8B-%D0%B4%D0%BB%D1%8F-%D0%BF%D0%BE%D1%87%D1%82%D0%BE%D0%B2%D1%8B%D1%85-%D1%80%D0%B0%D1%81%D1%81%D1%8B%D0%BB%D0%BE%D0%BA-%D0%B8%D0%B8";"https://trello.com/c/RX4P6jw5/236-%D0%BC%D0%B0%D0%BA%D0%B5%D1%82%D1%8B-%D0%B4%D0%BB%D1%8F-%D0%BF%D0%BE%D1%87%D1%82%D0%BE%D0%B2%D1%8B%D1%85-%D1%80%D0%B0%D1%81%D1%81%D1%8B%D0%BB%D0%BE%D0%BA-%D0%B8%D0%B8";"https://trello.com/c/awgleR9M/290-jun-02-%D0%BA%D0%BB%D0%B0%D1%81%D1%81%D0%B8%D1%84%D0%B8%D1%86%D0%B8%D1%80%D0%BE%D0%B2%D0%B0%D1%82%D1%8C-%D1%81%D0%B2%D1%8F%D0%B7%D0%B0%D0%BD%D0%BD%D1%8B%D0%B5-%D1%82%D0%B7-%D0%B8-%D0%BC%D0%B0%D0%BA%D0%B5%D1%82%D1%8B-%D1%87%D0%B5%D1%80%D0%B5%D0%B7-codex"
"дизайн / frontend";"Trello-связь";"внутренняя Trello-связь";"";"JUN-02 — Классифицировать связанные ТЗ и макеты через Codex";"План на Июнь";"Codex";"вложение";"https://trello.com/c/IRQiN429/233-%D1%82%D0%B7-%D0%BF%D0%BE-%D1%82%D0%B5%D1%85-%D0%BF%D0%BE%D0%B4%D0%B4%D0%B5%D1%80%D0%B6%D0%BA%D0%B5-%D0%BD%D0%B0-%D1%81%D0%B0%D0%B9%D1%82%D0%B5-%D1%81%D1%83%D0%BF%D0%BF%D0%BE%D1%80%D1%82";"https://trello.com/c/IRQiN429/233-%D1%82%D0%B7-%D0%BF%D0%BE-%D1%82%D0%B5%D1%85-%D0%BF%D0%BE%D0%B4%D0%B4%D0%B5%D1%80%D0%B6%D0%BA%D0%B5-%D0%BD%D0%B0-%D1%81%D0%B0%D0%B9%D1%82%D0%B5-%D1%81%D1%83%D0%BF%D0%BF%D0%BE%D1%80%D1%82";"https://trello.com/c/awgleR9M/290-jun-02-%D0%BA%D0%BB%D0%B0%D1%81%D1%81%D0%B8%D1%84%D0%B8%D1%86%D0%B8%D1%80%D0%BE%D0%B2%D0%B0%D1%82%D1%8C-%D1%81%D0%B2%D1%8F%D0%B7%D0%B0%D0%BD%D0%BD%D1%8B%D0%B5-%D1%82%D0%B7-%D0%B8-%D0%BC%D0%B0%D0%BA%D0%B5%D1%82%D1%8B-%D1%87%D0%B5%D1%80%D0%B5%D0%B7-codex"
"дизайн / frontend";"Trello-связь";"внутренняя Trello-связь";"";"JUN-02 — Классифицировать связанные ТЗ и макеты через Codex";"План на Июнь";"Codex";"вложение";"https://trello.com/c/LYz7x7QS/212-%D1%82%D0%B7-%D0%BE%D0%B3%D1%80%D0%B0%D0%BD%D0%B8%D1%87%D0%B5%D0%BD%D0%B8%D0%B5-%D0%BE%D1%82%D0%BF%D1%80%D0%B0%D0%B2%D0%BA%D0%B8-%D0%BA%D0%BE%D0%BD%D1%82%D0%B0%D0%BA%D1%82%D0%BE%D0%B2-%D0%B2-%D1%87%D0%B0%D1%82%D0%B5";"https://trello.com/c/LYz7x7QS/212-%D1%82%D0%B7-%D0%BE%D0%B3%D1%80%D0%B0%D0%BD%D0%B8%D1%87%D0%B5%D0%BD%D0%B8%D0%B5-%D0%BE%D1%82%D0%BF%D1%80%D0%B0%D0%B2%D0%BA%D0%B8-%D0%BA%D0%BE%D0%BD%D1%82%D0%B0%D0%BA%D1%82%D0%BE%D0%B2-%D0%B2-%D1%87%D0%B0%D1%82%D0%B5";"https://trello.com/c/awgleR9M/290-jun-02-%D0%BA%D0%BB%D0%B0%D1%81%D1%81%D0%B8%D1%84%D0%B8%D1%86%D0%B8%D1%80%D0%BE%D0%B2%D0%B0%D1%82%D1%8C-%D1%81%D0%B2%D1%8F%D0%B7%D0%B0%D0%BD%D0%BD%D1%8B%D0%B5-%D1%82%D0%B7-%D0%B8-%D0%BC%D0%B0%D0%BA%D0%B5%D1%82%D1%8B-%D1%87%D0%B5%D1%80%D0%B5%D0%B7-codex"
"дизайн / frontend";"Trello-связь";"внутренняя Trello-связь";"";"JUN-02 — Классифицировать связанные ТЗ и макеты через Codex";"План на Июнь";"Codex";"вложение";"https://trello.com/c/GVvW2vR6/210-%D1%82%D0%B7-%D0%BE%D1%82%D0%B7%D1%8B%D0%B2%D1%8B-%D0%B8-%D1%80%D0%B5%D0%B9%D1%82%D0%B8%D0%BD%D0%B3-%D1%81%D0%BF%D0%B5%D1%86%D0%B8%D0%B0%D0%BB%D0%B8%D1%81%D1%82%D0%BE%D0%B2-%D0%BA%D0%B0%D1%80%D1%82%D0%BE%D1%87%D0%B5%D0%BA-";"https://trello.com/c/GVvW2vR6/210-%D1%82%D0%B7-%D0%BE%D1%82%D0%B7%D1%8B%D0%B2%D1%8B-%D0%B8-%D1%80%D0%B5%D0%B9%D1%82%D0%B8%D0%BD%D0%B3-%D1%81%D0%BF%D0%B5%D1%86%D0%B8%D0%B0%D0%BB%D0%B8%D1%81%D1%82%D0%BE%D0%B2-%D0%BA%D0%B0%D1%80%D1%82%D0%BE%D1%87%D0%B5%D0%BA-%D1%81%D0%BF%D0%B5%D1%86%D0%B8%D0%B0%D0%BB%D0%B8%D1%81%D1%82%D0%BE%D0%B2";"https://trello.com/c/awgleR9M/290-jun-02-%D0%BA%D0%BB%D0%B0%D1%81%D1%81%D0%B8%D1%84%D0%B8%D1%86%D0%B8%D1%80%D0%BE%D0%B2%D0%B0%D1%82%D1%8C-%D1%81%D0%B2%D1%8F%D0%B7%D0%B0%D0%BD%D0%BD%D1%8B%D0%B5-%D1%82%D0%B7-%D0%B8-%D0%BC%D0%B0%D0%BA%D0%B5%D1%82%D1%8B-%D1%87%D0%B5%D1%80%D0%B5%D0%B7-codex"
"дизайн / frontend";"Trello-связь";"внутренняя Trello-связь";"";"JUN-02 — Классифицировать связанные ТЗ и макеты через Codex";"План на Июнь";"Codex";"вложение";"https://trello.com/c/tHaAg57o/192-%D1%82%D0%B7-%D0%BF%D0%BE-%D1%83%D0%BF%D1%80%D0%B0%D0%B2%D0%BB%D0%B5%D0%BD%D0%B8%D1%8E-email-%D1%80%D0%B0%D1%81%D1%81%D1%8B%D0%BB%D0%BA%D0%B8-%D0%B8%D0%B7-%D0%B0%D0%B4%D0%BC%D0%B8%D0%BD%D0%BA%D0%B8";"https://trello.com/c/tHaAg57o/192-%D1%82%D0%B7-%D0%BF%D0%BE-%D1%83%D0%BF%D1%80%D0%B0%D0%B2%D0%BB%D0%B5%D0%BD%D0%B8%D1%8E-email-%D1%80%D0%B0%D1%81%D1%81%D1%8B%D0%BB%D0%BA%D0%B8-%D0%B8%D0%B7-%D0%B0%D0%B4%D0%BC%D0%B8%D0%BD%D0%BA%D0%B8";"https://trello.com/c/awgleR9M/290-jun-02-%D0%BA%D0%BB%D0%B0%D1%81%D1%81%D0%B8%D1%84%D0%B8%D1%86%D0%B8%D1%80%D0%BE%D0%B2%D0%B0%D1%82%D1%8C-%D1%81%D0%B2%D1%8F%D0%B7%D0%B0%D0%BD%D0%BD%D1%8B%D0%B5-%D1%82%D0%B7-%D0%B8-%D0%BC%D0%B0%D0%BA%D0%B5%D1%82%D1%8B-%D1%87%D0%B5%D1%80%D0%B5%D0%B7-codex"
"дизайн / frontend";"Trello-связь";"внутренняя Trello-связь";"";"JUN-02 — Классифицировать связанные ТЗ и макеты через Codex";"План на Июнь";"Codex";"вложение";"https://trello.com/c/CxEVl1q3/166-%D0%BE%D1%82%D1%80%D0%B8%D1%81%D0%BE%D0%B2%D0%BA%D0%B0-%D1%81%D1%82%D1%80%D0%B0%D0%BD%D0%B8%D1%86%D1%83-%D0%B3%D0%BE%D1%80%D0%BE%D0%B4%D0%B0";"https://trello.com/c/CxEVl1q3/166-%D0%BE%D1%82%D1%80%D0%B8%D1%81%D0%BE%D0%B2%D0%BA%D0%B0-%D1%81%D1%82%D1%80%D0%B0%D0%BD%D0%B8%D1%86%D1%83-%D0%B3%D0%BE%D1%80%D0%BE%D0%B4%D0%B0";"https://trello.com/c/awgleR9M/290-jun-02-%D0%BA%D0%BB%D0%B0%D1%81%D1%81%D0%B8%D1%84%D0%B8%D1%86%D0%B8%D1%80%D0%BE%D0%B2%D0%B0%D1%82%D1%8C-%D1%81%D0%B2%D1%8F%D0%B7%D0%B0%D0%BD%D0%BD%D1%8B%D0%B5-%D1%82%D0%B7-%D0%B8-%D0%BC%D0%B0%D0%BA%D0%B5%D1%82%D1%8B-%D1%87%D0%B5%D1%80%D0%B5%D0%B7-codex"
"дизайн / frontend";"Trello-связь";"внутренняя Trello-связь";"";"JUN-02 — Классифицировать связанные ТЗ и макеты через Codex";"План на Июнь";"Codex";"вложение";"https://trello.com/c/PiXjxgGt/225-%D0%BF%D0%B5%D1%80%D0%B5%D0%B4%D0%B5%D0%BB%D0%B0%D1%82%D1%8C-%D0%B4%D0%B8%D0%B0%D0%BB%D0%BE%D0%B3%D0%BE%D0%B2%D1%8B%D0%B5-%D0%BE%D0%BA%D0%BD%D0%B0";"https://trello.com/c/PiXjxgGt/225-%D0%BF%D0%B5%D1%80%D0%B5%D0%B4%D0%B5%D0%BB%D0%B0%D1%82%D1%8C-%D0%B4%D0%B8%D0%B0%D0%BB%D0%BE%D0%B3%D0%BE%D0%B2%D1%8B%D0%B5-%D0%BE%D0%BA%D0%BD%D0%B0";"https://trello.com/c/awgleR9M/290-jun-02-%D0%BA%D0%BB%D0%B0%D1%81%D1%81%D0%B8%D1%84%D0%B8%D1%86%D0%B8%D1%80%D0%BE%D0%B2%D0%B0%D1%82%D1%8C-%D1%81%D0%B2%D1%8F%D0%B7%D0%B0%D0%BD%D0%BD%D1%8B%D0%B5-%D1%82%D0%B7-%D0%B8-%D0%BC%D0%B0%D0%BA%D0%B5%D1%82%D1%8B-%D1%87%D0%B5%D1%80%D0%B5%D0%B7-codex"
"дизайн / frontend";"публичная web-панель";"открывается";"200";"JUN-02 — Классифицировать связанные ТЗ и макеты через Codex";"План на Июнь";"Codex";"вложение";"Blue panel (by Codex)";"https://cutthreat.github.io/confideline/web/blue-panel/docs/june-plan.html?v=6a04e55#jun-02";"https://trello.com/c/awgleR9M/290-jun-02-%D0%BA%D0%BB%D0%B0%D1%81%D1%81%D0%B8%D1%84%D0%B8%D1%86%D0%B8%D1%80%D0%BE%D0%B2%D0%B0%D1%82%D1%8C-%D1%81%D0%B2%D1%8F%D0%B7%D0%B0%D0%BD%D0%BD%D1%8B%D0%B5-%D1%82%D0%B7-%D0%B8-%D0%BC%D0%B0%D0%BA%D0%B5%D1%82%D1%8B-%D1%87%D0%B5%D1%80%D0%B5%D0%B7-codex"
"дизайн / frontend";"публичная web-панель";"открывается";"200";"JUN-02 — Классифицировать связанные ТЗ и макеты через Codex";"План на Июнь";"Codex";"вложение";"JUN-02 result: разбор готовых ТЗ и макетов (by Codex)";"https://cutthreat.github.io/confideline/web/blue-panel/docs/jun-02-ready-tz-triage.html?v=3b287fd";"https://trello.com/c/awgleR9M/290-jun-02-%D0%BA%D0%BB%D0%B0%D1%81%D1%81%D0%B8%D1%84%D0%B8%D1%86%D0%B8%D1%80%D0%BE%D0%B2%D0%B0%D1%82%D1%8C-%D1%81%D0%B2%D1%8F%D0%B7%D0%B0%D0%BD%D0%BD%D1%8B%D0%B5-%D1%82%D0%B7-%D0%B8-%D0%BC%D0%B0%D0%BA%D0%B5%D1%82%D1%8B-%D1%87%D0%B5%D1%80%D0%B5%D0%B7-codex"
"email / уведомления";"публичная web-панель";"открывается";"200";"JUN-03 — Email templates, уведомления и рассылки";"План на Июнь";"Codex";"описание";"";"https://cutthreat.github.io/confideline/web/blue-panel/docs/june-plan.html?v=6a04e55#jun-03";"https://trello.com/c/e8aFOO8G/299-jun-03-email-templates-%D1%83%D0%B2%D0%B5%D0%B4%D0%BE%D0%BC%D0%BB%D0%B5%D0%BD%D0%B8%D1%8F-%D0%B8-%D1%80%D0%B0%D1%81%D1%81%D1%8B%D0%BB%D0%BA%D0%B8"
"обучение / эксперты";"публичная web-панель";"открывается";"200";"JUN-04 — Регламент работы экспертов и агентов на основе Nebula / PbExpert";"План на Июнь";"Codex";"описание";"";"https://cutthreat.github.io/confideline/web/blue-panel/docs/june-plan.html?v=6a04e55#jun-04";"https://trello.com/c/oZYN15XV/292-jun-04-%D1%80%D0%B5%D0%B3%D0%BB%D0%B0%D0%BC%D0%B5%D0%BD%D1%82-%D1%80%D0%B0%D0%B1%D0%BE%D1%82%D1%8B-%D1%8D%D0%BA%D1%81%D0%BF%D0%B5%D1%80%D1%82%D0%BE%D0%B2-%D0%B8-%D0%B0%D0%B3%D0%B5%D0%BD%D1%82%D0%BE%D0%B2-%D0%BD%D0%B0-%D0%BE%D1%81%D0%BD%D0%BE%D0%B2%D0%B5-nebula-pbexpert"
"обучение / эксперты";"публичная web-панель";"открывается";"200";"JUN-05 — Модель оплаты ролей и загрузки команды";"План на Июнь";"Codex";"описание";"";"https://cutthreat.github.io/confideline/web/blue-panel/docs/june-plan.html?v=6a04e55#jun-05";"https://trello.com/c/bNsEmcDz/291-jun-05-%D0%BC%D0%BE%D0%B4%D0%B5%D0%BB%D1%8C-%D0%BE%D0%BF%D0%BB%D0%B0%D1%82%D1%8B-%D1%80%D0%BE%D0%BB%D0%B5%D0%B9-%D0%B8-%D0%B7%D0%B0%D0%B3%D1%80%D1%83%D0%B7%D0%BA%D0%B8-%D0%BA%D0%BE%D0%BC%D0%B0%D0%BD%D0%B4%D1%8B"
"обучение / эксперты";"публичная web-панель";"открывается";"200";"JUN-06 — Школа экспертов и обучение первых 5 экспертов";"План на Июнь";"Codex";"описание";"";"https://cutthreat.github.io/confideline/web/blue-panel/docs/june-plan.html?v=6a04e55#jun-06";"https://trello.com/c/36nRKvdb/302-jun-06-%D1%88%D0%BA%D0%BE%D0%BB%D0%B0-%D1%8D%D0%BA%D1%81%D0%BF%D0%B5%D1%80%D1%82%D0%BE%D0%B2-%D0%B8-%D0%BE%D0%B1%D1%83%D1%87%D0%B5%D0%BD%D0%B8%D0%B5-%D0%BF%D0%B5%D1%80%D0%B2%D1%8B%D1%85-5-%D1%8D%D0%BA%D1%81%D0%BF%D0%B5%D1%80%D1%82%D0%BE%D0%B2"
"обучение / эксперты";"публичная web-панель";"открывается";"200";"JUN-07 — Admin chat и экспертский доступ через роли админки";"План на Июнь";"Codex, ТЗ Игорю";"описание";"";"https://cutthreat.github.io/confideline/web/blue-panel/docs/june-plan.html?v=6a04e55#jun-07";"https://trello.com/c/bRjDaHwL/303-jun-07-admin-chat-%D0%B8-%D1%8D%D0%BA%D1%81%D0%BF%D0%B5%D1%80%D1%82%D1%81%D0%BA%D0%B8%D0%B9-%D0%B4%D0%BE%D1%81%D1%82%D1%83%D0%BF-%D1%87%D0%B5%D1%80%D0%B5%D0%B7-%D1%80%D0%BE%D0%BB%D0%B8-%D0%B0%D0%B4%D0%BC%D0%B8%D0%BD%D0%BA%D0%B8"
"дизайн / frontend";"публичная web-панель";"открывается";"200";"JUN-08 — Реестр страниц, экранов и P0 QA/failure states";"План на Июнь";"Codex";"описание";"";"https://cutthreat.github.io/confideline/web/blue-panel/docs/june-plan.html?v=6a04e55#jun-08";"https://trello.com/c/A4zqo2EI/304-jun-08-%D1%80%D0%B5%D0%B5%D1%81%D1%82%D1%80-%D1%81%D1%82%D1%80%D0%B0%D0%BD%D0%B8%D1%86-%D1%8D%D0%BA%D1%80%D0%B0%D0%BD%D0%BE%D0%B2-%D0%B8-p0-qa-failure-states"
"дизайн / frontend";"публичная web-панель";"открывается";"200";"JUN-UX — Работа с Антоном по дизайну Oracle/Nebula";"План на Июнь";"Codex, На согласование";"описание";"";"https://cutthreat.github.io/confideline/web/blue-panel/docs/oracle-nebula-design-backend-content-qa.html?v=6a04e55";"https://trello.com/c/rlMQoaVy/301-jun-ux-%D1%80%D0%B0%D0%B1%D0%BE%D1%82%D0%B0-%D1%81-%D0%B0%D0%BD%D1%82%D0%BE%D0%BD%D0%BE%D0%BC-%D0%BF%D0%BE-%D0%B4%D0%B8%D0%B7%D0%B0%D0%B9%D0%BD%D1%83-oracle-nebula"
"обучение / эксперты";"Trello-связь";"внутренняя Trello-связь";"";"1.0 Составление стратегии продвижении и рекламы";"Стратегия";"Codex, Done. Testing";"вложение";"https://trello.com/c/oc253ky4/172-%D1%81%D0%BE%D1%81%D1%82%D0%B0%D0%B2%D0%B8%D1%82%D1%8C-%D0%BA%D0%BE%D0%BD%D1%86%D0%B5%D0%BF%D1%82%D1%83%D0%B0%D0%BB%D1%8C%D0%BD%D1%8B%D0%B9-%D0%BF%D0%BB%D0%B0%D0%BD-%D0%BF%D0%BE-%D0%BF%D1%80%D0%BE%D0%B4%D0%B2%D0%B8%D0%B6%D";"https://trello.com/c/oc253ky4/172-%D1%81%D0%BE%D1%81%D1%82%D0%B0%D0%B2%D0%B8%D1%82%D1%8C-%D0%BA%D0%BE%D0%BD%D1%86%D0%B5%D0%BF%D1%82%D1%83%D0%B0%D0%BB%D1%8C%D0%BD%D1%8B%D0%B9-%D0%BF%D0%BB%D0%B0%D0%BD-%D0%BF%D0%BE-%D0%BF%D1%80%D0%BE%D0%B4%D0%B2%D0%B8%D0%B6%D0%B5%D0%BD%D0%B8%D1%8E-%D0%BF%D1%80%D0%BE%D0%B5%D0%BA%D1%82%D0%B0-nebula";"https://trello.com/c/W5Ov5djR/171-10-%D1%81%D0%BE%D1%81%D1%82%D0%B0%D0%B2%D0%BB%D0%B5%D0%BD%D0%B8%D0%B5-%D1%81%D1%82%D1%80%D0%B0%D1%82%D0%B5%D0%B3%D0%B8%D0%B8-%D0%BF%D1%80%D0%BE%D0%B4%D0%B2%D0%B8%D0%B6%D0%B5%D0%BD%D0%B8%D0%B8-%D0%B8-%D1%80%D0%B5%D0%BA%D0%BB%D0%B0%D0%BC%D1%8B"
"стратегия / маркетинг";"Trello-связь";"внутренняя Trello-связь";"";"1.0 Составление стратегии продвижении и рекламы";"Стратегия";"Codex, Done. Testing";"вложение";"https://trello.com/c/T5o0gWEu/70-%D0%BD%D0%B5%D0%B1%D1%83%D0%BB%D0%B0-%D0%BF%D0%BE%D0%B4%D0%B3%D0%BE%D1%82%D0%BE%D0%B2%D0%B8%D1%82%D0%B5%D0%BB%D1%8C%D0%BD%D1%8B%D0%B9-%D1%8D%D1%82%D0%B0%D0%BF";"https://trello.com/c/T5o0gWEu/70-%D0%BD%D0%B5%D0%B1%D1%83%D0%BB%D0%B0-%D0%BF%D0%BE%D0%B4%D0%B3%D0%BE%D1%82%D0%BE%D0%B2%D0%B8%D1%82%D0%B5%D0%BB%D1%8C%D0%BD%D1%8B%D0%B9-%D1%8D%D1%82%D0%B0%D0%BF";"https://trello.com/c/W5Ov5djR/171-10-%D1%81%D0%BE%D1%81%D1%82%D0%B0%D0%B2%D0%BB%D0%B5%D0%BD%D0%B8%D0%B5-%D1%81%D1%82%D1%80%D0%B0%D1%82%D0%B5%D0%B3%D0%B8%D0%B8-%D0%BF%D1%80%D0%BE%D0%B4%D0%B2%D0%B8%D0%B6%D0%B5%D0%BD%D0%B8%D0%B8-%D0%B8-%D1%80%D0%B5%D0%BA%D0%BB%D0%B0%D0%BC%D1%8B"
"обучение / эксперты";"таблица Google";"открывается";"200";"1.1 Анализ рынка и целевой аудитории";"Стратегия";"";"описание";"";"https://docs.google.com/spreadsheets/d/13paNBjr5ZShsu-HkhI-46YiU9E54FEbS4FFd7YhbdbU/edit?usp=sharing";"https://trello.com/c/6VTMTt7b/208-11-%D0%B0%D0%BD%D0%B0%D0%BB%D0%B8%D0%B7-%D1%80%D1%8B%D0%BD%D0%BA%D0%B0-%D0%B8-%D1%86%D0%B5%D0%BB%D0%B5%D0%B2%D0%BE%D0%B9-%D0%B0%D1%83%D0%B4%D0%B8%D1%82%D0%BE%D1%80%D0%B8%D0%B8"
"обучение / эксперты";"таблица Google";"открывается";"200";"1.2. Анализ конкурентов";"Стратегия";"";"описание";"";"https://docs.google.com/spreadsheets/d/1Kjw7vR85aia-bKbN6ThjWlPDg9uNZUcfqXZtp1OsUDE/edit?usp=sharing";"https://trello.com/c/zQW2Htac/213-12-%D0%B0%D0%BD%D0%B0%D0%BB%D0%B8%D0%B7-%D0%BA%D0%BE%D0%BD%D0%BA%D1%83%D1%80%D0%B5%D0%BD%D1%82%D0%BE%D0%B2"
"обучение / эксперты";"документ Google";"открывается";"200";"1.6. Юридические вопросы";"Стратегия";"";"описание";"";"https://docs.google.com/document/d/1toWq6tVqTXmH3CBiqaDgLaMKC7HpUPkncA3iJrD0jpE/edit?usp=sharing";"https://trello.com/c/9mcDFqLL/216-16-%D1%8E%D1%80%D0%B8%D0%B4%D0%B8%D1%87%D0%B5%D1%81%D0%BA%D0%B8%D0%B5-%D0%B2%D0%BE%D0%BF%D1%80%D0%BE%D1%81%D1%8B"
"общий источник";"документ Google";"открывается";"200";"Составить 10 ТЗ для прогера";"На проверке";"";"описание";"";"https://docs.google.com/document/d/1o5AJftkDxOG5cmmDeqmsAIOGOaJ6Fku1SSkt1Angzqo/edit?usp=sharing";"https://trello.com/c/N8GBzNgc/55-%D1%81%D0%BE%D1%81%D1%82%D0%B0%D0%B2%D0%B8%D1%82%D1%8C-10-%D1%82%D0%B7-%D0%B4%D0%BB%D1%8F-%D0%BF%D1%80%D0%BE%D0%B3%D0%B5%D1%80%D0%B0"
"общий источник";"Trello-связь";"внутренняя Trello-связь";"";"Поиск программиста на YII2 (10$/h)";"На проверке";"";"вложение";"Borys Lavrentiv-Furdas.pdf";"https://trello.com/1/cards/6880fdd23089cc90a3fc95b3/attachments/68c882e0d94dd09d8a748645/download/Borys_Lavrentiv-Furdas.pdf";"https://trello.com/c/v5cjZiFY/143-%D0%BF%D0%BE%D0%B8%D1%81%D0%BA-%D0%BF%D1%80%D0%BE%D0%B3%D1%80%D0%B0%D0%BC%D0%BC%D0%B8%D1%81%D1%82%D0%B0-%D0%BD%D0%B0-yii2-10-h"
"общий источник";"Trello-связь";"внутренняя Trello-связь";"";"Поиск программиста на YII2 (10$/h)";"На проверке";"";"вложение";"Oleksandr Danch.docx";"https://trello.com/1/cards/6880fdd23089cc90a3fc95b3/attachments/68c883c0a166a8f15279df50/download/Oleksandr_Danch.docx";"https://trello.com/c/v5cjZiFY/143-%D0%BF%D0%BE%D0%B8%D1%81%D0%BA-%D0%BF%D1%80%D0%BE%D0%B3%D1%80%D0%B0%D0%BC%D0%BC%D0%B8%D1%81%D1%82%D0%B0-%D0%BD%D0%B0-yii2-10-h"
"общий источник";"Trello-связь";"внутренняя Trello-связь";"";"Поиск программиста на YII2 (10$/h)";"На проверке";"";"вложение";"Петро Ванкевич.pdf";"https://trello.com/1/cards/6880fdd23089cc90a3fc95b3/attachments/68c8846e4050a413703ae7aa/download/%D0%9F%D0%B5%D1%82%D1%80%D0%BE_%D0%92%D0%B0%D0%BD%D0%BA%D0%B5%D0%B2%D0%B8%D1%87.pdf";"https://trello.com/c/v5cjZiFY/143-%D0%BF%D0%BE%D0%B8%D1%81%D0%BA-%D0%BF%D1%80%D0%BE%D0%B3%D1%80%D0%B0%D0%BC%D0%BC%D0%B8%D1%81%D1%82%D0%B0-%D0%BD%D0%B0-yii2-10-h"
"общий источник";"Trello-связь";"внутренняя Trello-связь";"";"Поиск программиста на YII2 (10$/h)";"На проверке";"";"вложение";"Манько Алексей.pdf";"https://trello.com/1/cards/6880fdd23089cc90a3fc95b3/attachments/68c884caac10bc99132aa710/download/%D0%9C%D0%B0%D0%BD%D1%8C%D0%BA%D0%BE_%D0%90%D0%BB%D0%B5%D0%BA%D1%81%D0%B5%D0%B9.pdf";"https://trello.com/c/v5cjZiFY/143-%D0%BF%D0%BE%D0%B8%D1%81%D0%BA-%D0%BF%D1%80%D0%BE%D0%B3%D1%80%D0%B0%D0%BC%D0%BC%D0%B8%D1%81%D1%82%D0%B0-%D0%BD%D0%B0-yii2-10-h"
"общий источник";"Trello-связь";"внутренняя Trello-связь";"";"ВЫПОЛНЕНА _ ТЗ заполненность профиля 30%";"На проверке";"";"вложение";"image.png";"https://trello.com/1/cards/6948388fa6bf36c378848685/attachments/69483a0784b7c31712f26f3a/download/image.png";"https://trello.com/c/RYh3TU7Y/223-%D0%B2%D1%8B%D0%BF%D0%BE%D0%BB%D0%BD%D0%B5%D0%BD%D0%B0-%D1%82%D0%B7-%D0%B7%D0%B0%D0%BF%D0%BE%D0%BB%D0%BD%D0%B5%D0%BD%D0%BD%D0%BE%D1%81%D1%82%D1%8C-%D0%BF%D1%80%D0%BE%D1%84%D0%B8%D0%BB%D1%8F-30"
"общий источник";"Trello-связь";"внутренняя Trello-связь";"";"ВЫПОЛНЕНА _ ТЗ заполненность профиля 30%";"На проверке";"";"вложение";"image.png";"https://trello.com/1/cards/6948388fa6bf36c378848685/attachments/694abd994f0d7d7225ff79ec/download/image.png";"https://trello.com/c/RYh3TU7Y/223-%D0%B2%D1%8B%D0%BF%D0%BE%D0%BB%D0%BD%D0%B5%D0%BD%D0%B0-%D1%82%D0%B7-%D0%B7%D0%B0%D0%BF%D0%BE%D0%BB%D0%BD%D0%B5%D0%BD%D0%BD%D0%BE%D1%81%D1%82%D1%8C-%D0%BF%D1%80%D0%BE%D1%84%D0%B8%D0%BB%D1%8F-30"
"общий источник";"Trello-связь";"внутренняя Trello-связь";"";"ВЫПОЛНЕНА _ ТЗ заполненность профиля 30%";"На проверке";"";"вложение";"image.png";"https://trello.com/1/cards/6948388fa6bf36c378848685/attachments/69832c59887a0a980a96a497/download/image.png";"https://trello.com/c/RYh3TU7Y/223-%D0%B2%D1%8B%D0%BF%D0%BE%D0%BB%D0%BD%D0%B5%D0%BD%D0%B0-%D1%82%D0%B7-%D0%B7%D0%B0%D0%BF%D0%BE%D0%BB%D0%BD%D0%B5%D0%BD%D0%BD%D0%BE%D1%81%D1%82%D1%8C-%D0%BF%D1%80%D0%BE%D1%84%D0%B8%D0%BB%D1%8F-30"
"общий источник";"Trello-связь";"внутренняя Trello-связь";"";"ВЫПОЛНЕНА _ ТЗ заполненность профиля 30%";"На проверке";"";"вложение";"image.png";"https://trello.com/1/cards/6948388fa6bf36c378848685/attachments/69832c74a7c9c424f015945a/download/image.png";"https://trello.com/c/RYh3TU7Y/223-%D0%B2%D1%8B%D0%BF%D0%BE%D0%BB%D0%BD%D0%B5%D0%BD%D0%B0-%D1%82%D0%B7-%D0%B7%D0%B0%D0%BF%D0%BE%D0%BB%D0%BD%D0%B5%D0%BD%D0%BD%D0%BE%D1%81%D1%82%D1%8C-%D0%BF%D1%80%D0%BE%D1%84%D0%B8%D0%BB%D1%8F-30"
"общий источник";"таблица Google";"открывается";"200";"Список премиум-городов и ТЗ";"На проверке";"";"описание";"";"https://docs.google.com/spreadsheets/d/1sUv7nyubCHIDF5p2bCqIsGFZcYqwTjtD2ZLVFeZjbJo/edit?gid=0#gid=0";"https://trello.com/c/OoR5CmRO/224-%D1%81%D0%BF%D0%B8%D1%81%D0%BE%D0%BA-%D0%BF%D1%80%D0%B5%D0%BC%D0%B8%D1%83%D0%BC-%D0%B3%D0%BE%D1%80%D0%BE%D0%B4%D0%BE%D0%B2-%D0%B8-%D1%82%D0%B7"
"общий источник";"Trello-связь";"внутренняя Trello-связь";"";"Переделать диалоговые окна";"Фоновые задачи";"В работе";"вложение";"image.png";"https://trello.com/1/cards/694acc0b1408568a1b3db61b/attachments/6979d11d3f861b3b002ef609/download/image.png";"https://trello.com/c/PiXjxgGt/225-%D0%BF%D0%B5%D1%80%D0%B5%D0%B4%D0%B5%D0%BB%D0%B0%D1%82%D1%8C-%D0%B4%D0%B8%D0%B0%D0%BB%D0%BE%D0%B3%D0%BE%D0%B2%D1%8B%D0%B5-%D0%BE%D0%BA%D0%BD%D0%B0"
"общий источник";"Trello-связь";"внутренняя Trello-связь";"";"Переделать диалоговые окна";"Фоновые задачи";"В работе";"вложение";"image.png";"https://trello.com/1/cards/694acc0b1408568a1b3db61b/attachments/6979d12cf9ad922507b3c32c/download/image.png";"https://trello.com/c/PiXjxgGt/225-%D0%BF%D0%B5%D1%80%D0%B5%D0%B4%D0%B5%D0%BB%D0%B0%D1%82%D1%8C-%D0%B4%D0%B8%D0%B0%D0%BB%D0%BE%D0%B3%D0%BE%D0%B2%D1%8B%D0%B5-%D0%BE%D0%BA%D0%BD%D0%B0"
"общий источник";"Trello-связь";"внутренняя Trello-связь";"";"Переделать диалоговые окна";"Фоновые задачи";"В работе";"вложение";"image.png";"https://trello.com/1/cards/694acc0b1408568a1b3db61b/attachments/6979d13bdbbccfb1c2e08567/download/image.png";"https://trello.com/c/PiXjxgGt/225-%D0%BF%D0%B5%D1%80%D0%B5%D0%B4%D0%B5%D0%BB%D0%B0%D1%82%D1%8C-%D0%B4%D0%B8%D0%B0%D0%BB%D0%BE%D0%B3%D0%BE%D0%B2%D1%8B%D0%B5-%D0%BE%D0%BA%D0%BD%D0%B0"
"общий источник";"Trello-связь";"внутренняя Trello-связь";"";"Переделать диалоговые окна";"Фоновые задачи";"В работе";"вложение";"image.png";"https://trello.com/1/cards/694acc0b1408568a1b3db61b/attachments/6979d15933a82ab5c52053fd/download/image.png";"https://trello.com/c/PiXjxgGt/225-%D0%BF%D0%B5%D1%80%D0%B5%D0%B4%D0%B5%D0%BB%D0%B0%D1%82%D1%8C-%D0%B4%D0%B8%D0%B0%D0%BB%D0%BE%D0%B3%D0%BE%D0%B2%D1%8B%D0%B5-%D0%BE%D0%BA%D0%BD%D0%B0"
"общий источник";"Trello-связь";"внутренняя Trello-связь";"";"Переделать диалоговые окна";"Фоновые задачи";"В работе";"вложение";"image.png";"https://trello.com/1/cards/694acc0b1408568a1b3db61b/attachments/6979d16a5bd746d01992d80f/download/image.png";"https://trello.com/c/PiXjxgGt/225-%D0%BF%D0%B5%D1%80%D0%B5%D0%B4%D0%B5%D0%BB%D0%B0%D1%82%D1%8C-%D0%B4%D0%B8%D0%B0%D0%BB%D0%BE%D0%B3%D0%BE%D0%B2%D1%8B%D0%B5-%D0%BE%D0%BA%D0%BD%D0%B0"
"общий источник";"Trello-связь";"внутренняя Trello-связь";"";"Переделать диалоговые окна";"Фоновые задачи";"В работе";"вложение";"image.png";"https://trello.com/1/cards/694acc0b1408568a1b3db61b/attachments/6979d1c53c7857062b40ef76/download/image.png";"https://trello.com/c/PiXjxgGt/225-%D0%BF%D0%B5%D1%80%D0%B5%D0%B4%D0%B5%D0%BB%D0%B0%D1%82%D1%8C-%D0%B4%D0%B8%D0%B0%D0%BB%D0%BE%D0%B3%D0%BE%D0%B2%D1%8B%D0%B5-%D0%BE%D0%BA%D0%BD%D0%B0"
"общий источник";"Trello-связь";"внутренняя Trello-связь";"";"Переделать диалоговые окна";"Фоновые задачи";"В работе";"вложение";"image.png";"https://trello.com/1/cards/694acc0b1408568a1b3db61b/attachments/6979d1edd2ff9278bdae70dd/download/image.png";"https://trello.com/c/PiXjxgGt/225-%D0%BF%D0%B5%D1%80%D0%B5%D0%B4%D0%B5%D0%BB%D0%B0%D1%82%D1%8C-%D0%B4%D0%B8%D0%B0%D0%BB%D0%BE%D0%B3%D0%BE%D0%B2%D1%8B%D0%B5-%D0%BE%D0%BA%D0%BD%D0%B0"
"общий источник";"Trello-связь";"внутренняя Trello-связь";"";"Переделать диалоговые окна";"Фоновые задачи";"В работе";"вложение";"image.png";"https://trello.com/1/cards/694acc0b1408568a1b3db61b/attachments/6979d220d342fa642cd0d081/download/image.png";"https://trello.com/c/PiXjxgGt/225-%D0%BF%D0%B5%D1%80%D0%B5%D0%B4%D0%B5%D0%BB%D0%B0%D1%82%D1%8C-%D0%B4%D0%B8%D0%B0%D0%BB%D0%BE%D0%B3%D0%BE%D0%B2%D1%8B%D0%B5-%D0%BE%D0%BA%D0%BD%D0%B0"
"общий источник";"Trello-связь";"внутренняя Trello-связь";"";"Переделать диалоговые окна";"Фоновые задачи";"В работе";"вложение";"image.png";"https://trello.com/1/cards/694acc0b1408568a1b3db61b/attachments/6979d27977f5c00df34a7335/download/image.png";"https://trello.com/c/PiXjxgGt/225-%D0%BF%D0%B5%D1%80%D0%B5%D0%B4%D0%B5%D0%BB%D0%B0%D1%82%D1%8C-%D0%B4%D0%B8%D0%B0%D0%BB%D0%BE%D0%B3%D0%BE%D0%B2%D1%8B%D0%B5-%D0%BE%D0%BA%D0%BD%D0%B0"
"общий источник";"Trello-связь";"внутренняя Trello-связь";"";"Переделать диалоговые окна";"Фоновые задачи";"В работе";"вложение";"image.png";"https://trello.com/1/cards/694acc0b1408568a1b3db61b/attachments/6979d2b21f12ac9e1a01068d/download/image.png";"https://trello.com/c/PiXjxgGt/225-%D0%BF%D0%B5%D1%80%D0%B5%D0%B4%D0%B5%D0%BB%D0%B0%D1%82%D1%8C-%D0%B4%D0%B8%D0%B0%D0%BB%D0%BE%D0%B3%D0%BE%D0%B2%D1%8B%D0%B5-%D0%BE%D0%BA%D0%BD%D0%B0"
"общий источник";"Trello-связь";"внутренняя Trello-связь";"";"Переделать диалоговые окна";"Фоновые задачи";"В работе";"вложение";"image.png";"https://trello.com/1/cards/694acc0b1408568a1b3db61b/attachments/69ad44ecb4f4d03596771937/download/image.png";"https://trello.com/c/PiXjxgGt/225-%D0%BF%D0%B5%D1%80%D0%B5%D0%B4%D0%B5%D0%BB%D0%B0%D1%82%D1%8C-%D0%B4%D0%B8%D0%B0%D0%BB%D0%BE%D0%B3%D0%BE%D0%B2%D1%8B%D0%B5-%D0%BE%D0%BA%D0%BD%D0%B0"
"общий источник";"Trello-связь";"внутренняя Trello-связь";"";"Переделать диалоговые окна";"Фоновые задачи";"В работе";"вложение";"image.png";"https://trello.com/1/cards/694acc0b1408568a1b3db61b/attachments/69ad53ab6581f17078c26ffe/download/image.png";"https://trello.com/c/PiXjxgGt/225-%D0%BF%D0%B5%D1%80%D0%B5%D0%B4%D0%B5%D0%BB%D0%B0%D1%82%D1%8C-%D0%B4%D0%B8%D0%B0%D0%BB%D0%BE%D0%B3%D0%BE%D0%B2%D1%8B%D0%B5-%D0%BE%D0%BA%D0%BD%D0%B0"
"чат / коммуникации";"Trello-связь";"внутренняя Trello-связь";"";"Список мелких правок на сайте для Игоря";"Фоновые задачи";"В работе";"описание";"";"https://trello.com/b/CJdouqNE/confideline-dev";"https://trello.com/c/8UrRCiud/243-%D1%81%D0%BF%D0%B8%D1%81%D0%BE%D0%BA-%D0%BC%D0%B5%D0%BB%D0%BA%D0%B8%D1%85-%D0%BF%D1%80%D0%B0%D0%B2%D0%BE%D0%BA-%D0%BD%D0%B0-%D1%81%D0%B0%D0%B9%D1%82%D0%B5-%D0%B4%D0%BB%D1%8F-%D0%B8%D0%B3%D0%BE%D1%80%D1%8F"
"чат / коммуникации";"Trello-связь";"внутренняя Trello-связь";"";"Список мелких правок на сайте для Игоря";"Фоновые задачи";"В работе";"описание";"";"https://trello.com/1/cards/6983264a38f9206df3ef4168/attachments/69901d590e12091e7181ebdd/download/image.png";"https://trello.com/c/8UrRCiud/243-%D1%81%D0%BF%D0%B8%D1%81%D0%BE%D0%BA-%D0%BC%D0%B5%D0%BB%D0%BA%D0%B8%D1%85-%D0%BF%D1%80%D0%B0%D0%B2%D0%BE%D0%BA-%D0%BD%D0%B0-%D1%81%D0%B0%D0%B9%D1%82%D0%B5-%D0%B4%D0%BB%D1%8F-%D0%B8%D0%B3%D0%BE%D1%80%D1%8F"
"общий источник";"таблица Google";"открывается";"200";"Реестр задач для программиста";"Фоновые задачи";"";"описание";"";"https://docs.google.com/spreadsheets/d/1xbSjJPnBAF7bxtxmYxXs4fmJ0-78Mo0LfzAG2LNFGiE/edit?gid=0#gid=0";"https://trello.com/c/NCQsbhGS/103-%D1%80%D0%B5%D0%B5%D1%81%D1%82%D1%80-%D0%B7%D0%B0%D0%B4%D0%B0%D1%87-%D0%B4%D0%BB%D1%8F-%D0%BF%D1%80%D0%BE%D0%B3%D1%80%D0%B0%D0%BC%D0%BC%D0%B8%D1%81%D1%82%D0%B0"
"общий источник";"Trello-связь";"внутренняя Trello-связь";"";"Отрисовка страницу ""Города""";"Фоновые задачи";"";"вложение";"https://trello.com/c/zFhiX6PL/173-%D1%82%D0%B7-%D0%BF%D0%BE-%D0%B3%D0%BE%D1%80%D0%BE%D0%B4%D0%B0%D0%BC-%D1%81%D1%82%D1%80%D0%B0%D0%BD%D0%B0%D0%BC";"https://trello.com/c/zFhiX6PL/173-%D1%82%D0%B7-%D0%BF%D0%BE-%D0%B3%D0%BE%D1%80%D0%BE%D0%B4%D0%B0%D0%BC-%D1%81%D1%82%D1%80%D0%B0%D0%BD%D0%B0%D0%BC";"https://trello.com/c/CxEVl1q3/166-%D0%BE%D1%82%D1%80%D0%B8%D1%81%D0%BE%D0%B2%D0%BA%D0%B0-%D1%81%D1%82%D1%80%D0%B0%D0%BD%D0%B8%D1%86%D1%83-%D0%B3%D0%BE%D1%80%D0%BE%D0%B4%D0%B0"
"общий источник";"Trello-связь";"внутренняя Trello-связь";"";"Отрисовка страницу ""Города""";"Фоновые задачи";"";"вложение";"Города.docx";"https://trello.com/1/cards/68d15d38e85d1dacaec91e30/attachments/68f63cb80ea4767afe9ced18/download/%D0%93%D0%BE%D1%80%D0%BE%D0%B4%D0%B0.docx";"https://trello.com/c/CxEVl1q3/166-%D0%BE%D1%82%D1%80%D0%B8%D1%81%D0%BE%D0%B2%D0%BA%D0%B0-%D1%81%D1%82%D1%80%D0%B0%D0%BD%D0%B8%D1%86%D1%83-%D0%B3%D0%BE%D1%80%D0%BE%D0%B4%D0%B0"
"общий источник";"Trello-связь";"внутренняя Trello-связь";"";"Отрисовка страницу ""Города""";"Фоновые задачи";"";"вложение";"Страница города.png";"https://trello.com/1/cards/68d15d38e85d1dacaec91e30/attachments/68f6834606dd97626d3a3e35/download/%D0%A1%D1%82%D1%80%D0%B0%D0%BD%D0%B8%D1%86%D0%B0_%D0%B3%D0%BE%D1%80%D0%BE%D0%B4%D0%B0.png";"https://trello.com/c/CxEVl1q3/166-%D0%BE%D1%82%D1%80%D0%B8%D1%81%D0%BE%D0%B2%D0%BA%D0%B0-%D1%81%D1%82%D1%80%D0%B0%D0%BD%D0%B8%D1%86%D1%83-%D0%B3%D0%BE%D1%80%D0%BE%D0%B4%D0%B0"
"общий источник";"Trello-связь";"внутренняя Trello-связь";"";"Распределить функции в админ-панели по соответствующим блокам";"Фоновые задачи";"";"вложение";"image.png";"https://trello.com/1/cards/69085b3351530aff8657a353/attachments/69273b41fae2ae99d43025f1/download/image.png";"https://trello.com/c/6DbNCbTi/186-%D1%80%D0%B0%D1%81%D0%BF%D1%80%D0%B5%D0%B4%D0%B5%D0%BB%D0%B8%D1%82%D1%8C-%D1%84%D1%83%D0%BD%D0%BA%D1%86%D0%B8%D0%B8-%D0%B2-%D0%B0%D0%B4%D0%BC%D0%B8%D0%BD-%D0%BF%D0%B0%D0%BD%D0%B5%D0%BB%D0%B8-%D0%BF%D0%BE-%D1%81%D0%BE%D0%BE%D1%82%D0%B2%D0%B5%D1%82%D1%81%D1%82%D0%B2%D1%83%D1%8E%D1%89%D0%B8%D0%BC-%D0%B1%D0%BB%D0%BE%D0%BA%D0%B0%D0%BC"
"общий источник";"Trello-связь";"внутренняя Trello-связь";"";"Натянуть лендинг";"Фоновые задачи";"В работе";"описание";"";"https://trello.com/c/qWEPb34Z/157-%D0%B7%D0%B0%D0%B2%D0%B5%D1%80%D1%81%D1%82%D0%B0%D1%82%D1%8C-%D0%BB%D0%B5%D0%BD%D0%B4%D0%B8%D0%BD%D0%B3-s";"https://trello.com/c/tczbE5jy/175-%D0%BD%D0%B0%D1%82%D1%8F%D0%BD%D1%83%D1%82%D1%8C-%D0%BB%D0%B5%D0%BD%D0%B4%D0%B8%D0%BD%D0%B3"
"дизайн / frontend";"дизайн / Figma";"открывается";"200";"Дизайн лендинга Антоном";"Фоновые задачи";"В работе";"описание";"";"https://www.figma.com/design/RwxYQBLDns7T9X3bnVmVBl/YouDate?node-id=0-1&p=f&t=IP7jJYvBCaR8qOZ2-0";"https://trello.com/c/VzWZEa6e/228-%D0%B4%D0%B8%D0%B7%D0%B0%D0%B9%D0%BD-%D0%BB%D0%B5%D0%BD%D0%B4%D0%B8%D0%BD%D0%B3%D0%B0-%D0%B0%D0%BD%D1%82%D0%BE%D0%BD%D0%BE%D0%BC"
"обучение / эксперты";"Trello-связь";"внутренняя Trello-связь";"";"P0-06 — Expert Application Flow: public-заявка эксперта + admin очередь заявок";"Codex task";"P0, backend, admin, expert-ops, launch-blocker";"вложение";"P0-06 runtime proof README.md";"https://trello.com/1/cards/6a1d87d385eb31bd44a7a399/attachments/6a1d94239a045431a0e9587a/download/README.md";"https://trello.com/c/kZWn8Zn9/294-p0-06-expert-application-flow-public-%D0%B7%D0%B0%D1%8F%D0%B2%D0%BA%D0%B0-%D1%8D%D0%BA%D1%81%D0%BF%D0%B5%D1%80%D1%82%D0%B0-admin-%D0%BE%D1%87%D0%B5%D1%80%D0%B5%D0%B4%D1%8C-%D0%B7%D0%B0%D1%8F%D0%B2%D0%BE%D0%BA"