order,type,name,slug,country,overall_status,problems,admin_edit_url,public_url,photo_folder_url,photo_1_view_url,photo_1_download_url,photo_2_view_url,photo_2_download_url,missing_photo_1,missing_photo_2,ru-ru_package,ru-ru_cms,ru-ru_fields_txt,ru-ru_html_txt,en-us_package,en-us_cms,en-us_fields_txt,en-us_html_txt,es-es_package,es-es_cms,es-es_fields_txt,es-es_html_txt,it-it_package,it-it_cms,it-it_fields_txt,it-it_html_txt,de-de_package,de-de_cms,de-de_fields_txt,de-de_html_txt,pt-br_package,pt-br_cms,pt-br_fields_txt,pt-br_html_txt
1,country,Latvia,latvia,Latvia,green,,https://confideline.com/ru/admin/country/update?id=458258,https://confideline.com/country/latvia,https://drive.google.com/drive/folders/1WO8kLDK8mhZYwzXDdPtKTp9B51ZE_q91,https://drive.google.com/file/d/11gNUms64F7OqZRWZIeLkDO91Mzg2Issb/view,https://drive.google.com/uc?export=download&id=11gNUms64F7OqZRWZIeLkDO91Mzg2Issb,https://drive.google.com/file/d/1b3JThW1ZNEtKIreWQkJOpwo0HwL62oOe/view,https://drive.google.com/uc?export=download&id=1b3JThW1ZNEtKIreWQkJOpwo0HwL62oOe,0,0,ok,pass,./files/countries/latvia/latvia-ru-ru-fields.txt,./files/countries/latvia/latvia-ru-ru-html-description.txt,ok,pass,./files/countries/latvia/latvia-en-us-fields.txt,./files/countries/latvia/latvia-en-us-html-description.txt,ok,pass,./files/countries/latvia/latvia-es-es-fields.txt,./files/countries/latvia/latvia-es-es-html-description.txt,ok,pass,./files/countries/latvia/latvia-it-it-fields.txt,./files/countries/latvia/latvia-it-it-html-description.txt,ok,pass,./files/countries/latvia/latvia-de-de-fields.txt,./files/countries/latvia/latvia-de-de-html-description.txt,ok,pass,./files/countries/latvia/latvia-pt-br-fields.txt,./files/countries/latvia/latvia-pt-br-html-description.txt
2,country,Japan,japan,Japan,red,Фото: нет 2,https://confideline.com/ru/admin/country/update?id=1861060,https://confideline.com/country/japan,https://drive.google.com/drive/folders/16pTDLkwalOS8T0WG9l6Igw_PtZsoHH8E,,,,,1,1,ok,pass,./files/countries/japan/japan-ru-ru-fields.txt,./files/countries/japan/japan-ru-ru-html-description.txt,ok,pass,./files/countries/japan/japan-en-us-fields.txt,./files/countries/japan/japan-en-us-html-description.txt,ok,pass,./files/countries/japan/japan-es-es-fields.txt,./files/countries/japan/japan-es-es-html-description.txt,ok,pass,./files/countries/japan/japan-it-it-fields.txt,./files/countries/japan/japan-it-it-html-description.txt,ok,pass,./files/countries/japan/japan-de-de-fields.txt,./files/countries/japan/japan-de-de-html-description.txt,ok,pass,./files/countries/japan/japan-pt-br-fields.txt,./files/countries/japan/japan-pt-br-html-description.txt
3,country,Italy,italy,Italy,red,Фото: нет 2,https://confideline.com/ru/admin/country/update?id=3175395,https://confideline.com/country/italy,https://drive.google.com/drive/folders/1vFDBPiPT05JP5kVHoIjSQ3wMsiFeUMUg,,,,,1,1,ok,pass,./files/countries/italy/italy-ru-ru-fields.txt,./files/countries/italy/italy-ru-ru-html-description.txt,ok,pass,./files/countries/italy/italy-en-us-fields.txt,./files/countries/italy/italy-en-us-html-description.txt,ok,pass,./files/countries/italy/italy-es-es-fields.txt,./files/countries/italy/italy-es-es-html-description.txt,ok,pass,./files/countries/italy/italy-it-it-fields.txt,./files/countries/italy/italy-it-it-html-description.txt,ok,pass,./files/countries/italy/italy-de-de-fields.txt,./files/countries/italy/italy-de-de-html-description.txt,ok,pass,./files/countries/italy/italy-pt-br-fields.txt,./files/countries/italy/italy-pt-br-html-description.txt
4,country,Indonesia,indonesia,Indonesia,green,,https://confideline.com/ru/admin/country/update?id=1643084,https://confideline.com/country/indonesia,https://drive.google.com/drive/folders/1aQO8RQE7DZW4lrDiWHevttybgM4p3FzZ,https://drive.google.com/file/d/1OD3s-te9ePmsMXfXjnsKuz4qSzcDN8hI/view,https://drive.google.com/uc?export=download&id=1OD3s-te9ePmsMXfXjnsKuz4qSzcDN8hI,https://drive.google.com/file/d/1_ODvj07ZHMRxm7pmrzKeow4R0aI79LfE/view,https://drive.google.com/uc?export=download&id=1_ODvj07ZHMRxm7pmrzKeow4R0aI79LfE,0,0,ok,pass,./files/countries/indonesia/indonesia-ru-ru-fields.txt,./files/countries/indonesia/indonesia-ru-ru-html-description.txt,ok,pass,./files/countries/indonesia/indonesia-en-us-fields.txt,./files/countries/indonesia/indonesia-en-us-html-description.txt,ok,pass,./files/countries/indonesia/indonesia-es-es-fields.txt,./files/countries/indonesia/indonesia-es-es-html-description.txt,ok,pass,./files/countries/indonesia/indonesia-it-it-fields.txt,./files/countries/indonesia/indonesia-it-it-html-description.txt,ok,pass,./files/countries/indonesia/indonesia-de-de-fields.txt,./files/countries/indonesia/indonesia-de-de-html-description.txt,ok,pass,./files/countries/indonesia/indonesia-pt-br-fields.txt,./files/countries/indonesia/indonesia-pt-br-html-description.txt
5,country,India,india,India,green,,https://confideline.com/ru/admin/country/update?id=1269750,https://confideline.com/country/india,https://drive.google.com/drive/folders/1li_fm4QNK1joGO8JvjJgS2oIZ-hNHBAv,https://drive.google.com/file/d/16T-CeLLzG443PYwqD4NTjsIFdIdKxb37/view,https://drive.google.com/uc?export=download&id=16T-CeLLzG443PYwqD4NTjsIFdIdKxb37,https://drive.google.com/file/d/14btS0AyH1FKOf_pav881hIHmg8uHAfgb/view,https://drive.google.com/uc?export=download&id=14btS0AyH1FKOf_pav881hIHmg8uHAfgb,0,0,ok,pass,./files/countries/india/india-ru-ru-fields.txt,./files/countries/india/india-ru-ru-html-description.txt,ok,pass,./files/countries/india/india-en-us-fields.txt,./files/countries/india/india-en-us-html-description.txt,ok,pass,./files/countries/india/india-es-es-fields.txt,./files/countries/india/india-es-es-html-description.txt,ok,pass,./files/countries/india/india-it-it-fields.txt,./files/countries/india/india-it-it-html-description.txt,ok,pass,./files/countries/india/india-de-de-fields.txt,./files/countries/india/india-de-de-html-description.txt,ok,pass,./files/countries/india/india-pt-br-fields.txt,./files/countries/india/india-pt-br-html-description.txt
6,country,Canada,canada,Canada,green,,https://confideline.com/ru/admin/country/update?id=6251999,https://confideline.com/country/canada,https://drive.google.com/drive/folders/1F_9XA9gUY2Tii_eVp7A6EpyTPQjR15hb,https://drive.google.com/file/d/1Mzv717f5_U5s0CUUrx1b9ga0O0e-ya2z/view,https://drive.google.com/uc?export=download&id=1Mzv717f5_U5s0CUUrx1b9ga0O0e-ya2z,https://drive.google.com/file/d/1y8OPpZat0-utUniaUM_xyOqVzcJEX0H8/view,https://drive.google.com/uc?export=download&id=1y8OPpZat0-utUniaUM_xyOqVzcJEX0H8,0,0,ok,pass,./files/countries/canada/canada-ru-ru-fields.txt,./files/countries/canada/canada-ru-ru-html-description.txt,ok,pass,./files/countries/canada/canada-en-us-fields.txt,./files/countries/canada/canada-en-us-html-description.txt,ok,pass,./files/countries/canada/canada-es-es-fields.txt,./files/countries/canada/canada-es-es-html-description.txt,ok,pass,./files/countries/canada/canada-it-it-fields.txt,./files/countries/canada/canada-it-it-html-description.txt,ok,pass,./files/countries/canada/canada-de-de-fields.txt,./files/countries/canada/canada-de-de-html-description.txt,ok,pass,./files/countries/canada/canada-pt-br-fields.txt,./files/countries/canada/canada-pt-br-html-description.txt
7,country,Belarus,belarus,Belarus,green,,https://confideline.com/ru/admin/country/update?id=630336,https://confideline.com/country/belarus,https://drive.google.com/drive/folders/1Xn0xhH4wW-E4DALwOZMdaduKD0CevwAI,https://drive.google.com/file/d/1reVc7DoisxLz1g2uXnAxZkBVydMG-ybh/view,https://drive.google.com/uc?export=download&id=1reVc7DoisxLz1g2uXnAxZkBVydMG-ybh,https://drive.google.com/file/d/15rRlJ67pSaVdkNWfQaz2wkk4ck6d8NBa/view,https://drive.google.com/uc?export=download&id=15rRlJ67pSaVdkNWfQaz2wkk4ck6d8NBa,0,0,ok,pass,./files/countries/belarus/belarus-ru-ru-fields.txt,./files/countries/belarus/belarus-ru-ru-html-description.txt,ok,pass,./files/countries/belarus/belarus-en-us-fields.txt,./files/countries/belarus/belarus-en-us-html-description.txt,ok,pass,./files/countries/belarus/belarus-es-es-fields.txt,./files/countries/belarus/belarus-es-es-html-description.txt,ok,pass,./files/countries/belarus/belarus-it-it-fields.txt,./files/countries/belarus/belarus-it-it-html-description.txt,ok,pass,./files/countries/belarus/belarus-de-de-fields.txt,./files/countries/belarus/belarus-de-de-html-description.txt,ok,pass,./files/countries/belarus/belarus-pt-br-fields.txt,./files/countries/belarus/belarus-pt-br-html-description.txt
8,country,Bosnia and Herzegovina,bosnia-and-herzegovina,Bosnia and Herzegovina,green,,https://confideline.com/ru/admin/country/update?id=3277605,https://confideline.com/country/bosnia-and-herzegovina,https://drive.google.com/drive/folders/1tvTpqvX6zSHNdT7ArIu-_JasBO6SjKkg,https://drive.google.com/file/d/1hVadVmJLwGKMH1DyARJs5h36PtHVF7u3/view,https://drive.google.com/uc?export=download&id=1hVadVmJLwGKMH1DyARJs5h36PtHVF7u3,https://drive.google.com/file/d/1rD5Wy7VQZ4GXF6aeT0lmxjlV7XcVBmLw/view,https://drive.google.com/uc?export=download&id=1rD5Wy7VQZ4GXF6aeT0lmxjlV7XcVBmLw,0,0,ok,pass,./files/countries/bosnia-and-herzegovina/bosnia-and-herzegovina-ru-ru-fields.txt,./files/countries/bosnia-and-herzegovina/bosnia-and-herzegovina-ru-ru-html-description.txt,ok,pass,./files/countries/bosnia-and-herzegovina/bosnia-and-herzegovina-en-us-fields.txt,./files/countries/bosnia-and-herzegovina/bosnia-and-herzegovina-en-us-html-description.txt,ok,pass,./files/countries/bosnia-and-herzegovina/bosnia-and-herzegovina-es-es-fields.txt,./files/countries/bosnia-and-herzegovina/bosnia-and-herzegovina-es-es-html-description.txt,ok,pass,./files/countries/bosnia-and-herzegovina/bosnia-and-herzegovina-it-it-fields.txt,./files/countries/bosnia-and-herzegovina/bosnia-and-herzegovina-it-it-html-description.txt,ok,pass,./files/countries/bosnia-and-herzegovina/bosnia-and-herzegovina-de-de-fields.txt,./files/countries/bosnia-and-herzegovina/bosnia-and-herzegovina-de-de-html-description.txt,ok,pass,./files/countries/bosnia-and-herzegovina/bosnia-and-herzegovina-pt-br-fields.txt,./files/countries/bosnia-and-herzegovina/bosnia-and-herzegovina-pt-br-html-description.txt
9,country,Brazil,brazil,Brazil,green,,https://confideline.com/ru/admin/country/update?id=3469034,https://confideline.com/country/brazil,https://drive.google.com/drive/folders/1hGZ9fgZmYA7JD21wvR4ah5R1Gu3SPCKt,https://drive.google.com/file/d/1-6IwdGA2PqjZfUNHPXyH21b2RveeZR1a/view,https://drive.google.com/uc?export=download&id=1-6IwdGA2PqjZfUNHPXyH21b2RveeZR1a,https://drive.google.com/file/d/1x0HxFfbmo4StN_Crl1N_uQYWRi0wFcgN/view,https://drive.google.com/uc?export=download&id=1x0HxFfbmo4StN_Crl1N_uQYWRi0wFcgN,0,0,ok,pass,./files/countries/brazil/brazil-ru-ru-fields.txt,./files/countries/brazil/brazil-ru-ru-html-description.txt,ok,pass,./files/countries/brazil/brazil-en-us-fields.txt,./files/countries/brazil/brazil-en-us-html-description.txt,ok,pass,./files/countries/brazil/brazil-es-es-fields.txt,./files/countries/brazil/brazil-es-es-html-description.txt,ok,pass,./files/countries/brazil/brazil-it-it-fields.txt,./files/countries/brazil/brazil-it-it-html-description.txt,ok,pass,./files/countries/brazil/brazil-de-de-fields.txt,./files/countries/brazil/brazil-de-de-html-description.txt,ok,pass,./files/countries/brazil/brazil-pt-br-fields.txt,./files/countries/brazil/brazil-pt-br-html-description.txt
10,country,Azerbaijan,azerbaijan,Azerbaijan,green,,https://confideline.com/ru/admin/country/update?id=587116,https://confideline.com/country/azerbaijan,https://drive.google.com/drive/folders/1lJYQPZQJ5AVKYF3zxSzkReuaffrBfCmX,https://drive.google.com/file/d/1ky1dPqI7KrUp0irCW54twYWUhxT_i9os/view,https://drive.google.com/uc?export=download&id=1ky1dPqI7KrUp0irCW54twYWUhxT_i9os,https://drive.google.com/file/d/1kzaMurq_N_oFOEGio7s4sQp-rj3Z2Hxb/view,https://drive.google.com/uc?export=download&id=1kzaMurq_N_oFOEGio7s4sQp-rj3Z2Hxb,0,0,ok,pass,./files/countries/azerbaijan/azerbaijan-ru-ru-fields.txt,./files/countries/azerbaijan/azerbaijan-ru-ru-html-description.txt,ok,pass,./files/countries/azerbaijan/azerbaijan-en-us-fields.txt,./files/countries/azerbaijan/azerbaijan-en-us-html-description.txt,ok,pass,./files/countries/azerbaijan/azerbaijan-es-es-fields.txt,./files/countries/azerbaijan/azerbaijan-es-es-html-description.txt,ok,pass,./files/countries/azerbaijan/azerbaijan-it-it-fields.txt,./files/countries/azerbaijan/azerbaijan-it-it-html-description.txt,ok,pass,./files/countries/azerbaijan/azerbaijan-de-de-fields.txt,./files/countries/azerbaijan/azerbaijan-de-de-html-description.txt,ok,pass,./files/countries/azerbaijan/azerbaijan-pt-br-fields.txt,./files/countries/azerbaijan/azerbaijan-pt-br-html-description.txt
11,country,Hong Kong,hong-kong,Hong Kong,green,,https://confideline.com/ru/admin/country/update?id=1819730,https://confideline.com/country/hong-kong,https://drive.google.com/drive/folders/1vGtea0OMYRqRQseUoch4smLfv-jwe1TA,https://drive.google.com/file/d/1FR4jPcaG0zjNAZUVpSkTUuW3fYUSOvVb/view,https://drive.google.com/uc?export=download&id=1FR4jPcaG0zjNAZUVpSkTUuW3fYUSOvVb,https://drive.google.com/file/d/156uo-XHCWbx5fbhfxLzXxITO9WtsbBFQ/view,https://drive.google.com/uc?export=download&id=156uo-XHCWbx5fbhfxLzXxITO9WtsbBFQ,0,0,ok,pass,./files/countries/hong-kong/hong-kong-ru-ru-fields.txt,./files/countries/hong-kong/hong-kong-ru-ru-html-description.txt,ok,pass,./files/countries/hong-kong/hong-kong-en-us-fields.txt,./files/countries/hong-kong/hong-kong-en-us-html-description.txt,ok,pass,./files/countries/hong-kong/hong-kong-es-es-fields.txt,./files/countries/hong-kong/hong-kong-es-es-html-description.txt,ok,pass,./files/countries/hong-kong/hong-kong-it-it-fields.txt,./files/countries/hong-kong/hong-kong-it-it-html-description.txt,ok,pass,./files/countries/hong-kong/hong-kong-de-de-fields.txt,./files/countries/hong-kong/hong-kong-de-de-html-description.txt,ok,pass,./files/countries/hong-kong/hong-kong-pt-br-fields.txt,./files/countries/hong-kong/hong-kong-pt-br-html-description.txt
12,country,Germany,germany,Germany,green,,https://confideline.com/ru/admin/country/update?id=2921044,https://confideline.com/country/germany,https://drive.google.com/drive/folders/1C9tfOqpxEYa_0CiLqv0wg9I35SfJNR_1,https://drive.google.com/file/d/1zbDH6dnPPTZnO8cnqqQrXlWZujy6nLSA/view,https://drive.google.com/uc?export=download&id=1zbDH6dnPPTZnO8cnqqQrXlWZujy6nLSA,https://drive.google.com/file/d/1EojSVjIjM8Iw29vWicX0PLLPYFRoqN9n/view,https://drive.google.com/uc?export=download&id=1EojSVjIjM8Iw29vWicX0PLLPYFRoqN9n,0,0,ok,pass,./files/countries/germany/germany-ru-ru-fields.txt,./files/countries/germany/germany-ru-ru-html-description.txt,ok,pass,./files/countries/germany/germany-en-us-fields.txt,./files/countries/germany/germany-en-us-html-description.txt,ok,pass,./files/countries/germany/germany-es-es-fields.txt,./files/countries/germany/germany-es-es-html-description.txt,ok,pass,./files/countries/germany/germany-it-it-fields.txt,./files/countries/germany/germany-it-it-html-description.txt,ok,pass,./files/countries/germany/germany-de-de-fields.txt,./files/countries/germany/germany-de-de-html-description.txt,ok,pass,./files/countries/germany/germany-pt-br-fields.txt,./files/countries/germany/germany-pt-br-html-description.txt
13,country,Georgia,georgia,Georgia,green,,https://confideline.com/ru/admin/country/update?id=614540,https://confideline.com/country/georgia,https://drive.google.com/drive/folders/1nuB22eqwFfiYivMAIu6EQOQ9kgLGACAa,https://drive.google.com/file/d/1nm16Unx3D0Goh8_4LTwOxiXK045N-bZH/view,https://drive.google.com/uc?export=download&id=1nm16Unx3D0Goh8_4LTwOxiXK045N-bZH,https://drive.google.com/file/d/1ifnNty40Jsv3NLttYx79sa2VketsxDDC/view,https://drive.google.com/uc?export=download&id=1ifnNty40Jsv3NLttYx79sa2VketsxDDC,0,0,ok,pass,./files/countries/georgia/georgia-ru-ru-fields.txt,./files/countries/georgia/georgia-ru-ru-html-description.txt,ok,pass,./files/countries/georgia/georgia-en-us-fields.txt,./files/countries/georgia/georgia-en-us-html-description.txt,ok,pass,./files/countries/georgia/georgia-es-es-fields.txt,./files/countries/georgia/georgia-es-es-html-description.txt,ok,pass,./files/countries/georgia/georgia-it-it-fields.txt,./files/countries/georgia/georgia-it-it-html-description.txt,ok,pass,./files/countries/georgia/georgia-de-de-fields.txt,./files/countries/georgia/georgia-de-de-html-description.txt,ok,pass,./files/countries/georgia/georgia-pt-br-fields.txt,./files/countries/georgia/georgia-pt-br-html-description.txt
14,country,Australia,australia,Australia,green,,https://confideline.com/ru/admin/country/update?id=2077456,https://confideline.com/country/australia,https://drive.google.com/drive/folders/1w-kDw3Ky1HxcP5HCpQF-HokoA5RpzFZu,https://drive.google.com/file/d/1otpf25UnhHIPiwX5PU5f9sba9YGO-iPf/view,https://drive.google.com/uc?export=download&id=1otpf25UnhHIPiwX5PU5f9sba9YGO-iPf,https://drive.google.com/file/d/1mXyznpO10lz11PeSD235eOpct7zS5crI/view,https://drive.google.com/uc?export=download&id=1mXyznpO10lz11PeSD235eOpct7zS5crI,0,0,ok,pass,./files/countries/australia/australia-ru-ru-fields.txt,./files/countries/australia/australia-ru-ru-html-description.txt,ok,pass,./files/countries/australia/australia-en-us-fields.txt,./files/countries/australia/australia-en-us-html-description.txt,ok,pass,./files/countries/australia/australia-es-es-fields.txt,./files/countries/australia/australia-es-es-html-description.txt,ok,pass,./files/countries/australia/australia-it-it-fields.txt,./files/countries/australia/australia-it-it-html-description.txt,ok,pass,./files/countries/australia/australia-de-de-fields.txt,./files/countries/australia/australia-de-de-html-description.txt,ok,pass,./files/countries/australia/australia-pt-br-fields.txt,./files/countries/australia/australia-pt-br-html-description.txt
15,country,Estonia,estonia,Estonia,green,,https://confideline.com/ru/admin/country/update?id=453733,https://confideline.com/country/estonia,https://drive.google.com/drive/folders/1ktAq5ZnCBFeD56xx-OOi6sAOA6UMJQ7N,https://drive.google.com/file/d/1a8iEuWn3XksMyqmSP7sZ6dp1cLv163j0/view,https://drive.google.com/uc?export=download&id=1a8iEuWn3XksMyqmSP7sZ6dp1cLv163j0,https://drive.google.com/file/d/1D788gPpRjLK_OLi1pyRjIhiK6lQPKOzy/view,https://drive.google.com/uc?export=download&id=1D788gPpRjLK_OLi1pyRjIhiK6lQPKOzy,0,0,ok,pass,./files/countries/estonia/estonia-ru-ru-fields.txt,./files/countries/estonia/estonia-ru-ru-html-description.txt,ok,pass,./files/countries/estonia/estonia-en-us-fields.txt,./files/countries/estonia/estonia-en-us-html-description.txt,ok,pass,./files/countries/estonia/estonia-es-es-fields.txt,./files/countries/estonia/estonia-es-es-html-description.txt,ok,pass,./files/countries/estonia/estonia-it-it-fields.txt,./files/countries/estonia/estonia-it-it-html-description.txt,ok,pass,./files/countries/estonia/estonia-de-de-fields.txt,./files/countries/estonia/estonia-de-de-html-description.txt,ok,pass,./files/countries/estonia/estonia-pt-br-fields.txt,./files/countries/estonia/estonia-pt-br-html-description.txt
16,country,Croatia,croatia,Croatia,green,,https://confideline.com/ru/admin/country/update?id=3202326,https://confideline.com/country/croatia,https://drive.google.com/drive/folders/1ngNTZBJ5KIPe09m0IWUvsk9mpoqI4aQH,https://drive.google.com/file/d/1jE4kF_GlasLOmj_NKfJdwYxKHjVxu2zw/view,https://drive.google.com/uc?export=download&id=1jE4kF_GlasLOmj_NKfJdwYxKHjVxu2zw,https://drive.google.com/file/d/1YpKdkkX321Ph9n1sn4UtjMs20H9bZuHc/view,https://drive.google.com/uc?export=download&id=1YpKdkkX321Ph9n1sn4UtjMs20H9bZuHc,0,0,ok,pass,./files/countries/croatia/croatia-ru-ru-fields.txt,./files/countries/croatia/croatia-ru-ru-html-description.txt,ok,pass,./files/countries/croatia/croatia-en-us-fields.txt,./files/countries/croatia/croatia-en-us-html-description.txt,ok,pass,./files/countries/croatia/croatia-es-es-fields.txt,./files/countries/croatia/croatia-es-es-html-description.txt,ok,pass,./files/countries/croatia/croatia-it-it-fields.txt,./files/countries/croatia/croatia-it-it-html-description.txt,ok,pass,./files/countries/croatia/croatia-de-de-fields.txt,./files/countries/croatia/croatia-de-de-html-description.txt,ok,pass,./files/countries/croatia/croatia-pt-br-fields.txt,./files/countries/croatia/croatia-pt-br-html-description.txt
17,country,Czech Republic,czech-republic,Czech Republic,green,,https://confideline.com/ru/admin/country/update?id=3077311,https://confideline.com/country/czech-republic,https://drive.google.com/drive/folders/1AMXp5lrLW2FgiRsPGfbwE9X5zKtRVit9,https://drive.google.com/file/d/190lMO_u2X6GXcoDPqhAOol4KXiieRg-1/view,https://drive.google.com/uc?export=download&id=190lMO_u2X6GXcoDPqhAOol4KXiieRg-1,https://drive.google.com/file/d/1subbZ2DmSJ6CK2xpRWgnorhwY9Iua_f1/view,https://drive.google.com/uc?export=download&id=1subbZ2DmSJ6CK2xpRWgnorhwY9Iua_f1,0,0,ok,pass,./files/countries/czech-republic/czech-republic-ru-ru-fields.txt,./files/countries/czech-republic/czech-republic-ru-ru-html-description.txt,ok,pass,./files/countries/czech-republic/czech-republic-en-us-fields.txt,./files/countries/czech-republic/czech-republic-en-us-html-description.txt,ok,pass,./files/countries/czech-republic/czech-republic-es-es-fields.txt,./files/countries/czech-republic/czech-republic-es-es-html-description.txt,ok,pass,./files/countries/czech-republic/czech-republic-it-it-fields.txt,./files/countries/czech-republic/czech-republic-it-it-html-description.txt,ok,pass,./files/countries/czech-republic/czech-republic-de-de-fields.txt,./files/countries/czech-republic/czech-republic-de-de-html-description.txt,ok,pass,./files/countries/czech-republic/czech-republic-pt-br-fields.txt,./files/countries/czech-republic/czech-republic-pt-br-html-description.txt
18,country,Colombia,colombia,Colombia,green,,https://confideline.com/ru/admin/country/update?id=3686110,https://confideline.com/country/colombia,https://drive.google.com/drive/folders/1Qx9XGMX7UTwDfrbXYWi6i9yN6Qm9nnDI,https://drive.google.com/file/d/1co2FvF7ZdEMd3_-Pn5z6_gzfOLl0Ik5M/view,https://drive.google.com/uc?export=download&id=1co2FvF7ZdEMd3_-Pn5z6_gzfOLl0Ik5M,https://drive.google.com/file/d/1xP6FjWI44YLFAYalhZS95C6DSz9ibjo0/view,https://drive.google.com/uc?export=download&id=1xP6FjWI44YLFAYalhZS95C6DSz9ibjo0,0,0,ok,pass,./files/countries/colombia/colombia-ru-ru-fields.txt,./files/countries/colombia/colombia-ru-ru-html-description.txt,ok,pass,./files/countries/colombia/colombia-en-us-fields.txt,./files/countries/colombia/colombia-en-us-html-description.txt,ok,pass,./files/countries/colombia/colombia-es-es-fields.txt,./files/countries/colombia/colombia-es-es-html-description.txt,ok,pass,./files/countries/colombia/colombia-it-it-fields.txt,./files/countries/colombia/colombia-it-it-html-description.txt,ok,pass,./files/countries/colombia/colombia-de-de-fields.txt,./files/countries/colombia/colombia-de-de-html-description.txt,ok,pass,./files/countries/colombia/colombia-pt-br-fields.txt,./files/countries/colombia/colombia-pt-br-html-description.txt
19,country,Chile,chile,Chile,green,,https://confideline.com/ru/admin/country/update?id=3895114,https://confideline.com/country/chile,https://drive.google.com/drive/folders/1Sw6PhQJsrLv8SjMM04xtTvvDhck1GwMN,https://drive.google.com/file/d/1bT4dKB5J6rlHpotdwrxq-CIHT9KzU2dZ/view,https://drive.google.com/uc?export=download&id=1bT4dKB5J6rlHpotdwrxq-CIHT9KzU2dZ,https://drive.google.com/file/d/1Bk24o8Ajf0EpnTOU4_bgfu8CGn4Ucpam/view,https://drive.google.com/uc?export=download&id=1Bk24o8Ajf0EpnTOU4_bgfu8CGn4Ucpam,0,0,ok,pass,./files/countries/chile/chile-ru-ru-fields.txt,./files/countries/chile/chile-ru-ru-html-description.txt,ok,pass,./files/countries/chile/chile-en-us-fields.txt,./files/countries/chile/chile-en-us-html-description.txt,ok,pass,./files/countries/chile/chile-es-es-fields.txt,./files/countries/chile/chile-es-es-html-description.txt,ok,pass,./files/countries/chile/chile-it-it-fields.txt,./files/countries/chile/chile-it-it-html-description.txt,ok,pass,./files/countries/chile/chile-de-de-fields.txt,./files/countries/chile/chile-de-de-html-description.txt,ok,pass,./files/countries/chile/chile-pt-br-fields.txt,./files/countries/chile/chile-pt-br-html-description.txt
20,country,France,france,France,green,,https://confideline.com/ru/admin/country/update?id=3017382,https://confideline.com/country/france,https://drive.google.com/drive/folders/1fqhIY67FN3_O7t7DMlOrghGPJITo2bKK,https://drive.google.com/file/d/1D5ATIKhWl26y1l3vTukcVAlz6KiXJxAL/view,https://drive.google.com/uc?export=download&id=1D5ATIKhWl26y1l3vTukcVAlz6KiXJxAL,https://drive.google.com/file/d/1ui4-Ky6mpFZrhEEmsAGEboDfSRVatDUK/view,https://drive.google.com/uc?export=download&id=1ui4-Ky6mpFZrhEEmsAGEboDfSRVatDUK,0,0,ok,pass,./files/countries/france/france-ru-ru-fields.txt,./files/countries/france/france-ru-ru-html-description.txt,ok,pass,./files/countries/france/france-en-us-fields.txt,./files/countries/france/france-en-us-html-description.txt,ok,pass,./files/countries/france/france-es-es-fields.txt,./files/countries/france/france-es-es-html-description.txt,ok,pass,./files/countries/france/france-it-it-fields.txt,./files/countries/france/france-it-it-html-description.txt,ok,pass,./files/countries/france/france-de-de-fields.txt,./files/countries/france/france-de-de-html-description.txt,ok,pass,./files/countries/france/france-pt-br-fields.txt,./files/countries/france/france-pt-br-html-description.txt
21,country,Armenia,armenia,Armenia,green,,https://confideline.com/ru/admin/country/update?id=174982,https://confideline.com/country/armenia,https://drive.google.com/drive/folders/1e65aM4INuF_4QmA7VWWWtkhpr2w0Iq2F,https://drive.google.com/file/d/1HcrrSpvOxXNX66-wlKhhDYebgCAbfmp8/view,https://drive.google.com/uc?export=download&id=1HcrrSpvOxXNX66-wlKhhDYebgCAbfmp8,https://drive.google.com/file/d/13FWaazoldX2w2kWtml9WyxKOiXkUfJGT/view,https://drive.google.com/uc?export=download&id=13FWaazoldX2w2kWtml9WyxKOiXkUfJGT,0,0,ok,pass,./files/countries/armenia/armenia-ru-ru-fields.txt,./files/countries/armenia/armenia-ru-ru-html-description.txt,ok,pass,./files/countries/armenia/armenia-en-us-fields.txt,./files/countries/armenia/armenia-en-us-html-description.txt,ok,pass,./files/countries/armenia/armenia-es-es-fields.txt,./files/countries/armenia/armenia-es-es-html-description.txt,ok,pass,./files/countries/armenia/armenia-it-it-fields.txt,./files/countries/armenia/armenia-it-it-html-description.txt,ok,pass,./files/countries/armenia/armenia-de-de-fields.txt,./files/countries/armenia/armenia-de-de-html-description.txt,ok,pass,./files/countries/armenia/armenia-pt-br-fields.txt,./files/countries/armenia/armenia-pt-br-html-description.txt
22,country,Argentina,argentina,Argentina,green,,https://confideline.com/ru/admin/country/update?id=3865483,https://confideline.com/country/argentina,https://drive.google.com/drive/folders/1fHVWYU1sr2mM11q9T1rLZcf_kfzSM2VZ,https://drive.google.com/file/d/1sM-G9cNMfv2MTy5i4xJyv_hQU7lttN3d/view,https://drive.google.com/uc?export=download&id=1sM-G9cNMfv2MTy5i4xJyv_hQU7lttN3d,https://drive.google.com/file/d/1PZVan1eUtsomLP1xVBnYUK-cW_iadCHK/view,https://drive.google.com/uc?export=download&id=1PZVan1eUtsomLP1xVBnYUK-cW_iadCHK,0,0,ok,pass,./files/countries/argentina/argentina-ru-ru-fields.txt,./files/countries/argentina/argentina-ru-ru-html-description.txt,ok,pass,./files/countries/argentina/argentina-en-us-fields.txt,./files/countries/argentina/argentina-en-us-html-description.txt,ok,pass,./files/countries/argentina/argentina-es-es-fields.txt,./files/countries/argentina/argentina-es-es-html-description.txt,ok,pass,./files/countries/argentina/argentina-it-it-fields.txt,./files/countries/argentina/argentina-it-it-html-description.txt,ok,pass,./files/countries/argentina/argentina-de-de-fields.txt,./files/countries/argentina/argentina-de-de-html-description.txt,ok,pass,./files/countries/argentina/argentina-pt-br-fields.txt,./files/countries/argentina/argentina-pt-br-html-description.txt
23,country,South Korea,south-korea,South Korea,red,Фото: нет 2,https://confideline.com/ru/admin/country/update?id=1835841,https://confideline.com/country/south-korea,,,,,,1,1,ok,pass,./files/countries/south-korea/south-korea-ru-ru-fields.txt,./files/countries/south-korea/south-korea-ru-ru-html-description.txt,ok,pass,./files/countries/south-korea/south-korea-en-us-fields.txt,./files/countries/south-korea/south-korea-en-us-html-description.txt,ok,pass,./files/countries/south-korea/south-korea-es-es-fields.txt,./files/countries/south-korea/south-korea-es-es-html-description.txt,ok,pass,./files/countries/south-korea/south-korea-it-it-fields.txt,./files/countries/south-korea/south-korea-it-it-html-description.txt,ok,pass,./files/countries/south-korea/south-korea-de-de-fields.txt,./files/countries/south-korea/south-korea-de-de-html-description.txt,ok,pass,./files/countries/south-korea/south-korea-pt-br-fields.txt,./files/countries/south-korea/south-korea-pt-br-html-description.txt
24,country,Mexico,mexico,Mexico,red,Фото: нет 2,https://confideline.com/ru/admin/country/update?id=3996063,https://confideline.com/country/mexico,,,,,,1,1,ok,pass,./files/countries/mexico/mexico-ru-ru-fields.txt,./files/countries/mexico/mexico-ru-ru-html-description.txt,ok,pass,./files/countries/mexico/mexico-en-us-fields.txt,./files/countries/mexico/mexico-en-us-html-description.txt,ok,pass,./files/countries/mexico/mexico-es-es-fields.txt,./files/countries/mexico/mexico-es-es-html-description.txt,ok,pass,./files/countries/mexico/mexico-it-it-fields.txt,./files/countries/mexico/mexico-it-it-html-description.txt,ok,pass,./files/countries/mexico/mexico-de-de-fields.txt,./files/countries/mexico/mexico-de-de-html-description.txt,ok,pass,./files/countries/mexico/mexico-pt-br-fields.txt,./files/countries/mexico/mexico-pt-br-html-description.txt
25,country,Vietnam,vietnam,Vietnam,red,Фото: нет 2,https://confideline.com/ru/admin/country/update?id=1562822,https://confideline.com/country/vietnam,,,,,,1,1,ok,pass,./files/countries/vietnam/vietnam-ru-ru-fields.txt,./files/countries/vietnam/vietnam-ru-ru-html-description.txt,ok,pass,./files/countries/vietnam/vietnam-en-us-fields.txt,./files/countries/vietnam/vietnam-en-us-html-description.txt,ok,pass,./files/countries/vietnam/vietnam-es-es-fields.txt,./files/countries/vietnam/vietnam-es-es-html-description.txt,ok,pass,./files/countries/vietnam/vietnam-it-it-fields.txt,./files/countries/vietnam/vietnam-it-it-html-description.txt,ok,pass,./files/countries/vietnam/vietnam-de-de-fields.txt,./files/countries/vietnam/vietnam-de-de-html-description.txt,ok,pass,./files/countries/vietnam/vietnam-pt-br-fields.txt,./files/countries/vietnam/vietnam-pt-br-html-description.txt
26,country,Thailand,thailand,Thailand,red,Фото: нет 2,https://confideline.com/ru/admin/country/update?id=1605651,https://confideline.com/country/thailand,,,,,,1,1,ok,pass,./files/countries/thailand/thailand-ru-ru-fields.txt,./files/countries/thailand/thailand-ru-ru-html-description.txt,ok,pass,./files/countries/thailand/thailand-en-us-fields.txt,./files/countries/thailand/thailand-en-us-html-description.txt,ok,pass,./files/countries/thailand/thailand-es-es-fields.txt,./files/countries/thailand/thailand-es-es-html-description.txt,ok,pass,./files/countries/thailand/thailand-it-it-fields.txt,./files/countries/thailand/thailand-it-it-html-description.txt,ok,pass,./files/countries/thailand/thailand-de-de-fields.txt,./files/countries/thailand/thailand-de-de-html-description.txt,ok,pass,./files/countries/thailand/thailand-pt-br-fields.txt,./files/countries/thailand/thailand-pt-br-html-description.txt
27,country,Serbia,serbia,Serbia,red,Фото: нет 2,https://confideline.com/ru/admin/country/update?id=6290252,https://confideline.com/country/serbia,,,,,,1,1,ok,pass,./files/countries/serbia/serbia-ru-ru-fields.txt,./files/countries/serbia/serbia-ru-ru-html-description.txt,ok,pass,./files/countries/serbia/serbia-en-us-fields.txt,./files/countries/serbia/serbia-en-us-html-description.txt,ok,pass,./files/countries/serbia/serbia-es-es-fields.txt,./files/countries/serbia/serbia-es-es-html-description.txt,ok,pass,./files/countries/serbia/serbia-it-it-fields.txt,./files/countries/serbia/serbia-it-it-html-description.txt,ok,pass,./files/countries/serbia/serbia-de-de-fields.txt,./files/countries/serbia/serbia-de-de-html-description.txt,ok,pass,./files/countries/serbia/serbia-pt-br-fields.txt,./files/countries/serbia/serbia-pt-br-html-description.txt
28,country,Montenegro,montenegro,Montenegro,red,Фото: нет 2,https://confideline.com/ru/admin/country/update?id=3194884,https://confideline.com/country/montenegro,,,,,,1,1,ok,pass,./files/countries/montenegro/montenegro-ru-ru-fields.txt,./files/countries/montenegro/montenegro-ru-ru-html-description.txt,ok,pass,./files/countries/montenegro/montenegro-en-us-fields.txt,./files/countries/montenegro/montenegro-en-us-html-description.txt,ok,pass,./files/countries/montenegro/montenegro-es-es-fields.txt,./files/countries/montenegro/montenegro-es-es-html-description.txt,ok,pass,./files/countries/montenegro/montenegro-it-it-fields.txt,./files/countries/montenegro/montenegro-it-it-html-description.txt,ok,pass,./files/countries/montenegro/montenegro-de-de-fields.txt,./files/countries/montenegro/montenegro-de-de-html-description.txt,ok,pass,./files/countries/montenegro/montenegro-pt-br-fields.txt,./files/countries/montenegro/montenegro-pt-br-html-description.txt
29,country,Lithuania,lithuania,Lithuania,red,Фото: нет 2,https://confideline.com/ru/admin/country/update?id=597427,https://confideline.com/country/lithuania,,,,,,1,1,ok,pass,./files/countries/lithuania/lithuania-ru-ru-fields.txt,./files/countries/lithuania/lithuania-ru-ru-html-description.txt,ok,pass,./files/countries/lithuania/lithuania-en-us-fields.txt,./files/countries/lithuania/lithuania-en-us-html-description.txt,ok,pass,./files/countries/lithuania/lithuania-es-es-fields.txt,./files/countries/lithuania/lithuania-es-es-html-description.txt,ok,pass,./files/countries/lithuania/lithuania-it-it-fields.txt,./files/countries/lithuania/lithuania-it-it-html-description.txt,ok,pass,./files/countries/lithuania/lithuania-de-de-fields.txt,./files/countries/lithuania/lithuania-de-de-html-description.txt,ok,pass,./files/countries/lithuania/lithuania-pt-br-fields.txt,./files/countries/lithuania/lithuania-pt-br-html-description.txt
30,country,Poland,poland,Poland,red,Фото: нет 2,https://confideline.com/ru/admin/country/update?id=798544,https://confideline.com/country/poland,,,,,,1,1,ok,pass,./files/countries/poland/poland-ru-ru-fields.txt,./files/countries/poland/poland-ru-ru-html-description.txt,ok,pass,./files/countries/poland/poland-en-us-fields.txt,./files/countries/poland/poland-en-us-html-description.txt,ok,pass,./files/countries/poland/poland-es-es-fields.txt,./files/countries/poland/poland-es-es-html-description.txt,ok,pass,./files/countries/poland/poland-it-it-fields.txt,./files/countries/poland/poland-it-it-html-description.txt,ok,pass,./files/countries/poland/poland-de-de-fields.txt,./files/countries/poland/poland-de-de-html-description.txt,ok,pass,./files/countries/poland/poland-pt-br-fields.txt,./files/countries/poland/poland-pt-br-html-description.txt
31,country,Ukraine,ukraine,Ukraine,red,Фото: нет 2,https://confideline.com/ru/admin/country/update?id=690791,https://confideline.com/country/ukraine,,,,,,1,1,ok,pass,./files/countries/ukraine/ukraine-ru-ru-fields.txt,./files/countries/ukraine/ukraine-ru-ru-html-description.txt,ok,pass,./files/countries/ukraine/ukraine-en-us-fields.txt,./files/countries/ukraine/ukraine-en-us-html-description.txt,ok,pass,./files/countries/ukraine/ukraine-es-es-fields.txt,./files/countries/ukraine/ukraine-es-es-html-description.txt,ok,pass,./files/countries/ukraine/ukraine-it-it-fields.txt,./files/countries/ukraine/ukraine-it-it-html-description.txt,ok,pass,./files/countries/ukraine/ukraine-de-de-fields.txt,./files/countries/ukraine/ukraine-de-de-html-description.txt,ok,pass,./files/countries/ukraine/ukraine-pt-br-fields.txt,./files/countries/ukraine/ukraine-pt-br-html-description.txt
32,country,Russia,russia,Russia,red,Фото: нет 2,https://confideline.com/ru/admin/country/update?id=2017370,https://confideline.com/country/russia,,,,,,1,1,ok,pass,./files/countries/russia/russia-ru-ru-fields.txt,./files/countries/russia/russia-ru-ru-html-description.txt,ok,pass,./files/countries/russia/russia-en-us-fields.txt,./files/countries/russia/russia-en-us-html-description.txt,ok,pass,./files/countries/russia/russia-es-es-fields.txt,./files/countries/russia/russia-es-es-html-description.txt,ok,pass,./files/countries/russia/russia-it-it-fields.txt,./files/countries/russia/russia-it-it-html-description.txt,ok,pass,./files/countries/russia/russia-de-de-fields.txt,./files/countries/russia/russia-de-de-html-description.txt,ok,pass,./files/countries/russia/russia-pt-br-fields.txt,./files/countries/russia/russia-pt-br-html-description.txt
33,country,Spain,spain,Spain,red,Фото: нет 2,https://confideline.com/ru/admin/country/update?id=2510769,https://confideline.com/country/spain,,,,,,1,1,ok,pass,./files/countries/spain/spain-ru-ru-fields.txt,./files/countries/spain/spain-ru-ru-html-description.txt,ok,pass,./files/countries/spain/spain-en-us-fields.txt,./files/countries/spain/spain-en-us-html-description.txt,ok,pass,./files/countries/spain/spain-es-es-fields.txt,./files/countries/spain/spain-es-es-html-description.txt,ok,pass,./files/countries/spain/spain-it-it-fields.txt,./files/countries/spain/spain-it-it-html-description.txt,ok,pass,./files/countries/spain/spain-de-de-fields.txt,./files/countries/spain/spain-de-de-html-description.txt,ok,pass,./files/countries/spain/spain-pt-br-fields.txt,./files/countries/spain/spain-pt-br-html-description.txt
34,country,Singapore,singapore,Singapore,red,Фото: нет 2,https://confideline.com/ru/admin/country/update?id=1880251,https://confideline.com/country/singapore,,,,,,1,1,ok,pass,./files/countries/singapore/singapore-ru-ru-fields.txt,./files/countries/singapore/singapore-ru-ru-html-description.txt,ok,pass,./files/countries/singapore/singapore-en-us-fields.txt,./files/countries/singapore/singapore-en-us-html-description.txt,ok,pass,./files/countries/singapore/singapore-es-es-fields.txt,./files/countries/singapore/singapore-es-es-html-description.txt,ok,pass,./files/countries/singapore/singapore-it-it-fields.txt,./files/countries/singapore/singapore-it-it-html-description.txt,ok,pass,./files/countries/singapore/singapore-de-de-fields.txt,./files/countries/singapore/singapore-de-de-html-description.txt,ok,pass,./files/countries/singapore/singapore-pt-br-fields.txt,./files/countries/singapore/singapore-pt-br-html-description.txt
35,country,Monaco,monaco,Monaco,red,Фото: нет 2,https://confideline.com/ru/admin/country/update?id=2993457,https://confideline.com/country/monaco,,,,,,1,1,ok,pass,./files/countries/monaco/monaco-ru-ru-fields.txt,./files/countries/monaco/monaco-ru-ru-html-description.txt,ok,pass,./files/countries/monaco/monaco-en-us-fields.txt,./files/countries/monaco/monaco-en-us-html-description.txt,ok,pass,./files/countries/monaco/monaco-es-es-fields.txt,./files/countries/monaco/monaco-es-es-html-description.txt,ok,pass,./files/countries/monaco/monaco-it-it-fields.txt,./files/countries/monaco/monaco-it-it-html-description.txt,ok,pass,./files/countries/monaco/monaco-de-de-fields.txt,./files/countries/monaco/monaco-de-de-html-description.txt,ok,pass,./files/countries/monaco/monaco-pt-br-fields.txt,./files/countries/monaco/monaco-pt-br-html-description.txt
36,country,United Arab Emirates,united-arab-emirates,United Arab Emirates,red,Фото: нет 2,https://confideline.com/ru/admin/country/update?id=290557,https://confideline.com/country/united-arab-emirates,,,,,,1,1,ok,pass,./files/countries/united-arab-emirates/united-arab-emirates-ru-ru-fields.txt,./files/countries/united-arab-emirates/united-arab-emirates-ru-ru-html-description.txt,ok,pass,./files/countries/united-arab-emirates/united-arab-emirates-en-us-fields.txt,./files/countries/united-arab-emirates/united-arab-emirates-en-us-html-description.txt,ok,pass,./files/countries/united-arab-emirates/united-arab-emirates-es-es-fields.txt,./files/countries/united-arab-emirates/united-arab-emirates-es-es-html-description.txt,ok,pass,./files/countries/united-arab-emirates/united-arab-emirates-it-it-fields.txt,./files/countries/united-arab-emirates/united-arab-emirates-it-it-html-description.txt,ok,pass,./files/countries/united-arab-emirates/united-arab-emirates-de-de-fields.txt,./files/countries/united-arab-emirates/united-arab-emirates-de-de-html-description.txt,ok,pass,./files/countries/united-arab-emirates/united-arab-emirates-pt-br-fields.txt,./files/countries/united-arab-emirates/united-arab-emirates-pt-br-html-description.txt
37,country,Switzerland,switzerland,Switzerland,red,Фото: нет 2,https://confideline.com/ru/admin/country/update?id=2658434,https://confideline.com/country/switzerland,,,,,,1,1,ok,pass,./files/countries/switzerland/switzerland-ru-ru-fields.txt,./files/countries/switzerland/switzerland-ru-ru-html-description.txt,ok,pass,./files/countries/switzerland/switzerland-en-us-fields.txt,./files/countries/switzerland/switzerland-en-us-html-description.txt,ok,pass,./files/countries/switzerland/switzerland-es-es-fields.txt,./files/countries/switzerland/switzerland-es-es-html-description.txt,ok,pass,./files/countries/switzerland/switzerland-it-it-fields.txt,./files/countries/switzerland/switzerland-it-it-html-description.txt,ok,pass,./files/countries/switzerland/switzerland-de-de-fields.txt,./files/countries/switzerland/switzerland-de-de-html-description.txt,ok,pass,./files/countries/switzerland/switzerland-pt-br-fields.txt,./files/countries/switzerland/switzerland-pt-br-html-description.txt
38,country,United Kingdom,united-kingdom,United Kingdom,red,Фото: нет 2,https://confideline.com/ru/admin/country/update?id=2635167,https://confideline.com/country/united-kingdom,,,,,,1,1,ok,pass,./files/countries/united-kingdom/united-kingdom-ru-ru-fields.txt,./files/countries/united-kingdom/united-kingdom-ru-ru-html-description.txt,ok,pass,./files/countries/united-kingdom/united-kingdom-en-us-fields.txt,./files/countries/united-kingdom/united-kingdom-en-us-html-description.txt,ok,pass,./files/countries/united-kingdom/united-kingdom-es-es-fields.txt,./files/countries/united-kingdom/united-kingdom-es-es-html-description.txt,ok,pass,./files/countries/united-kingdom/united-kingdom-it-it-fields.txt,./files/countries/united-kingdom/united-kingdom-it-it-html-description.txt,ok,pass,./files/countries/united-kingdom/united-kingdom-de-de-fields.txt,./files/countries/united-kingdom/united-kingdom-de-de-html-description.txt,ok,pass,./files/countries/united-kingdom/united-kingdom-pt-br-fields.txt,./files/countries/united-kingdom/united-kingdom-pt-br-html-description.txt
39,country,United States,united-states,United States,red,Фото: нет 2,https://confideline.com/ru/admin/country/update?id=6252001,https://confideline.com/country/united-states,,,,,,1,1,ok,pass,./files/countries/united-states/united-states-ru-ru-fields.txt,./files/countries/united-states/united-states-ru-ru-html-description.txt,ok,pass,./files/countries/united-states/united-states-en-us-fields.txt,./files/countries/united-states/united-states-en-us-html-description.txt,ok,pass,./files/countries/united-states/united-states-es-es-fields.txt,./files/countries/united-states/united-states-es-es-html-description.txt,ok,pass,./files/countries/united-states/united-states-it-it-fields.txt,./files/countries/united-states/united-states-it-it-html-description.txt,ok,pass,./files/countries/united-states/united-states-de-de-fields.txt,./files/countries/united-states/united-states-de-de-html-description.txt,ok,pass,./files/countries/united-states/united-states-pt-br-fields.txt,./files/countries/united-states/united-states-pt-br-html-description.txt
40,city,Munich,munich,Germany,red,CMS: нет live-проверки | Фото: нет 2,https://confideline.com/ru/admin/geoname/update?id=2867714,https://confideline.com/city/munich,,,,,,1,1,ok,unknown,./files/cities/munich/munich-ru-ru-fields.txt,./files/cities/munich/munich-ru-ru-html-description.txt,ok,unknown,./files/cities/munich/munich-en-us-fields.txt,./files/cities/munich/munich-en-us-html-description.txt,ok,unknown,./files/cities/munich/munich-es-es-fields.txt,./files/cities/munich/munich-es-es-html-description.txt,ok,unknown,./files/cities/munich/munich-it-it-fields.txt,./files/cities/munich/munich-it-it-html-description.txt,ok,unknown,./files/cities/munich/munich-de-de-fields.txt,./files/cities/munich/munich-de-de-html-description.txt,ok,unknown,./files/cities/munich/munich-pt-br-fields.txt,./files/cities/munich/munich-pt-br-html-description.txt
41,city,Berlin,berlin,Germany,red,CMS: нет live-проверки | Фото: нет 2,https://confideline.com/ru/admin/geoname/update?id=6547539,https://confideline.com/city/berlin,,,,,,1,1,ok,unknown,./files/cities/berlin/berlin-ru-ru-fields.txt,./files/cities/berlin/berlin-ru-ru-html-description.txt,ok,unknown,./files/cities/berlin/berlin-en-us-fields.txt,./files/cities/berlin/berlin-en-us-html-description.txt,ok,unknown,./files/cities/berlin/berlin-es-es-fields.txt,./files/cities/berlin/berlin-es-es-html-description.txt,ok,unknown,./files/cities/berlin/berlin-it-it-fields.txt,./files/cities/berlin/berlin-it-it-html-description.txt,ok,unknown,./files/cities/berlin/berlin-de-de-fields.txt,./files/cities/berlin/berlin-de-de-html-description.txt,ok,unknown,./files/cities/berlin/berlin-pt-br-fields.txt,./files/cities/berlin/berlin-pt-br-html-description.txt
42,city,Liverpool,liverpool,United Kingdom,red,CMS: нет live-проверки | Фото: нет 2,https://confideline.com/ru/admin/geoname/update?id=2644210,https://confideline.com/city/liverpool,,,,,,1,1,ok,unknown,./files/cities/liverpool/liverpool-ru-ru-fields.txt,./files/cities/liverpool/liverpool-ru-ru-html-description.txt,ok,unknown,./files/cities/liverpool/liverpool-en-us-fields.txt,./files/cities/liverpool/liverpool-en-us-html-description.txt,ok,unknown,./files/cities/liverpool/liverpool-es-es-fields.txt,./files/cities/liverpool/liverpool-es-es-html-description.txt,ok,unknown,./files/cities/liverpool/liverpool-it-it-fields.txt,./files/cities/liverpool/liverpool-it-it-html-description.txt,ok,unknown,./files/cities/liverpool/liverpool-de-de-fields.txt,./files/cities/liverpool/liverpool-de-de-html-description.txt,ok,unknown,./files/cities/liverpool/liverpool-pt-br-fields.txt,./files/cities/liverpool/liverpool-pt-br-html-description.txt
43,city,Birmingham,birmingham,United Kingdom,red,CMS: нет live-проверки | Фото: нет 2,https://confideline.com/ru/admin/geoname/update?id=2655603,https://confideline.com/city/birmingham,,,,,,1,1,ok,unknown,./files/cities/birmingham/birmingham-ru-ru-fields.txt,./files/cities/birmingham/birmingham-ru-ru-html-description.txt,ok,unknown,./files/cities/birmingham/birmingham-en-us-fields.txt,./files/cities/birmingham/birmingham-en-us-html-description.txt,ok,unknown,./files/cities/birmingham/birmingham-es-es-fields.txt,./files/cities/birmingham/birmingham-es-es-html-description.txt,ok,unknown,./files/cities/birmingham/birmingham-it-it-fields.txt,./files/cities/birmingham/birmingham-it-it-html-description.txt,ok,unknown,./files/cities/birmingham/birmingham-de-de-fields.txt,./files/cities/birmingham/birmingham-de-de-html-description.txt,ok,unknown,./files/cities/birmingham/birmingham-pt-br-fields.txt,./files/cities/birmingham/birmingham-pt-br-html-description.txt
44,city,Manchester,manchester,United Kingdom,red,CMS: нет live-проверки | Фото: нет 2,https://confideline.com/ru/admin/geoname/update?id=3333169,https://confideline.com/city/manchester,,,,,,1,1,ok,unknown,./files/cities/manchester/manchester-ru-ru-fields.txt,./files/cities/manchester/manchester-ru-ru-html-description.txt,ok,unknown,./files/cities/manchester/manchester-en-us-fields.txt,./files/cities/manchester/manchester-en-us-html-description.txt,ok,unknown,./files/cities/manchester/manchester-es-es-fields.txt,./files/cities/manchester/manchester-es-es-html-description.txt,ok,unknown,./files/cities/manchester/manchester-it-it-fields.txt,./files/cities/manchester/manchester-it-it-html-description.txt,ok,unknown,./files/cities/manchester/manchester-de-de-fields.txt,./files/cities/manchester/manchester-de-de-html-description.txt,ok,unknown,./files/cities/manchester/manchester-pt-br-fields.txt,./files/cities/manchester/manchester-pt-br-html-description.txt
45,city,London,london,United Kingdom,red,CMS: нет live-проверки | Фото: нет 2,https://confideline.com/ru/admin/geoname/update?id=2643743,https://confideline.com/city/london,,,,,,1,1,ok,unknown,./files/cities/london/london-ru-ru-fields.txt,./files/cities/london/london-ru-ru-html-description.txt,ok,unknown,./files/cities/london/london-en-us-fields.txt,./files/cities/london/london-en-us-html-description.txt,ok,unknown,./files/cities/london/london-es-es-fields.txt,./files/cities/london/london-es-es-html-description.txt,ok,unknown,./files/cities/london/london-it-it-fields.txt,./files/cities/london/london-it-it-html-description.txt,ok,unknown,./files/cities/london/london-de-de-fields.txt,./files/cities/london/london-de-de-html-description.txt,ok,unknown,./files/cities/london/london-pt-br-fields.txt,./files/cities/london/london-pt-br-html-description.txt
46,city,New York City,new-york-city,United States,red,CMS: нет live-проверки | Фото: нет 2,https://confideline.com/ru/admin/geoname/update?id=5128581,https://confideline.com/city/new-york-city,,,,,,1,1,ok,unknown,./files/cities/new-york-city/new-york-city-ru-ru-fields.txt,./files/cities/new-york-city/new-york-city-ru-ru-html-description.txt,ok,unknown,./files/cities/new-york-city/new-york-city-en-us-fields.txt,./files/cities/new-york-city/new-york-city-en-us-html-description.txt,ok,unknown,./files/cities/new-york-city/new-york-city-es-es-fields.txt,./files/cities/new-york-city/new-york-city-es-es-html-description.txt,ok,unknown,./files/cities/new-york-city/new-york-city-it-it-fields.txt,./files/cities/new-york-city/new-york-city-it-it-html-description.txt,ok,unknown,./files/cities/new-york-city/new-york-city-de-de-fields.txt,./files/cities/new-york-city/new-york-city-de-de-html-description.txt,ok,unknown,./files/cities/new-york-city/new-york-city-pt-br-fields.txt,./files/cities/new-york-city/new-york-city-pt-br-html-description.txt
47,city,Atlanta,atlanta,United States,red,CMS: нет live-проверки | Фото: нет 2,https://confideline.com/ru/admin/geoname/update?id=4180439,https://confideline.com/city/atlanta,,,,,,1,1,ok,unknown,./files/cities/atlanta/atlanta-ru-ru-fields.txt,./files/cities/atlanta/atlanta-ru-ru-html-description.txt,ok,unknown,./files/cities/atlanta/atlanta-en-us-fields.txt,./files/cities/atlanta/atlanta-en-us-html-description.txt,ok,unknown,./files/cities/atlanta/atlanta-es-es-fields.txt,./files/cities/atlanta/atlanta-es-es-html-description.txt,ok,unknown,./files/cities/atlanta/atlanta-it-it-fields.txt,./files/cities/atlanta/atlanta-it-it-html-description.txt,ok,unknown,./files/cities/atlanta/atlanta-de-de-fields.txt,./files/cities/atlanta/atlanta-de-de-html-description.txt,ok,unknown,./files/cities/atlanta/atlanta-pt-br-fields.txt,./files/cities/atlanta/atlanta-pt-br-html-description.txt
48,city,Houston,houston,United States,red,CMS: нет live-проверки | Фото: нет 2,https://confideline.com/ru/admin/geoname/update?id=4699066,https://confideline.com/city/houston,,,,,,1,1,ok,unknown,./files/cities/houston/houston-ru-ru-fields.txt,./files/cities/houston/houston-ru-ru-html-description.txt,ok,unknown,./files/cities/houston/houston-en-us-fields.txt,./files/cities/houston/houston-en-us-html-description.txt,ok,unknown,./files/cities/houston/houston-es-es-fields.txt,./files/cities/houston/houston-es-es-html-description.txt,ok,unknown,./files/cities/houston/houston-it-it-fields.txt,./files/cities/houston/houston-it-it-html-description.txt,ok,unknown,./files/cities/houston/houston-de-de-fields.txt,./files/cities/houston/houston-de-de-html-description.txt,ok,unknown,./files/cities/houston/houston-pt-br-fields.txt,./files/cities/houston/houston-pt-br-html-description.txt
49,city,Dallas,dallas,United States,red,CMS: нет live-проверки | Фото: нет 2,https://confideline.com/ru/admin/geoname/update?id=4684888,https://confideline.com/city/dallas,,,,,,1,1,ok,unknown,./files/cities/dallas/dallas-ru-ru-fields.txt,./files/cities/dallas/dallas-ru-ru-html-description.txt,ok,unknown,./files/cities/dallas/dallas-en-us-fields.txt,./files/cities/dallas/dallas-en-us-html-description.txt,ok,unknown,./files/cities/dallas/dallas-es-es-fields.txt,./files/cities/dallas/dallas-es-es-html-description.txt,ok,unknown,./files/cities/dallas/dallas-it-it-fields.txt,./files/cities/dallas/dallas-it-it-html-description.txt,ok,unknown,./files/cities/dallas/dallas-de-de-fields.txt,./files/cities/dallas/dallas-de-de-html-description.txt,ok,unknown,./files/cities/dallas/dallas-pt-br-fields.txt,./files/cities/dallas/dallas-pt-br-html-description.txt
50,city,Austin,austin,United States,red,CMS: нет live-проверки | Фото: нет 2,https://confideline.com/ru/admin/geoname/update?id=4671654,https://confideline.com/city/austin,,,,,,1,1,ok,unknown,./files/cities/austin/austin-ru-ru-fields.txt,./files/cities/austin/austin-ru-ru-html-description.txt,ok,unknown,./files/cities/austin/austin-en-us-fields.txt,./files/cities/austin/austin-en-us-html-description.txt,ok,unknown,./files/cities/austin/austin-es-es-fields.txt,./files/cities/austin/austin-es-es-html-description.txt,ok,unknown,./files/cities/austin/austin-it-it-fields.txt,./files/cities/austin/austin-it-it-html-description.txt,ok,unknown,./files/cities/austin/austin-de-de-fields.txt,./files/cities/austin/austin-de-de-html-description.txt,ok,unknown,./files/cities/austin/austin-pt-br-fields.txt,./files/cities/austin/austin-pt-br-html-description.txt
51,city,Las Vegas,las-vegas,United States,red,CMS: нет live-проверки | Фото: нет 2,https://confideline.com/ru/admin/geoname/update?id=5506956,https://confideline.com/city/las-vegas,,,,,,1,1,ok,unknown,./files/cities/las-vegas/las-vegas-ru-ru-fields.txt,./files/cities/las-vegas/las-vegas-ru-ru-html-description.txt,ok,unknown,./files/cities/las-vegas/las-vegas-en-us-fields.txt,./files/cities/las-vegas/las-vegas-en-us-html-description.txt,ok,unknown,./files/cities/las-vegas/las-vegas-es-es-fields.txt,./files/cities/las-vegas/las-vegas-es-es-html-description.txt,ok,unknown,./files/cities/las-vegas/las-vegas-it-it-fields.txt,./files/cities/las-vegas/las-vegas-it-it-html-description.txt,ok,unknown,./files/cities/las-vegas/las-vegas-de-de-fields.txt,./files/cities/las-vegas/las-vegas-de-de-html-description.txt,ok,unknown,./files/cities/las-vegas/las-vegas-pt-br-fields.txt,./files/cities/las-vegas/las-vegas-pt-br-html-description.txt
52,city,San Diego,san-diego,United States,red,CMS: нет live-проверки | Фото: нет 2,https://confideline.com/ru/admin/geoname/update?id=5391811,https://confideline.com/city/san-diego,,,,,,1,1,ok,unknown,./files/cities/san-diego/san-diego-ru-ru-fields.txt,./files/cities/san-diego/san-diego-ru-ru-html-description.txt,ok,unknown,./files/cities/san-diego/san-diego-en-us-fields.txt,./files/cities/san-diego/san-diego-en-us-html-description.txt,ok,unknown,./files/cities/san-diego/san-diego-es-es-fields.txt,./files/cities/san-diego/san-diego-es-es-html-description.txt,ok,unknown,./files/cities/san-diego/san-diego-it-it-fields.txt,./files/cities/san-diego/san-diego-it-it-html-description.txt,ok,unknown,./files/cities/san-diego/san-diego-de-de-fields.txt,./files/cities/san-diego/san-diego-de-de-html-description.txt,ok,unknown,./files/cities/san-diego/san-diego-pt-br-fields.txt,./files/cities/san-diego/san-diego-pt-br-html-description.txt
53,city,Seattle,seattle,United States,red,CMS: нет live-проверки | Фото: нет 2,https://confideline.com/ru/admin/geoname/update?id=5809844,https://confideline.com/city/seattle,,,,,,1,1,ok,unknown,./files/cities/seattle/seattle-ru-ru-fields.txt,./files/cities/seattle/seattle-ru-ru-html-description.txt,ok,unknown,./files/cities/seattle/seattle-en-us-fields.txt,./files/cities/seattle/seattle-en-us-html-description.txt,ok,unknown,./files/cities/seattle/seattle-es-es-fields.txt,./files/cities/seattle/seattle-es-es-html-description.txt,ok,unknown,./files/cities/seattle/seattle-it-it-fields.txt,./files/cities/seattle/seattle-it-it-html-description.txt,ok,unknown,./files/cities/seattle/seattle-de-de-fields.txt,./files/cities/seattle/seattle-de-de-html-description.txt,ok,unknown,./files/cities/seattle/seattle-pt-br-fields.txt,./files/cities/seattle/seattle-pt-br-html-description.txt
54,city,Boston,boston,United States,red,CMS: нет live-проверки | Фото: нет 2,https://confideline.com/ru/admin/geoname/update?id=4930956,https://confideline.com/city/boston,,,,,,1,1,ok,unknown,./files/cities/boston/boston-ru-ru-fields.txt,./files/cities/boston/boston-ru-ru-html-description.txt,ok,unknown,./files/cities/boston/boston-en-us-fields.txt,./files/cities/boston/boston-en-us-html-description.txt,ok,unknown,./files/cities/boston/boston-es-es-fields.txt,./files/cities/boston/boston-es-es-html-description.txt,ok,unknown,./files/cities/boston/boston-it-it-fields.txt,./files/cities/boston/boston-it-it-html-description.txt,ok,unknown,./files/cities/boston/boston-de-de-fields.txt,./files/cities/boston/boston-de-de-html-description.txt,ok,unknown,./files/cities/boston/boston-pt-br-fields.txt,./files/cities/boston/boston-pt-br-html-description.txt
55,city,Chicago,chicago,United States,red,CMS: нет live-проверки | Фото: нет 2,https://confideline.com/ru/admin/geoname/update?id=4887398,https://confideline.com/city/chicago,,,,,,1,1,ok,unknown,./files/cities/chicago/chicago-ru-ru-fields.txt,./files/cities/chicago/chicago-ru-ru-html-description.txt,ok,unknown,./files/cities/chicago/chicago-en-us-fields.txt,./files/cities/chicago/chicago-en-us-html-description.txt,ok,unknown,./files/cities/chicago/chicago-es-es-fields.txt,./files/cities/chicago/chicago-es-es-html-description.txt,ok,unknown,./files/cities/chicago/chicago-it-it-fields.txt,./files/cities/chicago/chicago-it-it-html-description.txt,ok,unknown,./files/cities/chicago/chicago-de-de-fields.txt,./files/cities/chicago/chicago-de-de-html-description.txt,ok,unknown,./files/cities/chicago/chicago-pt-br-fields.txt,./files/cities/chicago/chicago-pt-br-html-description.txt
56,city,San Francisco,san-francisco,United States,red,CMS: нет live-проверки | Фото: нет 2,https://confideline.com/ru/admin/geoname/update?id=5391959,https://confideline.com/city/san-francisco,,,,,,1,1,ok,unknown,./files/cities/san-francisco/san-francisco-ru-ru-fields.txt,./files/cities/san-francisco/san-francisco-ru-ru-html-description.txt,ok,unknown,./files/cities/san-francisco/san-francisco-en-us-fields.txt,./files/cities/san-francisco/san-francisco-en-us-html-description.txt,ok,unknown,./files/cities/san-francisco/san-francisco-es-es-fields.txt,./files/cities/san-francisco/san-francisco-es-es-html-description.txt,ok,unknown,./files/cities/san-francisco/san-francisco-it-it-fields.txt,./files/cities/san-francisco/san-francisco-it-it-html-description.txt,ok,unknown,./files/cities/san-francisco/san-francisco-de-de-fields.txt,./files/cities/san-francisco/san-francisco-de-de-html-description.txt,ok,unknown,./files/cities/san-francisco/san-francisco-pt-br-fields.txt,./files/cities/san-francisco/san-francisco-pt-br-html-description.txt
57,city,Miami,miami,United States,red,CMS: нет live-проверки | Фото: нет 2,https://confideline.com/ru/admin/geoname/update?id=4164138,https://confideline.com/city/miami,,,,,,1,1,ok,unknown,./files/cities/miami/miami-ru-ru-fields.txt,./files/cities/miami/miami-ru-ru-html-description.txt,ok,unknown,./files/cities/miami/miami-en-us-fields.txt,./files/cities/miami/miami-en-us-html-description.txt,ok,unknown,./files/cities/miami/miami-es-es-fields.txt,./files/cities/miami/miami-es-es-html-description.txt,ok,unknown,./files/cities/miami/miami-it-it-fields.txt,./files/cities/miami/miami-it-it-html-description.txt,ok,unknown,./files/cities/miami/miami-de-de-fields.txt,./files/cities/miami/miami-de-de-html-description.txt,ok,unknown,./files/cities/miami/miami-pt-br-fields.txt,./files/cities/miami/miami-pt-br-html-description.txt
58,city,Los Angeles,los-angeles,United States,red,CMS: нет live-проверки | Фото: нет 2,https://confideline.com/ru/admin/geoname/update?id=5368361,https://confideline.com/city/los-angeles,,,,,,1,1,ok,unknown,./files/cities/los-angeles/los-angeles-ru-ru-fields.txt,./files/cities/los-angeles/los-angeles-ru-ru-html-description.txt,ok,unknown,./files/cities/los-angeles/los-angeles-en-us-fields.txt,./files/cities/los-angeles/los-angeles-en-us-html-description.txt,ok,unknown,./files/cities/los-angeles/los-angeles-es-es-fields.txt,./files/cities/los-angeles/los-angeles-es-es-html-description.txt,ok,unknown,./files/cities/los-angeles/los-angeles-it-it-fields.txt,./files/cities/los-angeles/los-angeles-it-it-html-description.txt,ok,unknown,./files/cities/los-angeles/los-angeles-de-de-fields.txt,./files/cities/los-angeles/los-angeles-de-de-html-description.txt,ok,unknown,./files/cities/los-angeles/los-angeles-pt-br-fields.txt,./files/cities/los-angeles/los-angeles-pt-br-html-description.txt
59,city,New York,new-york,United States,red,CMS: нет live-проверки | Фото: нет 2,https://confideline.com/ru/admin/geoname/update?id=5128581,https://confideline.com/city/new-york,,,,,,1,1,ok,unknown,./files/cities/new-york/new-york-ru-ru-fields.txt,./files/cities/new-york/new-york-ru-ru-html-description.txt,ok,unknown,./files/cities/new-york/new-york-en-us-fields.txt,./files/cities/new-york/new-york-en-us-html-description.txt,ok,unknown,./files/cities/new-york/new-york-es-es-fields.txt,./files/cities/new-york/new-york-es-es-html-description.txt,ok,unknown,./files/cities/new-york/new-york-it-it-fields.txt,./files/cities/new-york/new-york-it-it-html-description.txt,ok,unknown,./files/cities/new-york/new-york-de-de-fields.txt,./files/cities/new-york/new-york-de-de-html-description.txt,ok,unknown,./files/cities/new-york/new-york-pt-br-fields.txt,./files/cities/new-york/new-york-pt-br-html-description.txt
60,city,Madrid,madrid,Spain,red,CMS: нет live-проверки | Фото: нет 2,https://confideline.com/ru/admin/geoname/update?id=3117735,https://confideline.com/city/madrid,,,,,,1,1,ok,unknown,./files/cities/madrid/madrid-ru-ru-fields.txt,./files/cities/madrid/madrid-ru-ru-html-description.txt,ok,unknown,./files/cities/madrid/madrid-en-us-fields.txt,./files/cities/madrid/madrid-en-us-html-description.txt,ok,unknown,./files/cities/madrid/madrid-es-es-fields.txt,./files/cities/madrid/madrid-es-es-html-description.txt,ok,unknown,./files/cities/madrid/madrid-it-it-fields.txt,./files/cities/madrid/madrid-it-it-html-description.txt,ok,unknown,./files/cities/madrid/madrid-de-de-fields.txt,./files/cities/madrid/madrid-de-de-html-description.txt,ok,unknown,./files/cities/madrid/madrid-pt-br-fields.txt,./files/cities/madrid/madrid-pt-br-html-description.txt
61,city,Perth,perth,Australia,red,CMS: нет live-проверки | Фото: нет 2,https://confideline.com/ru/admin/geoname/update?id=2063523,https://confideline.com/city/perth,,,,,,1,1,ok,unknown,./files/cities/perth/perth-ru-ru-fields.txt,./files/cities/perth/perth-ru-ru-html-description.txt,ok,unknown,./files/cities/perth/perth-en-us-fields.txt,./files/cities/perth/perth-en-us-html-description.txt,ok,unknown,./files/cities/perth/perth-es-es-fields.txt,./files/cities/perth/perth-es-es-html-description.txt,ok,unknown,./files/cities/perth/perth-it-it-fields.txt,./files/cities/perth/perth-it-it-html-description.txt,ok,unknown,./files/cities/perth/perth-de-de-fields.txt,./files/cities/perth/perth-de-de-html-description.txt,ok,unknown,./files/cities/perth/perth-pt-br-fields.txt,./files/cities/perth/perth-pt-br-html-description.txt
62,city,Brisbane,brisbane,Australia,red,CMS: нет live-проверки | Фото: нет 2,https://confideline.com/ru/admin/geoname/update?id=2174003,https://confideline.com/city/brisbane,,,,,,1,1,ok,unknown,./files/cities/brisbane/brisbane-ru-ru-fields.txt,./files/cities/brisbane/brisbane-ru-ru-html-description.txt,ok,unknown,./files/cities/brisbane/brisbane-en-us-fields.txt,./files/cities/brisbane/brisbane-en-us-html-description.txt,ok,unknown,./files/cities/brisbane/brisbane-es-es-fields.txt,./files/cities/brisbane/brisbane-es-es-html-description.txt,ok,unknown,./files/cities/brisbane/brisbane-it-it-fields.txt,./files/cities/brisbane/brisbane-it-it-html-description.txt,ok,unknown,./files/cities/brisbane/brisbane-de-de-fields.txt,./files/cities/brisbane/brisbane-de-de-html-description.txt,ok,unknown,./files/cities/brisbane/brisbane-pt-br-fields.txt,./files/cities/brisbane/brisbane-pt-br-html-description.txt
63,city,Melbourne,melbourne,Australia,red,CMS: нет live-проверки | Фото: нет 2,https://confideline.com/ru/admin/geoname/update?id=2158177,https://confideline.com/city/melbourne,,,,,,1,1,ok,unknown,./files/cities/melbourne/melbourne-ru-ru-fields.txt,./files/cities/melbourne/melbourne-ru-ru-html-description.txt,ok,unknown,./files/cities/melbourne/melbourne-en-us-fields.txt,./files/cities/melbourne/melbourne-en-us-html-description.txt,ok,unknown,./files/cities/melbourne/melbourne-es-es-fields.txt,./files/cities/melbourne/melbourne-es-es-html-description.txt,ok,unknown,./files/cities/melbourne/melbourne-it-it-fields.txt,./files/cities/melbourne/melbourne-it-it-html-description.txt,ok,unknown,./files/cities/melbourne/melbourne-de-de-fields.txt,./files/cities/melbourne/melbourne-de-de-html-description.txt,ok,unknown,./files/cities/melbourne/melbourne-pt-br-fields.txt,./files/cities/melbourne/melbourne-pt-br-html-description.txt
64,city,Sydney,sydney,Australia,red,CMS: нет live-проверки | Фото: нет 2,https://confideline.com/ru/admin/geoname/update?id=2147714,https://confideline.com/city/sydney,,,,,,1,1,ok,unknown,./files/cities/sydney/sydney-ru-ru-fields.txt,./files/cities/sydney/sydney-ru-ru-html-description.txt,ok,unknown,./files/cities/sydney/sydney-en-us-fields.txt,./files/cities/sydney/sydney-en-us-html-description.txt,ok,unknown,./files/cities/sydney/sydney-es-es-fields.txt,./files/cities/sydney/sydney-es-es-html-description.txt,ok,unknown,./files/cities/sydney/sydney-it-it-fields.txt,./files/cities/sydney/sydney-it-it-html-description.txt,ok,unknown,./files/cities/sydney/sydney-de-de-fields.txt,./files/cities/sydney/sydney-de-de-html-description.txt,ok,unknown,./files/cities/sydney/sydney-pt-br-fields.txt,./files/cities/sydney/sydney-pt-br-html-description.txt
65,city,Ottawa,ottawa,Canada,red,CMS: нет live-проверки | Фото: нет 2,https://confideline.com/ru/admin/geoname/update?id=6094817,https://confideline.com/city/ottawa,,,,,,1,1,ok,unknown,./files/cities/ottawa/ottawa-ru-ru-fields.txt,./files/cities/ottawa/ottawa-ru-ru-html-description.txt,ok,unknown,./files/cities/ottawa/ottawa-en-us-fields.txt,./files/cities/ottawa/ottawa-en-us-html-description.txt,ok,unknown,./files/cities/ottawa/ottawa-es-es-fields.txt,./files/cities/ottawa/ottawa-es-es-html-description.txt,ok,unknown,./files/cities/ottawa/ottawa-it-it-fields.txt,./files/cities/ottawa/ottawa-it-it-html-description.txt,ok,unknown,./files/cities/ottawa/ottawa-de-de-fields.txt,./files/cities/ottawa/ottawa-de-de-html-description.txt,ok,unknown,./files/cities/ottawa/ottawa-pt-br-fields.txt,./files/cities/ottawa/ottawa-pt-br-html-description.txt
66,city,Calgary,calgary,Canada,red,CMS: нет live-проверки | Фото: нет 2,https://confideline.com/ru/admin/geoname/update?id=5913490,https://confideline.com/city/calgary,,,,,,1,1,ok,unknown,./files/cities/calgary/calgary-ru-ru-fields.txt,./files/cities/calgary/calgary-ru-ru-html-description.txt,ok,unknown,./files/cities/calgary/calgary-en-us-fields.txt,./files/cities/calgary/calgary-en-us-html-description.txt,ok,unknown,./files/cities/calgary/calgary-es-es-fields.txt,./files/cities/calgary/calgary-es-es-html-description.txt,ok,unknown,./files/cities/calgary/calgary-it-it-fields.txt,./files/cities/calgary/calgary-it-it-html-description.txt,ok,unknown,./files/cities/calgary/calgary-de-de-fields.txt,./files/cities/calgary/calgary-de-de-html-description.txt,ok,unknown,./files/cities/calgary/calgary-pt-br-fields.txt,./files/cities/calgary/calgary-pt-br-html-description.txt
67,city,Montreal,montreal,Canada,red,CMS: нет live-проверки | Фото: нет 2,https://confideline.com/ru/admin/geoname/update?id=6077246,https://confideline.com/city/montreal,,,,,,1,1,ok,unknown,./files/cities/montreal/montreal-ru-ru-fields.txt,./files/cities/montreal/montreal-ru-ru-html-description.txt,ok,unknown,./files/cities/montreal/montreal-en-us-fields.txt,./files/cities/montreal/montreal-en-us-html-description.txt,ok,unknown,./files/cities/montreal/montreal-es-es-fields.txt,./files/cities/montreal/montreal-es-es-html-description.txt,ok,unknown,./files/cities/montreal/montreal-it-it-fields.txt,./files/cities/montreal/montreal-it-it-html-description.txt,ok,unknown,./files/cities/montreal/montreal-de-de-fields.txt,./files/cities/montreal/montreal-de-de-html-description.txt,ok,unknown,./files/cities/montreal/montreal-pt-br-fields.txt,./files/cities/montreal/montreal-pt-br-html-description.txt
68,city,Vancouver,vancouver,Canada,red,CMS: нет live-проверки | Фото: нет 2,https://confideline.com/ru/admin/geoname/update?id=6173331,https://confideline.com/city/vancouver,,,,,,1,1,ok,unknown,./files/cities/vancouver/vancouver-ru-ru-fields.txt,./files/cities/vancouver/vancouver-ru-ru-html-description.txt,ok,unknown,./files/cities/vancouver/vancouver-en-us-fields.txt,./files/cities/vancouver/vancouver-en-us-html-description.txt,ok,unknown,./files/cities/vancouver/vancouver-es-es-fields.txt,./files/cities/vancouver/vancouver-es-es-html-description.txt,ok,unknown,./files/cities/vancouver/vancouver-it-it-fields.txt,./files/cities/vancouver/vancouver-it-it-html-description.txt,ok,unknown,./files/cities/vancouver/vancouver-de-de-fields.txt,./files/cities/vancouver/vancouver-de-de-html-description.txt,ok,unknown,./files/cities/vancouver/vancouver-pt-br-fields.txt,./files/cities/vancouver/vancouver-pt-br-html-description.txt
69,city,Toronto,toronto,Canada,red,CMS: нет live-проверки | Фото: нет 2,https://confideline.com/ru/admin/geoname/update?id=6167865,https://confideline.com/city/toronto,,,,,,1,1,ok,unknown,./files/cities/toronto/toronto-ru-ru-fields.txt,./files/cities/toronto/toronto-ru-ru-html-description.txt,ok,unknown,./files/cities/toronto/toronto-en-us-fields.txt,./files/cities/toronto/toronto-en-us-html-description.txt,ok,unknown,./files/cities/toronto/toronto-es-es-fields.txt,./files/cities/toronto/toronto-es-es-html-description.txt,ok,unknown,./files/cities/toronto/toronto-it-it-fields.txt,./files/cities/toronto/toronto-it-it-html-description.txt,ok,unknown,./files/cities/toronto/toronto-de-de-fields.txt,./files/cities/toronto/toronto-de-de-html-description.txt,ok,unknown,./files/cities/toronto/toronto-pt-br-fields.txt,./files/cities/toronto/toronto-pt-br-html-description.txt
70,city,Hong Kong,hong-kong,Hong Kong,red,CMS: нет live-проверки | Фото: нет 2,https://confideline.com/ru/admin/geoname/update?id=1819729,https://confideline.com/city/hong-kong,,,,,,1,1,ok,unknown,./files/cities/hong-kong/hong-kong-ru-ru-fields.txt,./files/cities/hong-kong/hong-kong-ru-ru-html-description.txt,ok,unknown,./files/cities/hong-kong/hong-kong-en-us-fields.txt,./files/cities/hong-kong/hong-kong-en-us-html-description.txt,ok,unknown,./files/cities/hong-kong/hong-kong-es-es-fields.txt,./files/cities/hong-kong/hong-kong-es-es-html-description.txt,ok,unknown,./files/cities/hong-kong/hong-kong-it-it-fields.txt,./files/cities/hong-kong/hong-kong-it-it-html-description.txt,ok,unknown,./files/cities/hong-kong/hong-kong-de-de-fields.txt,./files/cities/hong-kong/hong-kong-de-de-html-description.txt,ok,unknown,./files/cities/hong-kong/hong-kong-pt-br-fields.txt,./files/cities/hong-kong/hong-kong-pt-br-html-description.txt
71,city,Singapore,singapore,Singapore,red,CMS: нет live-проверки | Фото: нет 2,https://confideline.com/ru/admin/geoname/update?id=1880252,https://confideline.com/city/singapore,,,,,,1,1,ok,unknown,./files/cities/singapore/singapore-ru-ru-fields.txt,./files/cities/singapore/singapore-ru-ru-html-description.txt,ok,unknown,./files/cities/singapore/singapore-en-us-fields.txt,./files/cities/singapore/singapore-en-us-html-description.txt,ok,unknown,./files/cities/singapore/singapore-es-es-fields.txt,./files/cities/singapore/singapore-es-es-html-description.txt,ok,unknown,./files/cities/singapore/singapore-it-it-fields.txt,./files/cities/singapore/singapore-it-it-html-description.txt,ok,unknown,./files/cities/singapore/singapore-de-de-fields.txt,./files/cities/singapore/singapore-de-de-html-description.txt,ok,unknown,./files/cities/singapore/singapore-pt-br-fields.txt,./files/cities/singapore/singapore-pt-br-html-description.txt
72,city,Monte Carlo,monte-carlo,Monaco,red,CMS: нет live-проверки | Фото: нет 2 | CMS: нет прямого ID,https://confideline.com/ru/admin/geoname/index,https://confideline.com/city/monte-carlo,,,,,,1,1,ok,unknown,./files/cities/monte-carlo/monte-carlo-ru-ru-fields.txt,./files/cities/monte-carlo/monte-carlo-ru-ru-html-description.txt,ok,unknown,./files/cities/monte-carlo/monte-carlo-en-us-fields.txt,./files/cities/monte-carlo/monte-carlo-en-us-html-description.txt,ok,unknown,./files/cities/monte-carlo/monte-carlo-es-es-fields.txt,./files/cities/monte-carlo/monte-carlo-es-es-html-description.txt,ok,unknown,./files/cities/monte-carlo/monte-carlo-it-it-fields.txt,./files/cities/monte-carlo/monte-carlo-it-it-html-description.txt,ok,unknown,./files/cities/monte-carlo/monte-carlo-de-de-fields.txt,./files/cities/monte-carlo/monte-carlo-de-de-html-description.txt,ok,unknown,./files/cities/monte-carlo/monte-carlo-pt-br-fields.txt,./files/cities/monte-carlo/monte-carlo-pt-br-html-description.txt
73,city,Abu Dhabi,abu-dhabi,United Arab Emirates,red,CMS: нет live-проверки | Фото: нет 2,https://confideline.com/ru/admin/geoname/update?id=292968,https://confideline.com/city/abu-dhabi,,,,,,1,1,ok,unknown,./files/cities/abu-dhabi/abu-dhabi-ru-ru-fields.txt,./files/cities/abu-dhabi/abu-dhabi-ru-ru-html-description.txt,ok,unknown,./files/cities/abu-dhabi/abu-dhabi-en-us-fields.txt,./files/cities/abu-dhabi/abu-dhabi-en-us-html-description.txt,ok,unknown,./files/cities/abu-dhabi/abu-dhabi-es-es-fields.txt,./files/cities/abu-dhabi/abu-dhabi-es-es-html-description.txt,ok,unknown,./files/cities/abu-dhabi/abu-dhabi-it-it-fields.txt,./files/cities/abu-dhabi/abu-dhabi-it-it-html-description.txt,ok,unknown,./files/cities/abu-dhabi/abu-dhabi-de-de-fields.txt,./files/cities/abu-dhabi/abu-dhabi-de-de-html-description.txt,ok,unknown,./files/cities/abu-dhabi/abu-dhabi-pt-br-fields.txt,./files/cities/abu-dhabi/abu-dhabi-pt-br-html-description.txt
74,city,Dubai,dubai,United Arab Emirates,red,CMS: нет live-проверки | Фото: нет 2,https://confideline.com/ru/admin/geoname/update?id=292224,https://confideline.com/city/dubai,,,,,,1,1,ok,unknown,./files/cities/dubai/dubai-ru-ru-fields.txt,./files/cities/dubai/dubai-ru-ru-html-description.txt,ok,unknown,./files/cities/dubai/dubai-en-us-fields.txt,./files/cities/dubai/dubai-en-us-html-description.txt,ok,unknown,./files/cities/dubai/dubai-es-es-fields.txt,./files/cities/dubai/dubai-es-es-html-description.txt,ok,unknown,./files/cities/dubai/dubai-it-it-fields.txt,./files/cities/dubai/dubai-it-it-html-description.txt,ok,unknown,./files/cities/dubai/dubai-de-de-fields.txt,./files/cities/dubai/dubai-de-de-html-description.txt,ok,unknown,./files/cities/dubai/dubai-pt-br-fields.txt,./files/cities/dubai/dubai-pt-br-html-description.txt
75,city,Basel,basel,Switzerland,red,CMS: нет live-проверки | Фото: нет 2,https://confideline.com/ru/admin/geoname/update?id=7285161,https://confideline.com/city/basel,,,,,,1,1,ok,unknown,./files/cities/basel/basel-ru-ru-fields.txt,./files/cities/basel/basel-ru-ru-html-description.txt,ok,unknown,./files/cities/basel/basel-en-us-fields.txt,./files/cities/basel/basel-en-us-html-description.txt,ok,unknown,./files/cities/basel/basel-es-es-fields.txt,./files/cities/basel/basel-es-es-html-description.txt,ok,unknown,./files/cities/basel/basel-it-it-fields.txt,./files/cities/basel/basel-it-it-html-description.txt,ok,unknown,./files/cities/basel/basel-de-de-fields.txt,./files/cities/basel/basel-de-de-html-description.txt,ok,unknown,./files/cities/basel/basel-pt-br-fields.txt,./files/cities/basel/basel-pt-br-html-description.txt
76,city,Lugano,lugano,Switzerland,red,CMS: нет live-проверки | Фото: нет 2,https://confideline.com/ru/admin/geoname/update?id=7286383,https://confideline.com/city/lugano,,,,,,1,1,ok,unknown,./files/cities/lugano/lugano-ru-ru-fields.txt,./files/cities/lugano/lugano-ru-ru-html-description.txt,ok,unknown,./files/cities/lugano/lugano-en-us-fields.txt,./files/cities/lugano/lugano-en-us-html-description.txt,ok,unknown,./files/cities/lugano/lugano-es-es-fields.txt,./files/cities/lugano/lugano-es-es-html-description.txt,ok,unknown,./files/cities/lugano/lugano-it-it-fields.txt,./files/cities/lugano/lugano-it-it-html-description.txt,ok,unknown,./files/cities/lugano/lugano-de-de-fields.txt,./files/cities/lugano/lugano-de-de-html-description.txt,ok,unknown,./files/cities/lugano/lugano-pt-br-fields.txt,./files/cities/lugano/lugano-pt-br-html-description.txt
77,city,Geneva,geneva,Switzerland,red,CMS: нет live-проверки | Фото: нет 2,https://confideline.com/ru/admin/geoname/update?id=2660645,https://confideline.com/city/geneva,,,,,,1,1,ok,unknown,./files/cities/geneva/geneva-ru-ru-fields.txt,./files/cities/geneva/geneva-ru-ru-html-description.txt,ok,unknown,./files/cities/geneva/geneva-en-us-fields.txt,./files/cities/geneva/geneva-en-us-html-description.txt,ok,unknown,./files/cities/geneva/geneva-es-es-fields.txt,./files/cities/geneva/geneva-es-es-html-description.txt,ok,unknown,./files/cities/geneva/geneva-it-it-fields.txt,./files/cities/geneva/geneva-it-it-html-description.txt,ok,unknown,./files/cities/geneva/geneva-de-de-fields.txt,./files/cities/geneva/geneva-de-de-html-description.txt,ok,unknown,./files/cities/geneva/geneva-pt-br-fields.txt,./files/cities/geneva/geneva-pt-br-html-description.txt
78,city,Zurich,zurich,Switzerland,red,CMS: нет live-проверки | Фото: нет 2,https://confideline.com/ru/admin/geoname/update?id=7287650,https://confideline.com/city/zurich,,,,,,1,1,ok,unknown,./files/cities/zurich/zurich-ru-ru-fields.txt,./files/cities/zurich/zurich-ru-ru-html-description.txt,ok,unknown,./files/cities/zurich/zurich-en-us-fields.txt,./files/cities/zurich/zurich-en-us-html-description.txt,ok,unknown,./files/cities/zurich/zurich-es-es-fields.txt,./files/cities/zurich/zurich-es-es-html-description.txt,ok,unknown,./files/cities/zurich/zurich-it-it-fields.txt,./files/cities/zurich/zurich-it-it-html-description.txt,ok,unknown,./files/cities/zurich/zurich-de-de-fields.txt,./files/cities/zurich/zurich-de-de-html-description.txt,ok,unknown,./files/cities/zurich/zurich-pt-br-fields.txt,./files/cities/zurich/zurich-pt-br-html-description.txt
79,city,Bordeaux,bordeaux,France,red,CMS: нет live-проверки | Фото: нет 2,https://confideline.com/ru/admin/geoname/update?id=6455058,https://confideline.com/city/bordeaux,,,,,,1,1,ok,unknown,./files/cities/bordeaux/bordeaux-ru-ru-fields.txt,./files/cities/bordeaux/bordeaux-ru-ru-html-description.txt,ok,unknown,./files/cities/bordeaux/bordeaux-en-us-fields.txt,./files/cities/bordeaux/bordeaux-en-us-html-description.txt,ok,unknown,./files/cities/bordeaux/bordeaux-es-es-fields.txt,./files/cities/bordeaux/bordeaux-es-es-html-description.txt,ok,unknown,./files/cities/bordeaux/bordeaux-it-it-fields.txt,./files/cities/bordeaux/bordeaux-it-it-html-description.txt,ok,unknown,./files/cities/bordeaux/bordeaux-de-de-fields.txt,./files/cities/bordeaux/bordeaux-de-de-html-description.txt,ok,unknown,./files/cities/bordeaux/bordeaux-pt-br-fields.txt,./files/cities/bordeaux/bordeaux-pt-br-html-description.txt
80,city,Marseille,marseille,France,red,CMS: нет live-проверки | Фото: нет 2,https://confideline.com/ru/admin/geoname/update?id=6447142,https://confideline.com/city/marseille,,,,,,1,1,ok,unknown,./files/cities/marseille/marseille-ru-ru-fields.txt,./files/cities/marseille/marseille-ru-ru-html-description.txt,ok,unknown,./files/cities/marseille/marseille-en-us-fields.txt,./files/cities/marseille/marseille-en-us-html-description.txt,ok,unknown,./files/cities/marseille/marseille-es-es-fields.txt,./files/cities/marseille/marseille-es-es-html-description.txt,ok,unknown,./files/cities/marseille/marseille-it-it-fields.txt,./files/cities/marseille/marseille-it-it-html-description.txt,ok,unknown,./files/cities/marseille/marseille-de-de-fields.txt,./files/cities/marseille/marseille-de-de-html-description.txt,ok,unknown,./files/cities/marseille/marseille-pt-br-fields.txt,./files/cities/marseille/marseille-pt-br-html-description.txt
81,city,Lyon,lyon,France,red,CMS: нет live-проверки | Фото: нет 2,https://confideline.com/ru/admin/geoname/update?id=6454573,https://confideline.com/city/lyon,,,,,,1,1,ok,unknown,./files/cities/lyon/lyon-ru-ru-fields.txt,./files/cities/lyon/lyon-ru-ru-html-description.txt,ok,unknown,./files/cities/lyon/lyon-en-us-fields.txt,./files/cities/lyon/lyon-en-us-html-description.txt,ok,unknown,./files/cities/lyon/lyon-es-es-fields.txt,./files/cities/lyon/lyon-es-es-html-description.txt,ok,unknown,./files/cities/lyon/lyon-it-it-fields.txt,./files/cities/lyon/lyon-it-it-html-description.txt,ok,unknown,./files/cities/lyon/lyon-de-de-fields.txt,./files/cities/lyon/lyon-de-de-html-description.txt,ok,unknown,./files/cities/lyon/lyon-pt-br-fields.txt,./files/cities/lyon/lyon-pt-br-html-description.txt
82,city,Cannes,cannes,France,red,CMS: нет live-проверки | Фото: нет 2,https://confideline.com/ru/admin/geoname/update?id=6446684,https://confideline.com/city/cannes,,,,,,1,1,ok,unknown,./files/cities/cannes/cannes-ru-ru-fields.txt,./files/cities/cannes/cannes-ru-ru-html-description.txt,ok,unknown,./files/cities/cannes/cannes-en-us-fields.txt,./files/cities/cannes/cannes-en-us-html-description.txt,ok,unknown,./files/cities/cannes/cannes-es-es-fields.txt,./files/cities/cannes/cannes-es-es-html-description.txt,ok,unknown,./files/cities/cannes/cannes-it-it-fields.txt,./files/cities/cannes/cannes-it-it-html-description.txt,ok,unknown,./files/cities/cannes/cannes-de-de-fields.txt,./files/cities/cannes/cannes-de-de-html-description.txt,ok,unknown,./files/cities/cannes/cannes-pt-br-fields.txt,./files/cities/cannes/cannes-pt-br-html-description.txt
83,city,Nice,nice,France,red,CMS: нет live-проверки | Фото: нет 2,https://confideline.com/ru/admin/geoname/update?id=6454924,https://confideline.com/city/nice,,,,,,1,1,ok,unknown,./files/cities/nice/nice-ru-ru-fields.txt,./files/cities/nice/nice-ru-ru-html-description.txt,ok,unknown,./files/cities/nice/nice-en-us-fields.txt,./files/cities/nice/nice-en-us-html-description.txt,ok,unknown,./files/cities/nice/nice-es-es-fields.txt,./files/cities/nice/nice-es-es-html-description.txt,ok,unknown,./files/cities/nice/nice-it-it-fields.txt,./files/cities/nice/nice-it-it-html-description.txt,ok,unknown,./files/cities/nice/nice-de-de-fields.txt,./files/cities/nice/nice-de-de-html-description.txt,ok,unknown,./files/cities/nice/nice-pt-br-fields.txt,./files/cities/nice/nice-pt-br-html-description.txt
84,city,Paris,paris,France,red,CMS: нет live-проверки | Фото: нет 2,https://confideline.com/ru/admin/geoname/update?id=2988506,https://confideline.com/city/paris,,,,,,1,1,ok,unknown,./files/cities/paris/paris-ru-ru-fields.txt,./files/cities/paris/paris-ru-ru-html-description.txt,ok,unknown,./files/cities/paris/paris-en-us-fields.txt,./files/cities/paris/paris-en-us-html-description.txt,ok,unknown,./files/cities/paris/paris-es-es-fields.txt,./files/cities/paris/paris-es-es-html-description.txt,ok,unknown,./files/cities/paris/paris-it-it-fields.txt,./files/cities/paris/paris-it-it-html-description.txt,ok,unknown,./files/cities/paris/paris-de-de-fields.txt,./files/cities/paris/paris-de-de-html-description.txt,ok,unknown,./files/cities/paris/paris-pt-br-fields.txt,./files/cities/paris/paris-pt-br-html-description.txt
85,city,Dusseldorf,dusseldorf,Germany,red,CMS: нет live-проверки | Фото: нет 2,https://confideline.com/ru/admin/geoname/update?id=6553022,https://confideline.com/city/dusseldorf,,,,,,1,1,ok,unknown,./files/cities/dusseldorf/dusseldorf-ru-ru-fields.txt,./files/cities/dusseldorf/dusseldorf-ru-ru-html-description.txt,ok,unknown,./files/cities/dusseldorf/dusseldorf-en-us-fields.txt,./files/cities/dusseldorf/dusseldorf-en-us-html-description.txt,ok,unknown,./files/cities/dusseldorf/dusseldorf-es-es-fields.txt,./files/cities/dusseldorf/dusseldorf-es-es-html-description.txt,ok,unknown,./files/cities/dusseldorf/dusseldorf-it-it-fields.txt,./files/cities/dusseldorf/dusseldorf-it-it-html-description.txt,ok,unknown,./files/cities/dusseldorf/dusseldorf-de-de-fields.txt,./files/cities/dusseldorf/dusseldorf-de-de-html-description.txt,ok,unknown,./files/cities/dusseldorf/dusseldorf-pt-br-fields.txt,./files/cities/dusseldorf/dusseldorf-pt-br-html-description.txt
86,city,Stuttgart,stuttgart,Germany,red,CMS: нет live-проверки | Фото: нет 2,https://confideline.com/ru/admin/geoname/update?id=6690189,https://confideline.com/city/stuttgart,,,,,,1,1,ok,unknown,./files/cities/stuttgart/stuttgart-ru-ru-fields.txt,./files/cities/stuttgart/stuttgart-ru-ru-html-description.txt,ok,unknown,./files/cities/stuttgart/stuttgart-en-us-fields.txt,./files/cities/stuttgart/stuttgart-en-us-html-description.txt,ok,unknown,./files/cities/stuttgart/stuttgart-es-es-fields.txt,./files/cities/stuttgart/stuttgart-es-es-html-description.txt,ok,unknown,./files/cities/stuttgart/stuttgart-it-it-fields.txt,./files/cities/stuttgart/stuttgart-it-it-html-description.txt,ok,unknown,./files/cities/stuttgart/stuttgart-de-de-fields.txt,./files/cities/stuttgart/stuttgart-de-de-html-description.txt,ok,unknown,./files/cities/stuttgart/stuttgart-pt-br-fields.txt,./files/cities/stuttgart/stuttgart-pt-br-html-description.txt
87,city,Cologne,cologne,Germany,red,CMS: нет live-проверки | Фото: нет 2,https://confideline.com/ru/admin/geoname/update?id=6553049,https://confideline.com/city/cologne,,,,,,1,1,ok,unknown,./files/cities/cologne/cologne-ru-ru-fields.txt,./files/cities/cologne/cologne-ru-ru-html-description.txt,ok,unknown,./files/cities/cologne/cologne-en-us-fields.txt,./files/cities/cologne/cologne-en-us-html-description.txt,ok,unknown,./files/cities/cologne/cologne-es-es-fields.txt,./files/cities/cologne/cologne-es-es-html-description.txt,ok,unknown,./files/cities/cologne/cologne-it-it-fields.txt,./files/cities/cologne/cologne-it-it-html-description.txt,ok,unknown,./files/cities/cologne/cologne-de-de-fields.txt,./files/cities/cologne/cologne-de-de-html-description.txt,ok,unknown,./files/cities/cologne/cologne-pt-br-fields.txt,./files/cities/cologne/cologne-pt-br-html-description.txt
88,city,Hamburg,hamburg,Germany,red,CMS: нет live-проверки | Фото: нет 2,https://confideline.com/ru/admin/geoname/update?id=2911298,https://confideline.com/city/hamburg,,,,,,1,1,ok,unknown,./files/cities/hamburg/hamburg-ru-ru-fields.txt,./files/cities/hamburg/hamburg-ru-ru-html-description.txt,ok,unknown,./files/cities/hamburg/hamburg-en-us-fields.txt,./files/cities/hamburg/hamburg-en-us-html-description.txt,ok,unknown,./files/cities/hamburg/hamburg-es-es-fields.txt,./files/cities/hamburg/hamburg-es-es-html-description.txt,ok,unknown,./files/cities/hamburg/hamburg-it-it-fields.txt,./files/cities/hamburg/hamburg-it-it-html-description.txt,ok,unknown,./files/cities/hamburg/hamburg-de-de-fields.txt,./files/cities/hamburg/hamburg-de-de-html-description.txt,ok,unknown,./files/cities/hamburg/hamburg-pt-br-fields.txt,./files/cities/hamburg/hamburg-pt-br-html-description.txt
89,city,Frankfurt,frankfurt,Germany,red,CMS: нет live-проверки | Фото: нет 2,https://confideline.com/ru/admin/geoname/update?id=3220968,https://confideline.com/city/frankfurt,,,,,,1,1,ok,unknown,./files/cities/frankfurt/frankfurt-ru-ru-fields.txt,./files/cities/frankfurt/frankfurt-ru-ru-html-description.txt,ok,unknown,./files/cities/frankfurt/frankfurt-en-us-fields.txt,./files/cities/frankfurt/frankfurt-en-us-html-description.txt,ok,unknown,./files/cities/frankfurt/frankfurt-es-es-fields.txt,./files/cities/frankfurt/frankfurt-es-es-html-description.txt,ok,unknown,./files/cities/frankfurt/frankfurt-it-it-fields.txt,./files/cities/frankfurt/frankfurt-it-it-html-description.txt,ok,unknown,./files/cities/frankfurt/frankfurt-de-de-fields.txt,./files/cities/frankfurt/frankfurt-de-de-html-description.txt,ok,unknown,./files/cities/frankfurt/frankfurt-pt-br-fields.txt,./files/cities/frankfurt/frankfurt-pt-br-html-description.txt
90,city,Brest,brest,Belarus,red,CMS: нет live-проверки | Фото: нет 2,https://confideline.com/ru/admin/geoname/update?id=629634,https://confideline.com/city/brest,,,,,,1,1,ok,unknown,./files/cities/brest/brest-ru-ru-fields.txt,./files/cities/brest/brest-ru-ru-html-description.txt,ok,unknown,./files/cities/brest/brest-en-us-fields.txt,./files/cities/brest/brest-en-us-html-description.txt,ok,unknown,./files/cities/brest/brest-es-es-fields.txt,./files/cities/brest/brest-es-es-html-description.txt,ok,unknown,./files/cities/brest/brest-it-it-fields.txt,./files/cities/brest/brest-it-it-html-description.txt,ok,unknown,./files/cities/brest/brest-de-de-fields.txt,./files/cities/brest/brest-de-de-html-description.txt,ok,unknown,./files/cities/brest/brest-pt-br-fields.txt,./files/cities/brest/brest-pt-br-html-description.txt
91,city,Minsk,minsk,Belarus,red,CMS: нет live-проверки | Фото: нет 2,https://confideline.com/ru/admin/geoname/update?id=625144,https://confideline.com/city/minsk,,,,,,1,1,ok,unknown,./files/cities/minsk/minsk-ru-ru-fields.txt,./files/cities/minsk/minsk-ru-ru-html-description.txt,ok,unknown,./files/cities/minsk/minsk-en-us-fields.txt,./files/cities/minsk/minsk-en-us-html-description.txt,ok,unknown,./files/cities/minsk/minsk-es-es-fields.txt,./files/cities/minsk/minsk-es-es-html-description.txt,ok,unknown,./files/cities/minsk/minsk-it-it-fields.txt,./files/cities/minsk/minsk-it-it-html-description.txt,ok,unknown,./files/cities/minsk/minsk-de-de-fields.txt,./files/cities/minsk/minsk-de-de-html-description.txt,ok,unknown,./files/cities/minsk/minsk-pt-br-fields.txt,./files/cities/minsk/minsk-pt-br-html-description.txt
92,city,Kharkiv,kharkiv,Ukraine,red,CMS: нет live-проверки | Фото: нет 2,https://confideline.com/ru/admin/geoname/update?id=706483,https://confideline.com/city/kharkiv,,,,,,1,1,ok,unknown,./files/cities/kharkiv/kharkiv-ru-ru-fields.txt,./files/cities/kharkiv/kharkiv-ru-ru-html-description.txt,ok,unknown,./files/cities/kharkiv/kharkiv-en-us-fields.txt,./files/cities/kharkiv/kharkiv-en-us-html-description.txt,ok,unknown,./files/cities/kharkiv/kharkiv-es-es-fields.txt,./files/cities/kharkiv/kharkiv-es-es-html-description.txt,ok,unknown,./files/cities/kharkiv/kharkiv-it-it-fields.txt,./files/cities/kharkiv/kharkiv-it-it-html-description.txt,ok,unknown,./files/cities/kharkiv/kharkiv-de-de-fields.txt,./files/cities/kharkiv/kharkiv-de-de-html-description.txt,ok,unknown,./files/cities/kharkiv/kharkiv-pt-br-fields.txt,./files/cities/kharkiv/kharkiv-pt-br-html-description.txt
93,city,Dnipro,dnipro,Ukraine,red,CMS: нет live-проверки | Фото: нет 2,https://confideline.com/ru/admin/geoname/update?id=709930,https://confideline.com/city/dnipro,,,,,,1,1,ok,unknown,./files/cities/dnipro/dnipro-ru-ru-fields.txt,./files/cities/dnipro/dnipro-ru-ru-html-description.txt,ok,unknown,./files/cities/dnipro/dnipro-en-us-fields.txt,./files/cities/dnipro/dnipro-en-us-html-description.txt,ok,unknown,./files/cities/dnipro/dnipro-es-es-fields.txt,./files/cities/dnipro/dnipro-es-es-html-description.txt,ok,unknown,./files/cities/dnipro/dnipro-it-it-fields.txt,./files/cities/dnipro/dnipro-it-it-html-description.txt,ok,unknown,./files/cities/dnipro/dnipro-de-de-fields.txt,./files/cities/dnipro/dnipro-de-de-html-description.txt,ok,unknown,./files/cities/dnipro/dnipro-pt-br-fields.txt,./files/cities/dnipro/dnipro-pt-br-html-description.txt
94,city,Lviv,lviv,Ukraine,red,CMS: нет live-проверки | Фото: нет 2,https://confideline.com/ru/admin/geoname/update?id=702550,https://confideline.com/city/lviv,,,,,,1,1,ok,unknown,./files/cities/lviv/lviv-ru-ru-fields.txt,./files/cities/lviv/lviv-ru-ru-html-description.txt,ok,unknown,./files/cities/lviv/lviv-en-us-fields.txt,./files/cities/lviv/lviv-en-us-html-description.txt,ok,unknown,./files/cities/lviv/lviv-es-es-fields.txt,./files/cities/lviv/lviv-es-es-html-description.txt,ok,unknown,./files/cities/lviv/lviv-it-it-fields.txt,./files/cities/lviv/lviv-it-it-html-description.txt,ok,unknown,./files/cities/lviv/lviv-de-de-fields.txt,./files/cities/lviv/lviv-de-de-html-description.txt,ok,unknown,./files/cities/lviv/lviv-pt-br-fields.txt,./files/cities/lviv/lviv-pt-br-html-description.txt
95,city,Odesa,odesa,Ukraine,red,CMS: нет live-проверки | Фото: нет 2,https://confideline.com/ru/admin/geoname/update?id=698740,https://confideline.com/city/odesa,,,,,,1,1,ok,unknown,./files/cities/odesa/odesa-ru-ru-fields.txt,./files/cities/odesa/odesa-ru-ru-html-description.txt,ok,unknown,./files/cities/odesa/odesa-en-us-fields.txt,./files/cities/odesa/odesa-en-us-html-description.txt,ok,unknown,./files/cities/odesa/odesa-es-es-fields.txt,./files/cities/odesa/odesa-es-es-html-description.txt,ok,unknown,./files/cities/odesa/odesa-it-it-fields.txt,./files/cities/odesa/odesa-it-it-html-description.txt,ok,unknown,./files/cities/odesa/odesa-de-de-fields.txt,./files/cities/odesa/odesa-de-de-html-description.txt,ok,unknown,./files/cities/odesa/odesa-pt-br-fields.txt,./files/cities/odesa/odesa-pt-br-html-description.txt
96,city,Kyiv,kyiv,Ukraine,red,CMS: нет live-проверки | Фото: нет 2,https://confideline.com/ru/admin/geoname/update?id=703448,https://confideline.com/city/kyiv,,,,,,1,1,ok,unknown,./files/cities/kyiv/kyiv-ru-ru-fields.txt,./files/cities/kyiv/kyiv-ru-ru-html-description.txt,ok,unknown,./files/cities/kyiv/kyiv-en-us-fields.txt,./files/cities/kyiv/kyiv-en-us-html-description.txt,ok,unknown,./files/cities/kyiv/kyiv-es-es-fields.txt,./files/cities/kyiv/kyiv-es-es-html-description.txt,ok,unknown,./files/cities/kyiv/kyiv-it-it-fields.txt,./files/cities/kyiv/kyiv-it-it-html-description.txt,ok,unknown,./files/cities/kyiv/kyiv-de-de-fields.txt,./files/cities/kyiv/kyiv-de-de-html-description.txt,ok,unknown,./files/cities/kyiv/kyiv-pt-br-fields.txt,./files/cities/kyiv/kyiv-pt-br-html-description.txt
97,city,Chelyabinsk,chelyabinsk,Russia,red,CMS: нет live-проверки | Фото: нет 2,https://confideline.com/ru/admin/geoname/update?id=1508291,https://confideline.com/city/chelyabinsk,,,,,,1,1,ok,unknown,./files/cities/chelyabinsk/chelyabinsk-ru-ru-fields.txt,./files/cities/chelyabinsk/chelyabinsk-ru-ru-html-description.txt,ok,unknown,./files/cities/chelyabinsk/chelyabinsk-en-us-fields.txt,./files/cities/chelyabinsk/chelyabinsk-en-us-html-description.txt,ok,unknown,./files/cities/chelyabinsk/chelyabinsk-es-es-fields.txt,./files/cities/chelyabinsk/chelyabinsk-es-es-html-description.txt,ok,unknown,./files/cities/chelyabinsk/chelyabinsk-it-it-fields.txt,./files/cities/chelyabinsk/chelyabinsk-it-it-html-description.txt,ok,unknown,./files/cities/chelyabinsk/chelyabinsk-de-de-fields.txt,./files/cities/chelyabinsk/chelyabinsk-de-de-html-description.txt,ok,unknown,./files/cities/chelyabinsk/chelyabinsk-pt-br-fields.txt,./files/cities/chelyabinsk/chelyabinsk-pt-br-html-description.txt
98,city,Ufa,ufa,Russia,red,CMS: нет live-проверки | Фото: нет 2,https://confideline.com/ru/admin/geoname/update?id=479561,https://confideline.com/city/ufa,,,,,,1,1,ok,unknown,./files/cities/ufa/ufa-ru-ru-fields.txt,./files/cities/ufa/ufa-ru-ru-html-description.txt,ok,unknown,./files/cities/ufa/ufa-en-us-fields.txt,./files/cities/ufa/ufa-en-us-html-description.txt,ok,unknown,./files/cities/ufa/ufa-es-es-fields.txt,./files/cities/ufa/ufa-es-es-html-description.txt,ok,unknown,./files/cities/ufa/ufa-it-it-fields.txt,./files/cities/ufa/ufa-it-it-html-description.txt,ok,unknown,./files/cities/ufa/ufa-de-de-fields.txt,./files/cities/ufa/ufa-de-de-html-description.txt,ok,unknown,./files/cities/ufa/ufa-pt-br-fields.txt,./files/cities/ufa/ufa-pt-br-html-description.txt
99,city,Samara,samara,Russia,red,CMS: нет live-проверки | Фото: нет 2,https://confideline.com/ru/admin/geoname/update?id=499099,https://confideline.com/city/samara,,,,,,1,1,ok,unknown,./files/cities/samara/samara-ru-ru-fields.txt,./files/cities/samara/samara-ru-ru-html-description.txt,ok,unknown,./files/cities/samara/samara-en-us-fields.txt,./files/cities/samara/samara-en-us-html-description.txt,ok,unknown,./files/cities/samara/samara-es-es-fields.txt,./files/cities/samara/samara-es-es-html-description.txt,ok,unknown,./files/cities/samara/samara-it-it-fields.txt,./files/cities/samara/samara-it-it-html-description.txt,ok,unknown,./files/cities/samara/samara-de-de-fields.txt,./files/cities/samara/samara-de-de-html-description.txt,ok,unknown,./files/cities/samara/samara-pt-br-fields.txt,./files/cities/samara/samara-pt-br-html-description.txt
100,city,Novosibirsk,novosibirsk,Russia,red,CMS: нет live-проверки | Фото: нет 2,https://confideline.com/ru/admin/geoname/update?id=1496747,https://confideline.com/city/novosibirsk,,,,,,1,1,ok,unknown,./files/cities/novosibirsk/novosibirsk-ru-ru-fields.txt,./files/cities/novosibirsk/novosibirsk-ru-ru-html-description.txt,ok,unknown,./files/cities/novosibirsk/novosibirsk-en-us-fields.txt,./files/cities/novosibirsk/novosibirsk-en-us-html-description.txt,ok,unknown,./files/cities/novosibirsk/novosibirsk-es-es-fields.txt,./files/cities/novosibirsk/novosibirsk-es-es-html-description.txt,ok,unknown,./files/cities/novosibirsk/novosibirsk-it-it-fields.txt,./files/cities/novosibirsk/novosibirsk-it-it-html-description.txt,ok,unknown,./files/cities/novosibirsk/novosibirsk-de-de-fields.txt,./files/cities/novosibirsk/novosibirsk-de-de-html-description.txt,ok,unknown,./files/cities/novosibirsk/novosibirsk-pt-br-fields.txt,./files/cities/novosibirsk/novosibirsk-pt-br-html-description.txt
101,city,Yekaterinburg,yekaterinburg,Russia,red,CMS: нет live-проверки | Фото: нет 2,https://confideline.com/ru/admin/geoname/update?id=1486209,https://confideline.com/city/yekaterinburg,,,,,,1,1,ok,unknown,./files/cities/yekaterinburg/yekaterinburg-ru-ru-fields.txt,./files/cities/yekaterinburg/yekaterinburg-ru-ru-html-description.txt,ok,unknown,./files/cities/yekaterinburg/yekaterinburg-en-us-fields.txt,./files/cities/yekaterinburg/yekaterinburg-en-us-html-description.txt,ok,unknown,./files/cities/yekaterinburg/yekaterinburg-es-es-fields.txt,./files/cities/yekaterinburg/yekaterinburg-es-es-html-description.txt,ok,unknown,./files/cities/yekaterinburg/yekaterinburg-it-it-fields.txt,./files/cities/yekaterinburg/yekaterinburg-it-it-html-description.txt,ok,unknown,./files/cities/yekaterinburg/yekaterinburg-de-de-fields.txt,./files/cities/yekaterinburg/yekaterinburg-de-de-html-description.txt,ok,unknown,./files/cities/yekaterinburg/yekaterinburg-pt-br-fields.txt,./files/cities/yekaterinburg/yekaterinburg-pt-br-html-description.txt
102,city,Rostov-on-Don,rostov-on-don,Russia,red,CMS: нет live-проверки | Фото: нет 2,https://confideline.com/ru/admin/geoname/update?id=501175,https://confideline.com/city/rostov-on-don,,,,,,1,1,ok,unknown,./files/cities/rostov-on-don/rostov-on-don-ru-ru-fields.txt,./files/cities/rostov-on-don/rostov-on-don-ru-ru-html-description.txt,ok,unknown,./files/cities/rostov-on-don/rostov-on-don-en-us-fields.txt,./files/cities/rostov-on-don/rostov-on-don-en-us-html-description.txt,ok,unknown,./files/cities/rostov-on-don/rostov-on-don-es-es-fields.txt,./files/cities/rostov-on-don/rostov-on-don-es-es-html-description.txt,ok,unknown,./files/cities/rostov-on-don/rostov-on-don-it-it-fields.txt,./files/cities/rostov-on-don/rostov-on-don-it-it-html-description.txt,ok,unknown,./files/cities/rostov-on-don/rostov-on-don-de-de-fields.txt,./files/cities/rostov-on-don/rostov-on-don-de-de-html-description.txt,ok,unknown,./files/cities/rostov-on-don/rostov-on-don-pt-br-fields.txt,./files/cities/rostov-on-don/rostov-on-don-pt-br-html-description.txt
103,city,Krasnodar,krasnodar,Russia,red,CMS: нет live-проверки | Фото: нет 2,https://confideline.com/ru/admin/geoname/update?id=542420,https://confideline.com/city/krasnodar,,,,,,1,1,ok,unknown,./files/cities/krasnodar/krasnodar-ru-ru-fields.txt,./files/cities/krasnodar/krasnodar-ru-ru-html-description.txt,ok,unknown,./files/cities/krasnodar/krasnodar-en-us-fields.txt,./files/cities/krasnodar/krasnodar-en-us-html-description.txt,ok,unknown,./files/cities/krasnodar/krasnodar-es-es-fields.txt,./files/cities/krasnodar/krasnodar-es-es-html-description.txt,ok,unknown,./files/cities/krasnodar/krasnodar-it-it-fields.txt,./files/cities/krasnodar/krasnodar-it-it-html-description.txt,ok,unknown,./files/cities/krasnodar/krasnodar-de-de-fields.txt,./files/cities/krasnodar/krasnodar-de-de-html-description.txt,ok,unknown,./files/cities/krasnodar/krasnodar-pt-br-fields.txt,./files/cities/krasnodar/krasnodar-pt-br-html-description.txt
104,city,Sochi,sochi,Russia,red,CMS: нет live-проверки | Фото: нет 2,https://confideline.com/ru/admin/geoname/update?id=491422,https://confideline.com/city/sochi,,,,,,1,1,ok,unknown,./files/cities/sochi/sochi-ru-ru-fields.txt,./files/cities/sochi/sochi-ru-ru-html-description.txt,ok,unknown,./files/cities/sochi/sochi-en-us-fields.txt,./files/cities/sochi/sochi-en-us-html-description.txt,ok,unknown,./files/cities/sochi/sochi-es-es-fields.txt,./files/cities/sochi/sochi-es-es-html-description.txt,ok,unknown,./files/cities/sochi/sochi-it-it-fields.txt,./files/cities/sochi/sochi-it-it-html-description.txt,ok,unknown,./files/cities/sochi/sochi-de-de-fields.txt,./files/cities/sochi/sochi-de-de-html-description.txt,ok,unknown,./files/cities/sochi/sochi-pt-br-fields.txt,./files/cities/sochi/sochi-pt-br-html-description.txt
105,city,Kazan,kazan,Russia,red,CMS: нет live-проверки | Фото: нет 2,https://confideline.com/ru/admin/geoname/update?id=551487,https://confideline.com/city/kazan,,,,,,1,1,ok,unknown,./files/cities/kazan/kazan-ru-ru-fields.txt,./files/cities/kazan/kazan-ru-ru-html-description.txt,ok,unknown,./files/cities/kazan/kazan-en-us-fields.txt,./files/cities/kazan/kazan-en-us-html-description.txt,ok,unknown,./files/cities/kazan/kazan-es-es-fields.txt,./files/cities/kazan/kazan-es-es-html-description.txt,ok,unknown,./files/cities/kazan/kazan-it-it-fields.txt,./files/cities/kazan/kazan-it-it-html-description.txt,ok,unknown,./files/cities/kazan/kazan-de-de-fields.txt,./files/cities/kazan/kazan-de-de-html-description.txt,ok,unknown,./files/cities/kazan/kazan-pt-br-fields.txt,./files/cities/kazan/kazan-pt-br-html-description.txt
106,city,Saint Petersburg,saint-petersburg,Russia,red,CMS: нет live-проверки | Фото: нет 2,https://confideline.com/ru/admin/geoname/update?id=498817,https://confideline.com/city/saint-petersburg,,,,,,1,1,ok,unknown,./files/cities/saint-petersburg/saint-petersburg-ru-ru-fields.txt,./files/cities/saint-petersburg/saint-petersburg-ru-ru-html-description.txt,ok,unknown,./files/cities/saint-petersburg/saint-petersburg-en-us-fields.txt,./files/cities/saint-petersburg/saint-petersburg-en-us-html-description.txt,ok,unknown,./files/cities/saint-petersburg/saint-petersburg-es-es-fields.txt,./files/cities/saint-petersburg/saint-petersburg-es-es-html-description.txt,ok,unknown,./files/cities/saint-petersburg/saint-petersburg-it-it-fields.txt,./files/cities/saint-petersburg/saint-petersburg-it-it-html-description.txt,ok,unknown,./files/cities/saint-petersburg/saint-petersburg-de-de-fields.txt,./files/cities/saint-petersburg/saint-petersburg-de-de-html-description.txt,ok,unknown,./files/cities/saint-petersburg/saint-petersburg-pt-br-fields.txt,./files/cities/saint-petersburg/saint-petersburg-pt-br-html-description.txt
107,city,Moscow,moscow,Russia,red,CMS: нет live-проверки | Фото: нет 2,https://confideline.com/ru/admin/geoname/update?id=524901,https://confideline.com/city/moscow,,,,,,1,1,ok,unknown,./files/cities/moscow/moscow-ru-ru-fields.txt,./files/cities/moscow/moscow-ru-ru-html-description.txt,ok,unknown,./files/cities/moscow/moscow-en-us-fields.txt,./files/cities/moscow/moscow-en-us-html-description.txt,ok,unknown,./files/cities/moscow/moscow-es-es-fields.txt,./files/cities/moscow/moscow-es-es-html-description.txt,ok,unknown,./files/cities/moscow/moscow-it-it-fields.txt,./files/cities/moscow/moscow-it-it-html-description.txt,ok,unknown,./files/cities/moscow/moscow-de-de-fields.txt,./files/cities/moscow/moscow-de-de-html-description.txt,ok,unknown,./files/cities/moscow/moscow-pt-br-fields.txt,./files/cities/moscow/moscow-pt-br-html-description.txt
108,city,Bologna,bologna,Italy,red,CMS: нет live-проверки | Фото: нет 2,https://confideline.com/ru/admin/geoname/update?id=3181927,https://confideline.com/city/bologna,,,,,,1,1,ok,unknown,./files/cities/bologna/bologna-ru-ru-fields.txt,./files/cities/bologna/bologna-ru-ru-html-description.txt,ok,unknown,./files/cities/bologna/bologna-en-us-fields.txt,./files/cities/bologna/bologna-en-us-html-description.txt,ok,unknown,./files/cities/bologna/bologna-es-es-fields.txt,./files/cities/bologna/bologna-es-es-html-description.txt,ok,unknown,./files/cities/bologna/bologna-it-it-fields.txt,./files/cities/bologna/bologna-it-it-html-description.txt,ok,unknown,./files/cities/bologna/bologna-de-de-fields.txt,./files/cities/bologna/bologna-de-de-html-description.txt,ok,unknown,./files/cities/bologna/bologna-pt-br-fields.txt,./files/cities/bologna/bologna-pt-br-html-description.txt
109,city,Venice,venice,Italy,red,CMS: нет live-проверки | Фото: нет 2,https://confideline.com/ru/admin/geoname/update?id=3164603,https://confideline.com/city/venice,,,,,,1,1,ok,unknown,./files/cities/venice/venice-ru-ru-fields.txt,./files/cities/venice/venice-ru-ru-html-description.txt,ok,unknown,./files/cities/venice/venice-en-us-fields.txt,./files/cities/venice/venice-en-us-html-description.txt,ok,unknown,./files/cities/venice/venice-es-es-fields.txt,./files/cities/venice/venice-es-es-html-description.txt,ok,unknown,./files/cities/venice/venice-it-it-fields.txt,./files/cities/venice/venice-it-it-html-description.txt,ok,unknown,./files/cities/venice/venice-de-de-fields.txt,./files/cities/venice/venice-de-de-html-description.txt,ok,unknown,./files/cities/venice/venice-pt-br-fields.txt,./files/cities/venice/venice-pt-br-html-description.txt
110,city,Naples,naples,Italy,red,CMS: нет live-проверки | Фото: нет 2,https://confideline.com/ru/admin/geoname/update?id=3172394,https://confideline.com/city/naples,,,,,,1,1,ok,unknown,./files/cities/naples/naples-ru-ru-fields.txt,./files/cities/naples/naples-ru-ru-html-description.txt,ok,unknown,./files/cities/naples/naples-en-us-fields.txt,./files/cities/naples/naples-en-us-html-description.txt,ok,unknown,./files/cities/naples/naples-es-es-fields.txt,./files/cities/naples/naples-es-es-html-description.txt,ok,unknown,./files/cities/naples/naples-it-it-fields.txt,./files/cities/naples/naples-it-it-html-description.txt,ok,unknown,./files/cities/naples/naples-de-de-fields.txt,./files/cities/naples/naples-de-de-html-description.txt,ok,unknown,./files/cities/naples/naples-pt-br-fields.txt,./files/cities/naples/naples-pt-br-html-description.txt
111,city,Florence,florence,Italy,red,CMS: нет live-проверки | Фото: нет 2,https://confideline.com/ru/admin/geoname/update?id=3176959,https://confideline.com/city/florence,,,,,,1,1,ok,unknown,./files/cities/florence/florence-ru-ru-fields.txt,./files/cities/florence/florence-ru-ru-html-description.txt,ok,unknown,./files/cities/florence/florence-en-us-fields.txt,./files/cities/florence/florence-en-us-html-description.txt,ok,unknown,./files/cities/florence/florence-es-es-fields.txt,./files/cities/florence/florence-es-es-html-description.txt,ok,unknown,./files/cities/florence/florence-it-it-fields.txt,./files/cities/florence/florence-it-it-html-description.txt,ok,unknown,./files/cities/florence/florence-de-de-fields.txt,./files/cities/florence/florence-de-de-html-description.txt,ok,unknown,./files/cities/florence/florence-pt-br-fields.txt,./files/cities/florence/florence-pt-br-html-description.txt
112,city,Rome,rome,Italy,red,CMS: нет live-проверки | Фото: нет 2,https://confideline.com/ru/admin/geoname/update?id=3169070,https://confideline.com/city/rome,,,,,,1,1,ok,unknown,./files/cities/rome/rome-ru-ru-fields.txt,./files/cities/rome/rome-ru-ru-html-description.txt,ok,unknown,./files/cities/rome/rome-en-us-fields.txt,./files/cities/rome/rome-en-us-html-description.txt,ok,unknown,./files/cities/rome/rome-es-es-fields.txt,./files/cities/rome/rome-es-es-html-description.txt,ok,unknown,./files/cities/rome/rome-it-it-fields.txt,./files/cities/rome/rome-it-it-html-description.txt,ok,unknown,./files/cities/rome/rome-de-de-fields.txt,./files/cities/rome/rome-de-de-html-description.txt,ok,unknown,./files/cities/rome/rome-pt-br-fields.txt,./files/cities/rome/rome-pt-br-html-description.txt
113,city,Milan,milan,Italy,red,CMS: нет live-проверки | Фото: нет 2,https://confideline.com/ru/admin/geoname/update?id=3173435,https://confideline.com/city/milan,,,,,,1,1,ok,unknown,./files/cities/milan/milan-ru-ru-fields.txt,./files/cities/milan/milan-ru-ru-html-description.txt,ok,unknown,./files/cities/milan/milan-en-us-fields.txt,./files/cities/milan/milan-en-us-html-description.txt,ok,unknown,./files/cities/milan/milan-es-es-fields.txt,./files/cities/milan/milan-es-es-html-description.txt,ok,unknown,./files/cities/milan/milan-it-it-fields.txt,./files/cities/milan/milan-it-it-html-description.txt,ok,unknown,./files/cities/milan/milan-de-de-fields.txt,./files/cities/milan/milan-de-de-html-description.txt,ok,unknown,./files/cities/milan/milan-pt-br-fields.txt,./files/cities/milan/milan-pt-br-html-description.txt
114,city,Seville,seville,Spain,red,CMS: нет live-проверки | Фото: нет 2,https://confideline.com/ru/admin/geoname/update?id=2510911,https://confideline.com/city/seville,,,,,,1,1,ok,unknown,./files/cities/seville/seville-ru-ru-fields.txt,./files/cities/seville/seville-ru-ru-html-description.txt,ok,unknown,./files/cities/seville/seville-en-us-fields.txt,./files/cities/seville/seville-en-us-html-description.txt,ok,unknown,./files/cities/seville/seville-es-es-fields.txt,./files/cities/seville/seville-es-es-html-description.txt,ok,unknown,./files/cities/seville/seville-it-it-fields.txt,./files/cities/seville/seville-it-it-html-description.txt,ok,unknown,./files/cities/seville/seville-de-de-fields.txt,./files/cities/seville/seville-de-de-html-description.txt,ok,unknown,./files/cities/seville/seville-pt-br-fields.txt,./files/cities/seville/seville-pt-br-html-description.txt
115,city,Alicante,alicante,Spain,red,CMS: нет live-проверки | Фото: нет 2,https://confideline.com/ru/admin/geoname/update?id=2521978,https://confideline.com/city/alicante,,,,,,1,1,ok,unknown,./files/cities/alicante/alicante-ru-ru-fields.txt,./files/cities/alicante/alicante-ru-ru-html-description.txt,ok,unknown,./files/cities/alicante/alicante-en-us-fields.txt,./files/cities/alicante/alicante-en-us-html-description.txt,ok,unknown,./files/cities/alicante/alicante-es-es-fields.txt,./files/cities/alicante/alicante-es-es-html-description.txt,ok,unknown,./files/cities/alicante/alicante-it-it-fields.txt,./files/cities/alicante/alicante-it-it-html-description.txt,ok,unknown,./files/cities/alicante/alicante-de-de-fields.txt,./files/cities/alicante/alicante-de-de-html-description.txt,ok,unknown,./files/cities/alicante/alicante-pt-br-fields.txt,./files/cities/alicante/alicante-pt-br-html-description.txt
116,city,Malaga,malaga,Spain,red,CMS: нет live-проверки | Фото: нет 2,https://confideline.com/ru/admin/geoname/update?id=2514256,https://confideline.com/city/malaga,,,,,,1,1,ok,unknown,./files/cities/malaga/malaga-ru-ru-fields.txt,./files/cities/malaga/malaga-ru-ru-html-description.txt,ok,unknown,./files/cities/malaga/malaga-en-us-fields.txt,./files/cities/malaga/malaga-en-us-html-description.txt,ok,unknown,./files/cities/malaga/malaga-es-es-fields.txt,./files/cities/malaga/malaga-es-es-html-description.txt,ok,unknown,./files/cities/malaga/malaga-it-it-fields.txt,./files/cities/malaga/malaga-it-it-html-description.txt,ok,unknown,./files/cities/malaga/malaga-de-de-fields.txt,./files/cities/malaga/malaga-de-de-html-description.txt,ok,unknown,./files/cities/malaga/malaga-pt-br-fields.txt,./files/cities/malaga/malaga-pt-br-html-description.txt
117,city,Marbella,marbella,Spain,red,CMS: нет live-проверки | Фото: нет 2,https://confideline.com/ru/admin/geoname/update?id=6359474,https://confideline.com/city/marbella,,,,,,1,1,ok,unknown,./files/cities/marbella/marbella-ru-ru-fields.txt,./files/cities/marbella/marbella-ru-ru-html-description.txt,ok,unknown,./files/cities/marbella/marbella-en-us-fields.txt,./files/cities/marbella/marbella-en-us-html-description.txt,ok,unknown,./files/cities/marbella/marbella-es-es-fields.txt,./files/cities/marbella/marbella-es-es-html-description.txt,ok,unknown,./files/cities/marbella/marbella-it-it-fields.txt,./files/cities/marbella/marbella-it-it-html-description.txt,ok,unknown,./files/cities/marbella/marbella-de-de-fields.txt,./files/cities/marbella/marbella-de-de-html-description.txt,ok,unknown,./files/cities/marbella/marbella-pt-br-fields.txt,./files/cities/marbella/marbella-pt-br-html-description.txt
118,city,Valencia,valencia,Spain,red,CMS: нет live-проверки | Фото: нет 2,https://confideline.com/ru/admin/geoname/update?id=2509954,https://confideline.com/city/valencia,,,,,,1,1,ok,unknown,./files/cities/valencia/valencia-ru-ru-fields.txt,./files/cities/valencia/valencia-ru-ru-html-description.txt,ok,unknown,./files/cities/valencia/valencia-en-us-fields.txt,./files/cities/valencia/valencia-en-us-html-description.txt,ok,unknown,./files/cities/valencia/valencia-es-es-fields.txt,./files/cities/valencia/valencia-es-es-html-description.txt,ok,unknown,./files/cities/valencia/valencia-it-it-fields.txt,./files/cities/valencia/valencia-it-it-html-description.txt,ok,unknown,./files/cities/valencia/valencia-de-de-fields.txt,./files/cities/valencia/valencia-de-de-html-description.txt,ok,unknown,./files/cities/valencia/valencia-pt-br-fields.txt,./files/cities/valencia/valencia-pt-br-html-description.txt
119,city,Barcelona,barcelona,Spain,red,CMS: нет live-проверки | Фото: нет 2,https://confideline.com/ru/admin/geoname/update?id=3128760,https://confideline.com/city/barcelona,,,,,,1,1,ok,unknown,./files/cities/barcelona/barcelona-ru-ru-fields.txt,./files/cities/barcelona/barcelona-ru-ru-html-description.txt,ok,unknown,./files/cities/barcelona/barcelona-en-us-fields.txt,./files/cities/barcelona/barcelona-en-us-html-description.txt,ok,unknown,./files/cities/barcelona/barcelona-es-es-fields.txt,./files/cities/barcelona/barcelona-es-es-html-description.txt,ok,unknown,./files/cities/barcelona/barcelona-it-it-fields.txt,./files/cities/barcelona/barcelona-it-it-html-description.txt,ok,unknown,./files/cities/barcelona/barcelona-de-de-fields.txt,./files/cities/barcelona/barcelona-de-de-html-description.txt,ok,unknown,./files/cities/barcelona/barcelona-pt-br-fields.txt,./files/cities/barcelona/barcelona-pt-br-html-description.txt
120,city,Seoul,seoul,South Korea,red,CMS: нет live-проверки | Фото: нет 2,https://confideline.com/ru/admin/geoname/update?id=1835847,https://confideline.com/city/seoul,,,,,,1,1,ok,unknown,./files/cities/seoul/seoul-ru-ru-fields.txt,./files/cities/seoul/seoul-ru-ru-html-description.txt,ok,unknown,./files/cities/seoul/seoul-en-us-fields.txt,./files/cities/seoul/seoul-en-us-html-description.txt,ok,unknown,./files/cities/seoul/seoul-es-es-fields.txt,./files/cities/seoul/seoul-es-es-html-description.txt,ok,unknown,./files/cities/seoul/seoul-it-it-fields.txt,./files/cities/seoul/seoul-it-it-html-description.txt,ok,unknown,./files/cities/seoul/seoul-de-de-fields.txt,./files/cities/seoul/seoul-de-de-html-description.txt,ok,unknown,./files/cities/seoul/seoul-pt-br-fields.txt,./files/cities/seoul/seoul-pt-br-html-description.txt
121,city,Osaka,osaka,Japan,red,CMS: нет live-проверки | Фото: нет 2,https://confideline.com/ru/admin/geoname/update?id=1853909,https://confideline.com/city/osaka,,,,,,1,1,ok,unknown,./files/cities/osaka/osaka-ru-ru-fields.txt,./files/cities/osaka/osaka-ru-ru-html-description.txt,ok,unknown,./files/cities/osaka/osaka-en-us-fields.txt,./files/cities/osaka/osaka-en-us-html-description.txt,ok,unknown,./files/cities/osaka/osaka-es-es-fields.txt,./files/cities/osaka/osaka-es-es-html-description.txt,ok,unknown,./files/cities/osaka/osaka-it-it-fields.txt,./files/cities/osaka/osaka-it-it-html-description.txt,ok,unknown,./files/cities/osaka/osaka-de-de-fields.txt,./files/cities/osaka/osaka-de-de-html-description.txt,ok,unknown,./files/cities/osaka/osaka-pt-br-fields.txt,./files/cities/osaka/osaka-pt-br-html-description.txt
122,city,Tokyo,tokyo,Japan,red,CMS: нет live-проверки | Фото: нет 2,https://confideline.com/ru/admin/geoname/update?id=1850147,https://confideline.com/city/tokyo,,,,,,1,1,ok,unknown,./files/cities/tokyo/tokyo-ru-ru-fields.txt,./files/cities/tokyo/tokyo-ru-ru-html-description.txt,ok,unknown,./files/cities/tokyo/tokyo-en-us-fields.txt,./files/cities/tokyo/tokyo-en-us-html-description.txt,ok,unknown,./files/cities/tokyo/tokyo-es-es-fields.txt,./files/cities/tokyo/tokyo-es-es-html-description.txt,ok,unknown,./files/cities/tokyo/tokyo-it-it-fields.txt,./files/cities/tokyo/tokyo-it-it-html-description.txt,ok,unknown,./files/cities/tokyo/tokyo-de-de-fields.txt,./files/cities/tokyo/tokyo-de-de-html-description.txt,ok,unknown,./files/cities/tokyo/tokyo-pt-br-fields.txt,./files/cities/tokyo/tokyo-pt-br-html-description.txt
123,city,Santiago,santiago,Chile,red,CMS: нет live-проверки | Фото: нет 2,https://confideline.com/ru/admin/geoname/update?id=3871336,https://confideline.com/city/santiago,,,,,,1,1,ok,unknown,./files/cities/santiago/santiago-ru-ru-fields.txt,./files/cities/santiago/santiago-ru-ru-html-description.txt,ok,unknown,./files/cities/santiago/santiago-en-us-fields.txt,./files/cities/santiago/santiago-en-us-html-description.txt,ok,unknown,./files/cities/santiago/santiago-es-es-fields.txt,./files/cities/santiago/santiago-es-es-html-description.txt,ok,unknown,./files/cities/santiago/santiago-it-it-fields.txt,./files/cities/santiago/santiago-it-it-html-description.txt,ok,unknown,./files/cities/santiago/santiago-de-de-fields.txt,./files/cities/santiago/santiago-de-de-html-description.txt,ok,unknown,./files/cities/santiago/santiago-pt-br-fields.txt,./files/cities/santiago/santiago-pt-br-html-description.txt
124,city,Bogota,bogota,Colombia,red,CMS: нет live-проверки | Фото: нет 2,https://confideline.com/ru/admin/geoname/update?id=3688689,https://confideline.com/city/bogota,,,,,,1,1,ok,unknown,./files/cities/bogota/bogota-ru-ru-fields.txt,./files/cities/bogota/bogota-ru-ru-html-description.txt,ok,unknown,./files/cities/bogota/bogota-en-us-fields.txt,./files/cities/bogota/bogota-en-us-html-description.txt,ok,unknown,./files/cities/bogota/bogota-es-es-fields.txt,./files/cities/bogota/bogota-es-es-html-description.txt,ok,unknown,./files/cities/bogota/bogota-it-it-fields.txt,./files/cities/bogota/bogota-it-it-html-description.txt,ok,unknown,./files/cities/bogota/bogota-de-de-fields.txt,./files/cities/bogota/bogota-de-de-html-description.txt,ok,unknown,./files/cities/bogota/bogota-pt-br-fields.txt,./files/cities/bogota/bogota-pt-br-html-description.txt
125,city,Medellin,medellin,Colombia,red,CMS: нет live-проверки | Фото: нет 2,https://confideline.com/ru/admin/geoname/update?id=3674954,https://confideline.com/city/medellin,,,,,,1,1,ok,unknown,./files/cities/medellin/medellin-ru-ru-fields.txt,./files/cities/medellin/medellin-ru-ru-html-description.txt,ok,unknown,./files/cities/medellin/medellin-en-us-fields.txt,./files/cities/medellin/medellin-en-us-html-description.txt,ok,unknown,./files/cities/medellin/medellin-es-es-fields.txt,./files/cities/medellin/medellin-es-es-html-description.txt,ok,unknown,./files/cities/medellin/medellin-it-it-fields.txt,./files/cities/medellin/medellin-it-it-html-description.txt,ok,unknown,./files/cities/medellin/medellin-de-de-fields.txt,./files/cities/medellin/medellin-de-de-html-description.txt,ok,unknown,./files/cities/medellin/medellin-pt-br-fields.txt,./files/cities/medellin/medellin-pt-br-html-description.txt
126,city,Buenos Aires,buenos-aires,Argentina,red,CMS: нет live-проверки | Фото: нет 2,https://confideline.com/ru/admin/geoname/update?id=3435910,https://confideline.com/city/buenos-aires,,,,,,1,1,ok,unknown,./files/cities/buenos-aires/buenos-aires-ru-ru-fields.txt,./files/cities/buenos-aires/buenos-aires-ru-ru-html-description.txt,ok,unknown,./files/cities/buenos-aires/buenos-aires-en-us-fields.txt,./files/cities/buenos-aires/buenos-aires-en-us-html-description.txt,ok,unknown,./files/cities/buenos-aires/buenos-aires-es-es-fields.txt,./files/cities/buenos-aires/buenos-aires-es-es-html-description.txt,ok,unknown,./files/cities/buenos-aires/buenos-aires-it-it-fields.txt,./files/cities/buenos-aires/buenos-aires-it-it-html-description.txt,ok,unknown,./files/cities/buenos-aires/buenos-aires-de-de-fields.txt,./files/cities/buenos-aires/buenos-aires-de-de-html-description.txt,ok,unknown,./files/cities/buenos-aires/buenos-aires-pt-br-fields.txt,./files/cities/buenos-aires/buenos-aires-pt-br-html-description.txt
127,city,Rio de Janeiro,rio-de-janeiro,Brazil,red,CMS: нет live-проверки | Фото: нет 2,https://confideline.com/ru/admin/geoname/update?id=3451189,https://confideline.com/city/rio-de-janeiro,,,,,,1,1,ok,unknown,./files/cities/rio-de-janeiro/rio-de-janeiro-ru-ru-fields.txt,./files/cities/rio-de-janeiro/rio-de-janeiro-ru-ru-html-description.txt,ok,unknown,./files/cities/rio-de-janeiro/rio-de-janeiro-en-us-fields.txt,./files/cities/rio-de-janeiro/rio-de-janeiro-en-us-html-description.txt,ok,unknown,./files/cities/rio-de-janeiro/rio-de-janeiro-es-es-fields.txt,./files/cities/rio-de-janeiro/rio-de-janeiro-es-es-html-description.txt,ok,unknown,./files/cities/rio-de-janeiro/rio-de-janeiro-it-it-fields.txt,./files/cities/rio-de-janeiro/rio-de-janeiro-it-it-html-description.txt,ok,unknown,./files/cities/rio-de-janeiro/rio-de-janeiro-de-de-fields.txt,./files/cities/rio-de-janeiro/rio-de-janeiro-de-de-html-description.txt,ok,unknown,./files/cities/rio-de-janeiro/rio-de-janeiro-pt-br-fields.txt,./files/cities/rio-de-janeiro/rio-de-janeiro-pt-br-html-description.txt
128,city,Sao Paulo,sao-paulo,Brazil,red,CMS: нет live-проверки | Фото: нет 2,https://confideline.com/ru/admin/geoname/update?id=3448433,https://confideline.com/city/sao-paulo,,,,,,1,1,ok,unknown,./files/cities/sao-paulo/sao-paulo-ru-ru-fields.txt,./files/cities/sao-paulo/sao-paulo-ru-ru-html-description.txt,ok,unknown,./files/cities/sao-paulo/sao-paulo-en-us-fields.txt,./files/cities/sao-paulo/sao-paulo-en-us-html-description.txt,ok,unknown,./files/cities/sao-paulo/sao-paulo-es-es-fields.txt,./files/cities/sao-paulo/sao-paulo-es-es-html-description.txt,ok,unknown,./files/cities/sao-paulo/sao-paulo-it-it-fields.txt,./files/cities/sao-paulo/sao-paulo-it-it-html-description.txt,ok,unknown,./files/cities/sao-paulo/sao-paulo-de-de-fields.txt,./files/cities/sao-paulo/sao-paulo-de-de-html-description.txt,ok,unknown,./files/cities/sao-paulo/sao-paulo-pt-br-fields.txt,./files/cities/sao-paulo/sao-paulo-pt-br-html-description.txt
129,city,Cancun,cancun,Mexico,red,CMS: нет live-проверки | Фото: нет 2,https://confideline.com/ru/admin/geoname/update?id=3531673,https://confideline.com/city/cancun,,,,,,1,1,ok,unknown,./files/cities/cancun/cancun-ru-ru-fields.txt,./files/cities/cancun/cancun-ru-ru-html-description.txt,ok,unknown,./files/cities/cancun/cancun-en-us-fields.txt,./files/cities/cancun/cancun-en-us-html-description.txt,ok,unknown,./files/cities/cancun/cancun-es-es-fields.txt,./files/cities/cancun/cancun-es-es-html-description.txt,ok,unknown,./files/cities/cancun/cancun-it-it-fields.txt,./files/cities/cancun/cancun-it-it-html-description.txt,ok,unknown,./files/cities/cancun/cancun-de-de-fields.txt,./files/cities/cancun/cancun-de-de-html-description.txt,ok,unknown,./files/cities/cancun/cancun-pt-br-fields.txt,./files/cities/cancun/cancun-pt-br-html-description.txt
130,city,Mexico City,mexico-city,Mexico,red,CMS: нет live-проверки | Фото: нет 2,https://confideline.com/ru/admin/geoname/update?id=3530597,https://confideline.com/city/mexico-city,,,,,,1,1,ok,unknown,./files/cities/mexico-city/mexico-city-ru-ru-fields.txt,./files/cities/mexico-city/mexico-city-ru-ru-html-description.txt,ok,unknown,./files/cities/mexico-city/mexico-city-en-us-fields.txt,./files/cities/mexico-city/mexico-city-en-us-html-description.txt,ok,unknown,./files/cities/mexico-city/mexico-city-es-es-fields.txt,./files/cities/mexico-city/mexico-city-es-es-html-description.txt,ok,unknown,./files/cities/mexico-city/mexico-city-it-it-fields.txt,./files/cities/mexico-city/mexico-city-it-it-html-description.txt,ok,unknown,./files/cities/mexico-city/mexico-city-de-de-fields.txt,./files/cities/mexico-city/mexico-city-de-de-html-description.txt,ok,unknown,./files/cities/mexico-city/mexico-city-pt-br-fields.txt,./files/cities/mexico-city/mexico-city-pt-br-html-description.txt
131,city,Bangalore,bangalore,India,red,CMS: нет live-проверки | Фото: нет 2,https://confideline.com/ru/admin/geoname/update?id=1277333,https://confideline.com/city/bangalore,,,,,,1,1,ok,unknown,./files/cities/bangalore/bangalore-ru-ru-fields.txt,./files/cities/bangalore/bangalore-ru-ru-html-description.txt,ok,unknown,./files/cities/bangalore/bangalore-en-us-fields.txt,./files/cities/bangalore/bangalore-en-us-html-description.txt,ok,unknown,./files/cities/bangalore/bangalore-es-es-fields.txt,./files/cities/bangalore/bangalore-es-es-html-description.txt,ok,unknown,./files/cities/bangalore/bangalore-it-it-fields.txt,./files/cities/bangalore/bangalore-it-it-html-description.txt,ok,unknown,./files/cities/bangalore/bangalore-de-de-fields.txt,./files/cities/bangalore/bangalore-de-de-html-description.txt,ok,unknown,./files/cities/bangalore/bangalore-pt-br-fields.txt,./files/cities/bangalore/bangalore-pt-br-html-description.txt
132,city,Delhi,delhi,India,red,CMS: нет live-проверки | Фото: нет 2,https://confideline.com/ru/admin/geoname/update?id=1273294,https://confideline.com/city/delhi,,,,,,1,1,ok,unknown,./files/cities/delhi/delhi-ru-ru-fields.txt,./files/cities/delhi/delhi-ru-ru-html-description.txt,ok,unknown,./files/cities/delhi/delhi-en-us-fields.txt,./files/cities/delhi/delhi-en-us-html-description.txt,ok,unknown,./files/cities/delhi/delhi-es-es-fields.txt,./files/cities/delhi/delhi-es-es-html-description.txt,ok,unknown,./files/cities/delhi/delhi-it-it-fields.txt,./files/cities/delhi/delhi-it-it-html-description.txt,ok,unknown,./files/cities/delhi/delhi-de-de-fields.txt,./files/cities/delhi/delhi-de-de-html-description.txt,ok,unknown,./files/cities/delhi/delhi-pt-br-fields.txt,./files/cities/delhi/delhi-pt-br-html-description.txt
133,city,Mumbai,mumbai,India,red,CMS: нет live-проверки | Фото: нет 2,https://confideline.com/ru/admin/geoname/update?id=1275339,https://confideline.com/city/mumbai,,,,,,1,1,ok,unknown,./files/cities/mumbai/mumbai-ru-ru-fields.txt,./files/cities/mumbai/mumbai-ru-ru-html-description.txt,ok,unknown,./files/cities/mumbai/mumbai-en-us-fields.txt,./files/cities/mumbai/mumbai-en-us-html-description.txt,ok,unknown,./files/cities/mumbai/mumbai-es-es-fields.txt,./files/cities/mumbai/mumbai-es-es-html-description.txt,ok,unknown,./files/cities/mumbai/mumbai-it-it-fields.txt,./files/cities/mumbai/mumbai-it-it-html-description.txt,ok,unknown,./files/cities/mumbai/mumbai-de-de-fields.txt,./files/cities/mumbai/mumbai-de-de-html-description.txt,ok,unknown,./files/cities/mumbai/mumbai-pt-br-fields.txt,./files/cities/mumbai/mumbai-pt-br-html-description.txt
134,city,Hanoi,hanoi,Vietnam,red,CMS: нет live-проверки | Фото: нет 2,https://confideline.com/ru/admin/geoname/update?id=1581130,https://confideline.com/city/hanoi,,,,,,1,1,ok,unknown,./files/cities/hanoi/hanoi-ru-ru-fields.txt,./files/cities/hanoi/hanoi-ru-ru-html-description.txt,ok,unknown,./files/cities/hanoi/hanoi-en-us-fields.txt,./files/cities/hanoi/hanoi-en-us-html-description.txt,ok,unknown,./files/cities/hanoi/hanoi-es-es-fields.txt,./files/cities/hanoi/hanoi-es-es-html-description.txt,ok,unknown,./files/cities/hanoi/hanoi-it-it-fields.txt,./files/cities/hanoi/hanoi-it-it-html-description.txt,ok,unknown,./files/cities/hanoi/hanoi-de-de-fields.txt,./files/cities/hanoi/hanoi-de-de-html-description.txt,ok,unknown,./files/cities/hanoi/hanoi-pt-br-fields.txt,./files/cities/hanoi/hanoi-pt-br-html-description.txt
135,city,Ho Chi Minh City,ho-chi-minh-city,Vietnam,red,CMS: нет live-проверки | Фото: нет 2,https://confideline.com/ru/admin/geoname/update?id=1580578,https://confideline.com/city/ho-chi-minh-city,,,,,,1,1,ok,unknown,./files/cities/ho-chi-minh-city/ho-chi-minh-city-ru-ru-fields.txt,./files/cities/ho-chi-minh-city/ho-chi-minh-city-ru-ru-html-description.txt,ok,unknown,./files/cities/ho-chi-minh-city/ho-chi-minh-city-en-us-fields.txt,./files/cities/ho-chi-minh-city/ho-chi-minh-city-en-us-html-description.txt,ok,unknown,./files/cities/ho-chi-minh-city/ho-chi-minh-city-es-es-fields.txt,./files/cities/ho-chi-minh-city/ho-chi-minh-city-es-es-html-description.txt,ok,unknown,./files/cities/ho-chi-minh-city/ho-chi-minh-city-it-it-fields.txt,./files/cities/ho-chi-minh-city/ho-chi-minh-city-it-it-html-description.txt,ok,unknown,./files/cities/ho-chi-minh-city/ho-chi-minh-city-de-de-fields.txt,./files/cities/ho-chi-minh-city/ho-chi-minh-city-de-de-html-description.txt,ok,unknown,./files/cities/ho-chi-minh-city/ho-chi-minh-city-pt-br-fields.txt,./files/cities/ho-chi-minh-city/ho-chi-minh-city-pt-br-html-description.txt
136,city,Jakarta,jakarta,Indonesia,red,CMS: нет live-проверки | Фото: нет 2,https://confideline.com/ru/admin/geoname/update?id=1642911,https://confideline.com/city/jakarta,,,,,,1,1,ok,unknown,./files/cities/jakarta/jakarta-ru-ru-fields.txt,./files/cities/jakarta/jakarta-ru-ru-html-description.txt,ok,unknown,./files/cities/jakarta/jakarta-en-us-fields.txt,./files/cities/jakarta/jakarta-en-us-html-description.txt,ok,unknown,./files/cities/jakarta/jakarta-es-es-fields.txt,./files/cities/jakarta/jakarta-es-es-html-description.txt,ok,unknown,./files/cities/jakarta/jakarta-it-it-fields.txt,./files/cities/jakarta/jakarta-it-it-html-description.txt,ok,unknown,./files/cities/jakarta/jakarta-de-de-fields.txt,./files/cities/jakarta/jakarta-de-de-html-description.txt,ok,unknown,./files/cities/jakarta/jakarta-pt-br-fields.txt,./files/cities/jakarta/jakarta-pt-br-html-description.txt
137,city,Bali,bali,Indonesia,red,CMS: нет live-проверки | Фото: нет 2,https://confideline.com/ru/admin/geoname/update?id=1650535,https://confideline.com/city/bali,,,,,,1,1,ok,unknown,./files/cities/bali/bali-ru-ru-fields.txt,./files/cities/bali/bali-ru-ru-html-description.txt,ok,unknown,./files/cities/bali/bali-en-us-fields.txt,./files/cities/bali/bali-en-us-html-description.txt,ok,unknown,./files/cities/bali/bali-es-es-fields.txt,./files/cities/bali/bali-es-es-html-description.txt,ok,unknown,./files/cities/bali/bali-it-it-fields.txt,./files/cities/bali/bali-it-it-html-description.txt,ok,unknown,./files/cities/bali/bali-de-de-fields.txt,./files/cities/bali/bali-de-de-html-description.txt,ok,unknown,./files/cities/bali/bali-pt-br-fields.txt,./files/cities/bali/bali-pt-br-html-description.txt
138,city,Chiang Mai,chiang-mai,Thailand,red,CMS: нет live-проверки | Фото: нет 2,https://confideline.com/ru/admin/geoname/update?id=1153671,https://confideline.com/city/chiang-mai,,,,,,1,1,ok,unknown,./files/cities/chiang-mai/chiang-mai-ru-ru-fields.txt,./files/cities/chiang-mai/chiang-mai-ru-ru-html-description.txt,ok,unknown,./files/cities/chiang-mai/chiang-mai-en-us-fields.txt,./files/cities/chiang-mai/chiang-mai-en-us-html-description.txt,ok,unknown,./files/cities/chiang-mai/chiang-mai-es-es-fields.txt,./files/cities/chiang-mai/chiang-mai-es-es-html-description.txt,ok,unknown,./files/cities/chiang-mai/chiang-mai-it-it-fields.txt,./files/cities/chiang-mai/chiang-mai-it-it-html-description.txt,ok,unknown,./files/cities/chiang-mai/chiang-mai-de-de-fields.txt,./files/cities/chiang-mai/chiang-mai-de-de-html-description.txt,ok,unknown,./files/cities/chiang-mai/chiang-mai-pt-br-fields.txt,./files/cities/chiang-mai/chiang-mai-pt-br-html-description.txt
139,city,Phuket,phuket,Thailand,red,CMS: нет live-проверки | Фото: нет 2,https://confideline.com/ru/admin/geoname/update?id=1151254,https://confideline.com/city/phuket,,,,,,1,1,ok,unknown,./files/cities/phuket/phuket-ru-ru-fields.txt,./files/cities/phuket/phuket-ru-ru-html-description.txt,ok,unknown,./files/cities/phuket/phuket-en-us-fields.txt,./files/cities/phuket/phuket-en-us-html-description.txt,ok,unknown,./files/cities/phuket/phuket-es-es-fields.txt,./files/cities/phuket/phuket-es-es-html-description.txt,ok,unknown,./files/cities/phuket/phuket-it-it-fields.txt,./files/cities/phuket/phuket-it-it-html-description.txt,ok,unknown,./files/cities/phuket/phuket-de-de-fields.txt,./files/cities/phuket/phuket-de-de-html-description.txt,ok,unknown,./files/cities/phuket/phuket-pt-br-fields.txt,./files/cities/phuket/phuket-pt-br-html-description.txt
140,city,Bangkok,bangkok,Thailand,red,CMS: нет live-проверки | Фото: нет 2,https://confideline.com/ru/admin/geoname/update?id=1609348,https://confideline.com/city/bangkok,,,,,,1,1,ok,unknown,./files/cities/bangkok/bangkok-ru-ru-fields.txt,./files/cities/bangkok/bangkok-ru-ru-html-description.txt,ok,unknown,./files/cities/bangkok/bangkok-en-us-fields.txt,./files/cities/bangkok/bangkok-en-us-html-description.txt,ok,unknown,./files/cities/bangkok/bangkok-es-es-fields.txt,./files/cities/bangkok/bangkok-es-es-html-description.txt,ok,unknown,./files/cities/bangkok/bangkok-it-it-fields.txt,./files/cities/bangkok/bangkok-it-it-html-description.txt,ok,unknown,./files/cities/bangkok/bangkok-de-de-fields.txt,./files/cities/bangkok/bangkok-de-de-html-description.txt,ok,unknown,./files/cities/bangkok/bangkok-pt-br-fields.txt,./files/cities/bangkok/bangkok-pt-br-html-description.txt
141,city,Baku,baku,Azerbaijan,red,CMS: нет live-проверки | Фото: нет 2,https://confideline.com/ru/admin/geoname/update?id=587084,https://confideline.com/city/baku,,,,,,1,1,ok,unknown,./files/cities/baku/baku-ru-ru-fields.txt,./files/cities/baku/baku-ru-ru-html-description.txt,ok,unknown,./files/cities/baku/baku-en-us-fields.txt,./files/cities/baku/baku-en-us-html-description.txt,ok,unknown,./files/cities/baku/baku-es-es-fields.txt,./files/cities/baku/baku-es-es-html-description.txt,ok,unknown,./files/cities/baku/baku-it-it-fields.txt,./files/cities/baku/baku-it-it-html-description.txt,ok,unknown,./files/cities/baku/baku-de-de-fields.txt,./files/cities/baku/baku-de-de-html-description.txt,ok,unknown,./files/cities/baku/baku-pt-br-fields.txt,./files/cities/baku/baku-pt-br-html-description.txt
142,city,Yerevan,yerevan,Armenia,red,CMS: нет live-проверки | Фото: нет 2,https://confideline.com/ru/admin/geoname/update?id=616052,https://confideline.com/city/yerevan,,,,,,1,1,ok,unknown,./files/cities/yerevan/yerevan-ru-ru-fields.txt,./files/cities/yerevan/yerevan-ru-ru-html-description.txt,ok,unknown,./files/cities/yerevan/yerevan-en-us-fields.txt,./files/cities/yerevan/yerevan-en-us-html-description.txt,ok,unknown,./files/cities/yerevan/yerevan-es-es-fields.txt,./files/cities/yerevan/yerevan-es-es-html-description.txt,ok,unknown,./files/cities/yerevan/yerevan-it-it-fields.txt,./files/cities/yerevan/yerevan-it-it-html-description.txt,ok,unknown,./files/cities/yerevan/yerevan-de-de-fields.txt,./files/cities/yerevan/yerevan-de-de-html-description.txt,ok,unknown,./files/cities/yerevan/yerevan-pt-br-fields.txt,./files/cities/yerevan/yerevan-pt-br-html-description.txt
143,city,Tbilisi,tbilisi,Georgia,red,CMS: нет live-проверки | Фото: нет 2,https://confideline.com/ru/admin/geoname/update?id=611717,https://confideline.com/city/tbilisi,,,,,,1,1,ok,unknown,./files/cities/tbilisi/tbilisi-ru-ru-fields.txt,./files/cities/tbilisi/tbilisi-ru-ru-html-description.txt,ok,unknown,./files/cities/tbilisi/tbilisi-en-us-fields.txt,./files/cities/tbilisi/tbilisi-en-us-html-description.txt,ok,unknown,./files/cities/tbilisi/tbilisi-es-es-fields.txt,./files/cities/tbilisi/tbilisi-es-es-html-description.txt,ok,unknown,./files/cities/tbilisi/tbilisi-it-it-fields.txt,./files/cities/tbilisi/tbilisi-it-it-html-description.txt,ok,unknown,./files/cities/tbilisi/tbilisi-de-de-fields.txt,./files/cities/tbilisi/tbilisi-de-de-html-description.txt,ok,unknown,./files/cities/tbilisi/tbilisi-pt-br-fields.txt,./files/cities/tbilisi/tbilisi-pt-br-html-description.txt
144,city,Sarajevo,sarajevo,Bosnia and Herzegovina,red,CMS: нет live-проверки | Фото: нет 2,https://confideline.com/ru/admin/geoname/update?id=3191281,https://confideline.com/city/sarajevo,,,,,,1,1,ok,unknown,./files/cities/sarajevo/sarajevo-ru-ru-fields.txt,./files/cities/sarajevo/sarajevo-ru-ru-html-description.txt,ok,unknown,./files/cities/sarajevo/sarajevo-en-us-fields.txt,./files/cities/sarajevo/sarajevo-en-us-html-description.txt,ok,unknown,./files/cities/sarajevo/sarajevo-es-es-fields.txt,./files/cities/sarajevo/sarajevo-es-es-html-description.txt,ok,unknown,./files/cities/sarajevo/sarajevo-it-it-fields.txt,./files/cities/sarajevo/sarajevo-it-it-html-description.txt,ok,unknown,./files/cities/sarajevo/sarajevo-de-de-fields.txt,./files/cities/sarajevo/sarajevo-de-de-html-description.txt,ok,unknown,./files/cities/sarajevo/sarajevo-pt-br-fields.txt,./files/cities/sarajevo/sarajevo-pt-br-html-description.txt
145,city,Belgrade,belgrade,Serbia,red,CMS: нет live-проверки | Фото: нет 2,https://confideline.com/ru/admin/geoname/update?id=792680,https://confideline.com/city/belgrade,,,,,,1,1,ok,unknown,./files/cities/belgrade/belgrade-ru-ru-fields.txt,./files/cities/belgrade/belgrade-ru-ru-html-description.txt,ok,unknown,./files/cities/belgrade/belgrade-en-us-fields.txt,./files/cities/belgrade/belgrade-en-us-html-description.txt,ok,unknown,./files/cities/belgrade/belgrade-es-es-fields.txt,./files/cities/belgrade/belgrade-es-es-html-description.txt,ok,unknown,./files/cities/belgrade/belgrade-it-it-fields.txt,./files/cities/belgrade/belgrade-it-it-html-description.txt,ok,unknown,./files/cities/belgrade/belgrade-de-de-fields.txt,./files/cities/belgrade/belgrade-de-de-html-description.txt,ok,unknown,./files/cities/belgrade/belgrade-pt-br-fields.txt,./files/cities/belgrade/belgrade-pt-br-html-description.txt
146,city,Split,split,Croatia,red,CMS: нет live-проверки | Фото: нет 2,https://confideline.com/ru/admin/geoname/update?id=3190261,https://confideline.com/city/split,,,,,,1,1,ok,unknown,./files/cities/split/split-ru-ru-fields.txt,./files/cities/split/split-ru-ru-html-description.txt,ok,unknown,./files/cities/split/split-en-us-fields.txt,./files/cities/split/split-en-us-html-description.txt,ok,unknown,./files/cities/split/split-es-es-fields.txt,./files/cities/split/split-es-es-html-description.txt,ok,unknown,./files/cities/split/split-it-it-fields.txt,./files/cities/split/split-it-it-html-description.txt,ok,unknown,./files/cities/split/split-de-de-fields.txt,./files/cities/split/split-de-de-html-description.txt,ok,unknown,./files/cities/split/split-pt-br-fields.txt,./files/cities/split/split-pt-br-html-description.txt
147,city,Budva,budva,Montenegro,red,CMS: нет live-проверки | Фото: нет 2,https://confideline.com/ru/admin/geoname/update?id=3203106,https://confideline.com/city/budva,,,,,,1,1,ok,unknown,./files/cities/budva/budva-ru-ru-fields.txt,./files/cities/budva/budva-ru-ru-html-description.txt,ok,unknown,./files/cities/budva/budva-en-us-fields.txt,./files/cities/budva/budva-en-us-html-description.txt,ok,unknown,./files/cities/budva/budva-es-es-fields.txt,./files/cities/budva/budva-es-es-html-description.txt,ok,unknown,./files/cities/budva/budva-it-it-fields.txt,./files/cities/budva/budva-it-it-html-description.txt,ok,unknown,./files/cities/budva/budva-de-de-fields.txt,./files/cities/budva/budva-de-de-html-description.txt,ok,unknown,./files/cities/budva/budva-pt-br-fields.txt,./files/cities/budva/budva-pt-br-html-description.txt
148,city,Tallinn,tallinn,Estonia,red,CMS: нет live-проверки | Фото: нет 2,https://confideline.com/ru/admin/geoname/update?id=588409,https://confideline.com/city/tallinn,,,,,,1,1,ok,unknown,./files/cities/tallinn/tallinn-ru-ru-fields.txt,./files/cities/tallinn/tallinn-ru-ru-html-description.txt,ok,unknown,./files/cities/tallinn/tallinn-en-us-fields.txt,./files/cities/tallinn/tallinn-en-us-html-description.txt,ok,unknown,./files/cities/tallinn/tallinn-es-es-fields.txt,./files/cities/tallinn/tallinn-es-es-html-description.txt,ok,unknown,./files/cities/tallinn/tallinn-it-it-fields.txt,./files/cities/tallinn/tallinn-it-it-html-description.txt,ok,unknown,./files/cities/tallinn/tallinn-de-de-fields.txt,./files/cities/tallinn/tallinn-de-de-html-description.txt,ok,unknown,./files/cities/tallinn/tallinn-pt-br-fields.txt,./files/cities/tallinn/tallinn-pt-br-html-description.txt
149,city,Vilnius,vilnius,Lithuania,red,CMS: нет live-проверки | Фото: нет 2,https://confideline.com/ru/admin/geoname/update?id=593116,https://confideline.com/city/vilnius,,,,,,1,1,ok,unknown,./files/cities/vilnius/vilnius-ru-ru-fields.txt,./files/cities/vilnius/vilnius-ru-ru-html-description.txt,ok,unknown,./files/cities/vilnius/vilnius-en-us-fields.txt,./files/cities/vilnius/vilnius-en-us-html-description.txt,ok,unknown,./files/cities/vilnius/vilnius-es-es-fields.txt,./files/cities/vilnius/vilnius-es-es-html-description.txt,ok,unknown,./files/cities/vilnius/vilnius-it-it-fields.txt,./files/cities/vilnius/vilnius-it-it-html-description.txt,ok,unknown,./files/cities/vilnius/vilnius-de-de-fields.txt,./files/cities/vilnius/vilnius-de-de-html-description.txt,ok,unknown,./files/cities/vilnius/vilnius-pt-br-fields.txt,./files/cities/vilnius/vilnius-pt-br-html-description.txt
150,city,Riga,riga,Latvia,red,CMS: нет live-проверки | Фото: нет 2,https://confideline.com/ru/admin/geoname/update?id=456173,https://confideline.com/city/riga,,,,,,1,1,ok,unknown,./files/cities/riga/riga-ru-ru-fields.txt,./files/cities/riga/riga-ru-ru-html-description.txt,ok,unknown,./files/cities/riga/riga-en-us-fields.txt,./files/cities/riga/riga-en-us-html-description.txt,ok,unknown,./files/cities/riga/riga-es-es-fields.txt,./files/cities/riga/riga-es-es-html-description.txt,ok,unknown,./files/cities/riga/riga-it-it-fields.txt,./files/cities/riga/riga-it-it-html-description.txt,ok,unknown,./files/cities/riga/riga-de-de-fields.txt,./files/cities/riga/riga-de-de-html-description.txt,ok,unknown,./files/cities/riga/riga-pt-br-fields.txt,./files/cities/riga/riga-pt-br-html-description.txt
151,city,Brno,brno,Czech Republic,red,CMS: нет live-проверки | Фото: нет 2,https://confideline.com/ru/admin/geoname/update?id=3078610,https://confideline.com/city/brno,,,,,,1,1,ok,unknown,./files/cities/brno/brno-ru-ru-fields.txt,./files/cities/brno/brno-ru-ru-html-description.txt,ok,unknown,./files/cities/brno/brno-en-us-fields.txt,./files/cities/brno/brno-en-us-html-description.txt,ok,unknown,./files/cities/brno/brno-es-es-fields.txt,./files/cities/brno/brno-es-es-html-description.txt,ok,unknown,./files/cities/brno/brno-it-it-fields.txt,./files/cities/brno/brno-it-it-html-description.txt,ok,unknown,./files/cities/brno/brno-de-de-fields.txt,./files/cities/brno/brno-de-de-html-description.txt,ok,unknown,./files/cities/brno/brno-pt-br-fields.txt,./files/cities/brno/brno-pt-br-html-description.txt
152,city,Prague,prague,Czech Republic,red,CMS: нет live-проверки | Фото: нет 2,https://confideline.com/ru/admin/geoname/update?id=3067696,https://confideline.com/city/prague,,,,,,1,1,ok,unknown,./files/cities/prague/prague-ru-ru-fields.txt,./files/cities/prague/prague-ru-ru-html-description.txt,ok,unknown,./files/cities/prague/prague-en-us-fields.txt,./files/cities/prague/prague-en-us-html-description.txt,ok,unknown,./files/cities/prague/prague-es-es-fields.txt,./files/cities/prague/prague-es-es-html-description.txt,ok,unknown,./files/cities/prague/prague-it-it-fields.txt,./files/cities/prague/prague-it-it-html-description.txt,ok,unknown,./files/cities/prague/prague-de-de-fields.txt,./files/cities/prague/prague-de-de-html-description.txt,ok,unknown,./files/cities/prague/prague-pt-br-fields.txt,./files/cities/prague/prague-pt-br-html-description.txt
153,city,Gdansk,gdansk,Poland,red,CMS: нет live-проверки | Фото: нет 2,https://confideline.com/ru/admin/geoname/update?id=7531002,https://confideline.com/city/gdansk,,,,,,1,1,ok,unknown,./files/cities/gdansk/gdansk-ru-ru-fields.txt,./files/cities/gdansk/gdansk-ru-ru-html-description.txt,ok,unknown,./files/cities/gdansk/gdansk-en-us-fields.txt,./files/cities/gdansk/gdansk-en-us-html-description.txt,ok,unknown,./files/cities/gdansk/gdansk-es-es-fields.txt,./files/cities/gdansk/gdansk-es-es-html-description.txt,ok,unknown,./files/cities/gdansk/gdansk-it-it-fields.txt,./files/cities/gdansk/gdansk-it-it-html-description.txt,ok,unknown,./files/cities/gdansk/gdansk-de-de-fields.txt,./files/cities/gdansk/gdansk-de-de-html-description.txt,ok,unknown,./files/cities/gdansk/gdansk-pt-br-fields.txt,./files/cities/gdansk/gdansk-pt-br-html-description.txt
154,city,Wroclaw,wroclaw,Poland,red,CMS: нет live-проверки | Фото: нет 2,https://confideline.com/ru/admin/geoname/update?id=7530801,https://confideline.com/city/wroclaw,,,,,,1,1,ok,unknown,./files/cities/wroclaw/wroclaw-ru-ru-fields.txt,./files/cities/wroclaw/wroclaw-ru-ru-html-description.txt,ok,unknown,./files/cities/wroclaw/wroclaw-en-us-fields.txt,./files/cities/wroclaw/wroclaw-en-us-html-description.txt,ok,unknown,./files/cities/wroclaw/wroclaw-es-es-fields.txt,./files/cities/wroclaw/wroclaw-es-es-html-description.txt,ok,unknown,./files/cities/wroclaw/wroclaw-it-it-fields.txt,./files/cities/wroclaw/wroclaw-it-it-html-description.txt,ok,unknown,./files/cities/wroclaw/wroclaw-de-de-fields.txt,./files/cities/wroclaw/wroclaw-de-de-html-description.txt,ok,unknown,./files/cities/wroclaw/wroclaw-pt-br-fields.txt,./files/cities/wroclaw/wroclaw-pt-br-html-description.txt
155,city,Krakow,krakow,Poland,red,CMS: нет live-проверки | Фото: нет 2,https://confideline.com/ru/admin/geoname/update?id=6690154,https://confideline.com/city/krakow,,,,,,1,1,ok,unknown,./files/cities/krakow/krakow-ru-ru-fields.txt,./files/cities/krakow/krakow-ru-ru-html-description.txt,ok,unknown,./files/cities/krakow/krakow-en-us-fields.txt,./files/cities/krakow/krakow-en-us-html-description.txt,ok,unknown,./files/cities/krakow/krakow-es-es-fields.txt,./files/cities/krakow/krakow-es-es-html-description.txt,ok,unknown,./files/cities/krakow/krakow-it-it-fields.txt,./files/cities/krakow/krakow-it-it-html-description.txt,ok,unknown,./files/cities/krakow/krakow-de-de-fields.txt,./files/cities/krakow/krakow-de-de-html-description.txt,ok,unknown,./files/cities/krakow/krakow-pt-br-fields.txt,./files/cities/krakow/krakow-pt-br-html-description.txt
156,city,Warsaw,warsaw,Poland,red,CMS: нет live-проверки | Фото: нет 2,https://confideline.com/ru/admin/geoname/update?id=756135,https://confideline.com/city/warsaw,,,,,,1,1,ok,unknown,./files/cities/warsaw/warsaw-ru-ru-fields.txt,./files/cities/warsaw/warsaw-ru-ru-html-description.txt,ok,unknown,./files/cities/warsaw/warsaw-en-us-fields.txt,./files/cities/warsaw/warsaw-en-us-html-description.txt,ok,unknown,./files/cities/warsaw/warsaw-es-es-fields.txt,./files/cities/warsaw/warsaw-es-es-html-description.txt,ok,unknown,./files/cities/warsaw/warsaw-it-it-fields.txt,./files/cities/warsaw/warsaw-it-it-html-description.txt,ok,unknown,./files/cities/warsaw/warsaw-de-de-fields.txt,./files/cities/warsaw/warsaw-de-de-html-description.txt,ok,unknown,./files/cities/warsaw/warsaw-pt-br-fields.txt,./files/cities/warsaw/warsaw-pt-br-html-description.txt
157,city,Grodno,grodno,Belarus,red,CMS: нет live-проверки | Фото: нет 2,https://confideline.com/ru/admin/geoname/update?id=627904,https://confideline.com/city/grodno,,,,,,1,1,ok,unknown,./files/cities/grodno/grodno-ru-ru-fields.txt,./files/cities/grodno/grodno-ru-ru-html-description.txt,ok,unknown,./files/cities/grodno/grodno-en-us-fields.txt,./files/cities/grodno/grodno-en-us-html-description.txt,ok,unknown,./files/cities/grodno/grodno-es-es-fields.txt,./files/cities/grodno/grodno-es-es-html-description.txt,ok,unknown,./files/cities/grodno/grodno-it-it-fields.txt,./files/cities/grodno/grodno-it-it-html-description.txt,ok,unknown,./files/cities/grodno/grodno-de-de-fields.txt,./files/cities/grodno/grodno-de-de-html-description.txt,ok,unknown,./files/cities/grodno/grodno-pt-br-fields.txt,./files/cities/grodno/grodno-pt-br-html-description.txt
